source_dir,architecture,dataset,main_task,sensitive_task,embedding_size,config_hash,budget,is_final_budget_for_config,reached_experiment_max_budget,head,loss,optimizer,batch_size,weight_decay,lr,MA,PR_raw,PR
hpo-resnet-gender-race-ADD,Baseline,FairFace,GENDER,race,4608,010bc6,13,False,False,ArcFace,Focal,Adam,74,9.20288469e-05,0.0074381593279,0.5287618805911091,0.14285714285714285,0.0
hpo-resnet-gender-race-ADD,Baseline,FairFace,GENDER,race,4608,010bc6,40,False,False,ArcFace,Focal,Adam,74,9.20288469e-05,0.0074381593279,0.5287618823309203,0.14285714285714285,0.0
hpo-resnet-gender-race-ADD,Baseline,FairFace,GENDER,race,4608,010bc6,120,True,True,ArcFace,Focal,Adam,74,9.20288469e-05,0.0074381593279,0.5286705752965566,0.14285714285714285,0.0
hpo-resnet-gender-race-ADD,Baseline,FairFace,GENDER,race,4608,01a6b6,120,True,True,ArcFace,Focal,SGD,87,0.0018186512087,0.2360667545026,0.5288408514458364,0.14285714285714285,0.0
hpo-resnet-gender-race-ADD,Baseline,FairFace,GENDER,race,4608,072d2b,120,True,True,ArcFace,Focal,SGD,91,2.28343336e-05,0.4805212083312,0.8636488753581735,0.2666381190627344,0.12378097620559153
hpo-resnet-gender-race-ADD,Baseline,FairFace,GENDER,race,4608,191eef,40,True,False,Baseline,Focal,SGD,98,0.0012974053952,0.113604690134,0.8584240753447528,0.3125075654840214,0.16965042262687857
hpo-resnet-gender-race-ADD,Baseline,FairFace,GENDER,race,4608,193039,40,True,False,Baseline,CrossEntropy,Adam,96,0.0599377730775,0.0001614461281,0.5287828754960445,0.14285714285714285,0.0
hpo-resnet-gender-race-ADD,Baseline,FairFace,GENDER,race,4608,1aabfb,40,True,False,ArcFace,CrossEntropy,SGD,91,5.44992933e-05,0.6508349879382,0.6824874598499189,0.20567280062600948,0.06281565776886663
hpo-resnet-gender-race-ADD,Baseline,FairFace,GENDER,race,4608,22ae96,40,False,False,CosFace,Focal,Adam,31,1.95327614e-05,1.08528732e-05,0.864018238485676,0.38059380631816675,0.2377366634610239
hpo-resnet-gender-race-ADD,Baseline,FairFace,GENDER,race,4608,22ae96,120,True,True,CosFace,Focal,Adam,31,1.95327614e-05,1.08528732e-05,0.8670319365932516,0.3710044928712419,0.22814735001409903
hpo-resnet-gender-race-ADD,Baseline,FairFace,GENDER,race,4608,28d01b,13,True,False,Baseline,Focal,Adam,98,0.0520401841498,0.0005426210038,0.5285073619038535,0.14285714285714285,0.0
hpo-resnet-gender-race-ADD,Baseline,FairFace,GENDER,race,4608,29763d,13,True,False,CosFace,CrossEntropy,Adam,99,0.0017427036879,0.0001593449906,0.7841127434974294,0.27793961039780185,0.135082467540659
hpo-resnet-gender-race-ADD,Baseline,FairFace,GENDER,race,4608,29d7fb,40,True,False,ArcFace,Focal,SGD,35,0.0435815434585,0.0225507137772,0.52895504930745,0.14285714285714285,0.0
hpo-resnet-gender-race-ADD,Baseline,FairFace,GENDER,race,4608,2a7557,13,True,False,ArcFace,CrossEntropy,SGD,82,0.0018076844357,0.1097842282845,0.0,0.1991198869637277,0.056262744106584855
hpo-resnet-gender-race-ADD,Baseline,FairFace,GENDER,race,4608,2fb5bb,40,True,False,ArcFace,CrossEntropy,SGD,85,4.171629e-06,0.6144385123649,0.771428561430711,0.21668826529345228,0.07383112243630943
hpo-resnet-gender-race-ADD,Baseline,FairFace,GENDER,race,4608,366987,13,True,False,ArcFace,CrossEntropy,Adam,100,0.0262653162343,0.0010335129013,0.0,0.18613678405909573,0.04327964120195288
hpo-resnet-gender-race-ADD,Baseline,FairFace,GENDER,race,4608,36db92,120,True,True,Baseline,Focal,Adam,98,0.0005835344923,0.001,0.8850553545075147,0.23391972137176792,0.09106257851462507
hpo-resnet-gender-race-ADD,Baseline,FairFace,GENDER,race,4608,39363d,40,True,False,Baseline,Focal,Adam,100,0.0011024901596,0.001,0.5287671232876713,0.14285714285714285,0.0
hpo-resnet-gender-race-ADD,Baseline,FairFace,GENDER,race,4608,3ae50e,40,True,False,Baseline,Focal,Adam,99,0.0026557945921,0.000735353535,0.5285988798269776,0.14285714285714285,0.0
hpo-resnet-gender-race-ADD,Baseline,FairFace,GENDER,race,4608,429dd0,40,True,False,ArcFace,Focal,SGD,91,0.0051139383547,0.5395959834838,0.5288523350625371,0.14285714285714285,0.0
hpo-resnet-gender-race-ADD,Baseline,FairFace,GENDER,race,4608,47163b,40,True,False,CosFace,Focal,SGD,91,0.0493341038217,0.10692767691,0.0,0.14285714285714285,0.0
hpo-resnet-gender-race-ADD,Baseline,FairFace,GENDER,race,4608,51ada4,13,False,False,CosFace,Focal,Adam,50,5.27168976e-05,0.0027223728601,0.7200913242009132,0.2865611004066348,0.14370395754949195
hpo-resnet-gender-race-ADD,Baseline,FairFace,GENDER,race,4608,51ada4,40,True,False,CosFace,Focal,Adam,50,5.27168976e-05,0.0027223728601,0.8270319634703196,0.28293587787146185,0.140078735014319
hpo-resnet-gender-race-ADD,Baseline,FairFace,GENDER,race,4608,5401ec,120,True,True,Baseline,CrossEntropy,Adam,33,0.0006266070188,5.17721082e-05,0.9144736842105263,0.3130446469102229,0.17018750405308003
hpo-resnet-gender-race-ADD,Baseline,FairFace,GENDER,race,4608,576e39,120,True,True,Baseline,Focal,Adam,98,3.2387194e-06,0.0011204600509,0.8866111317450689,0.32051916818911075,0.1776620253319679
hpo-resnet-gender-race-ADD,Baseline,FairFace,GENDER,race,4608,59952c,13,True,False,CosFace,Focal,Adam,99,0.0404038818492,0.0008817382259,0.6611146689102789,0.24308093144623347,0.10022378858909062
hpo-resnet-gender-race-ADD,Baseline,FairFace,GENDER,race,4608,5a9d12,13,True,False,CosFace,Focal,SGD,94,4.86385705e-05,0.0763010683526,0.7408455795484551,0.29438796722423344,0.1515308243670906
hpo-resnet-gender-race-ADD,Baseline,FairFace,GENDER,race,4608,5c678d,13,True,False,ArcFace,CrossEntropy,SGD,33,0.0023350605905,0.0083863720107,0.5145285087719298,0.2550914479375745,0.11223430508043164
hpo-resnet-gender-race-ADD,Baseline,FairFace,GENDER,race,4608,5ffe87,13,False,False,ArcFace,CrossEntropy,SGD,84,2.6982155e-06,0.2800664358695,0.6537545705942007,0.22172810074755733,0.07887095789041448
hpo-resnet-gender-race-ADD,Baseline,FairFace,GENDER,race,4608,5ffe87,40,True,False,ArcFace,CrossEntropy,SGD,84,2.6982155e-06,0.2800664358695,0.8363553091195913,0.22561847185544592,0.08276132899830307
hpo-resnet-gender-race-ADD,Baseline,FairFace,GENDER,race,4608,6e16ea,13,True,False,CosFace,CrossEntropy,SGD,31,0.0986813387889,0.0001890897475,0.679178058362987,0.2744210338131337,0.13156389095599086
hpo-resnet-gender-race-ADD,Baseline,FairFace,GENDER,race,4608,73dae3,13,True,False,ArcFace,CrossEntropy,Adam,100,0.0017647822009,0.0009355447403,0.3891324200913242,0.22619935527085322,0.08334221241371037
hpo-resnet-gender-race-ADD,Baseline,FairFace,GENDER,race,4608,7697bc,13,False,False,Baseline,Focal,Adam,97,0.0017412429067,0.000263526404,0.7986110854567143,0.25645054443318627,0.11359340157604342
hpo-resnet-gender-race-ADD,Baseline,FairFace,GENDER,race,4608,7697bc,40,True,False,Baseline,Focal,Adam,97,0.0017412429067,0.000263526404,0.8786549461097048,0.22104127404133217,0.07818413118418932
hpo-resnet-gender-race-ADD,Baseline,FairFace,GENDER,race,4608,79304a,13,False,False,ArcFace,Focal,SGD,76,2.10693347e-05,0.1057856540281,0.685215632253223,0.2344431852239181,0.09158604236677526
hpo-resnet-gender-race-ADD,Baseline,FairFace,GENDER,race,4608,79304a,40,True,False,ArcFace,Focal,SGD,76,2.10693347e-05,0.1057856540281,0.8341556941138373,0.2511903859962194,0.10833324313907655
hpo-resnet-gender-race-ADD,Baseline,FairFace,GENDER,race,4608,863c2b,13,True,False,CosFace,Focal,Adam,99,0.003900829224,0.0009529949672,0.6701747979818439,0.25247477902900123,0.10961763617185838
hpo-resnet-gender-race-ADD,Baseline,FairFace,GENDER,race,4608,8b5470,13,True,False,Baseline,Focal,Adam,99,0.0021282453406,0.0007678350102,0.5285073609630089,0.14285714285714285,0.0
hpo-resnet-gender-race-ADD,Baseline,FairFace,GENDER,race,4608,8d3335,13,True,False,CosFace,Focal,SGD,86,0.0254193226183,0.1071153140715,0.0,0.14285714285714285,0.0
hpo-resnet-gender-race-ADD,Baseline,FairFace,GENDER,race,4608,92788c,13,False,False,CosFace,Focal,Adam,67,1.3991094e-06,0.0020871033936,0.711434581445423,0.294270912806053,0.15141376994891015
hpo-resnet-gender-race-ADD,Baseline,FairFace,GENDER,race,4608,92788c,40,False,False,CosFace,Focal,Adam,67,1.3991094e-06,0.0020871033936,0.8380481405344615,0.2954544419457301,0.15259729908858727
hpo-resnet-gender-race-ADD,Baseline,FairFace,GENDER,race,4608,92788c,120,True,True,CosFace,Focal,Adam,67,1.3991094e-06,0.0020871033936,0.8797033555414021,0.3136103543088345,0.17075321145169164
hpo-resnet-gender-race-ADD,Baseline,FairFace,GENDER,race,4608,95c26a,40,True,False,Baseline,Focal,Adam,90,0.0124459416892,0.000263243157,0.5286694373613523,0.14285714285714285,0.0
hpo-resnet-gender-race-ADD,Baseline,FairFace,GENDER,race,4608,9837a4,13,True,False,Baseline,CrossEntropy,Adam,64,0.0008057142464,0.0049305105827,0.5289656432748537,0.14285714285714285,0.0
hpo-resnet-gender-race-ADD,Baseline,FairFace,GENDER,race,4608,98e50a,13,True,False,CosFace,Focal,SGD,80,0.0033520085933,0.1095782964078,0.0,0.14285714285714285,0.0
hpo-resnet-gender-race-ADD,Baseline,FairFace,GENDER,race,4608,99076b,13,True,False,CosFace,Focal,SGD,44,2.16497578e-05,0.0013083690547,0.7571794367891921,0.3437610654926914,0.20090392263554857
hpo-resnet-gender-race-ADD,Baseline,FairFace,GENDER,race,4608,99ddb1,13,True,False,Baseline,CrossEntropy,Adam,38,0.0006118629849,0.0016607633644,0.7616045239898894,0.2488252404637865,0.10596809760664366
hpo-resnet-gender-race-ADD,Baseline,FairFace,GENDER,race,4608,9b7f4c,120,True,True,Baseline,Focal,SGD,97,0.0024556521886,0.1,0.9006761440477874,0.24854173005692146,0.1056845871997786
hpo-resnet-gender-race-ADD,Baseline,FairFace,GENDER,race,4608,a3e179,13,False,False,CosFace,CrossEntropy,SGD,71,0.0012728514405,0.001015753153,0.7756410422691933,0.32972549478471996,0.18686835192757711
hpo-resnet-gender-race-ADD,Baseline,FairFace,GENDER,race,4608,a3e179,40,True,False,CosFace,CrossEntropy,SGD,71,0.0012728514405,0.001015753153,0.8571428796572563,0.34229751602658204,0.1994403731694392
hpo-resnet-gender-race-ADD,Baseline,FairFace,GENDER,race,4608,a4e467,13,True,False,ArcFace,Focal,SGD,77,0.0102800163437,0.108306658349,0.5286915122800403,0.14285714285714285,0.0
hpo-resnet-gender-race-ADD,Baseline,FairFace,GENDER,race,4608,a68eed,40,True,False,ArcFace,Focal,SGD,88,0.0930973054776,0.1103741002644,0.5284090862735625,0.14285714285714285,0.0
hpo-resnet-gender-race-ADD,Baseline,FairFace,GENDER,race,4608,ab193d,40,True,False,ArcFace,Focal,SGD,83,1.26801324e-05,0.9041922986434,0.7814926643228709,0.21667958485227481,0.07382244199513197
hpo-resnet-gender-race-ADD,Baseline,FairFace,GENDER,race,4608,af4deb,13,True,False,CosFace,Focal,Adam,48,1.047596e-06,0.0021677240041,0.7345577209874203,0.31684302613131604,0.1739858832741732
hpo-resnet-gender-race-ADD,Baseline,FairFace,GENDER,race,4608,b4769e,13,True,False,Baseline,CrossEntropy,Adam,85,0.0006117647025,0.0016523126421,0.7979853427593525,0.24026106440859812,0.09740392155145527
hpo-resnet-gender-race-ADD,Baseline,FairFace,GENDER,race,4608,b7da02,13,True,False,CosFace,CrossEntropy,Adam,97,6.93757513e-05,0.002527739156,0.728070150341904,0.26845051480670434,0.1255933719495615
hpo-resnet-gender-race-ADD,Baseline,FairFace,GENDER,race,4608,c108a8,13,True,False,Baseline,Focal,Adam,85,0.0006969034623,0.0004689057384,0.797344316482544,0.24924630938260786,0.10638916652546501
hpo-resnet-gender-race-ADD,Baseline,FairFace,GENDER,race,4608,c376a7,13,True,False,Baseline,Focal,Adam,98,0.0037740937838,0.000321025612,0.5288734288921271,0.14285714285714285,0.0
hpo-resnet-gender-race-ADD,Baseline,FairFace,GENDER,race,4608,c3e34e,40,True,False,CosFace,Focal,SGD,82,0.090634152629,0.1061360507324,0.0,0.14285714285714285,0.0
hpo-resnet-gender-race-ADD,Baseline,FairFace,GENDER,race,4608,c48ec7,13,True,False,Baseline,CrossEntropy,Adam,100,0.0102163013954,0.0009319236532,0.5287671232876713,0.14285714285714285,0.0
hpo-resnet-gender-race-ADD,Baseline,FairFace,GENDER,race,4608,cd2cac,40,False,False,Baseline,Focal,SGD,98,1.4406216e-06,0.047597952878,0.9124187596068789,0.47678643662767994,0.3339292937705371
hpo-resnet-gender-race-ADD,Baseline,FairFace,GENDER,race,4608,cd2cac,120,True,True,Baseline,Focal,SGD,98,1.4406216e-06,0.047597952878,0.9117781446653632,0.48617165084000996,0.3433145079828671
hpo-resnet-gender-race-ADD,Baseline,FairFace,GENDER,race,4608,cf70e7,40,True,False,CosFace,Focal,SGD,78,0.0519736814766,0.1069414354995,0.0,0.14285714285714285,0.0
hpo-resnet-gender-race-ADD,Baseline,FairFace,GENDER,race,4608,d0a093,13,False,False,Baseline,Focal,Adam,99,0.0023291854,0.0009073838195,0.5287819108834716,0.14285714285714285,0.0
hpo-resnet-gender-race-ADD,Baseline,FairFace,GENDER,race,4608,d0a093,40,True,False,Baseline,Focal,Adam,99,0.0023291854,0.0009073838195,0.5289649450190933,0.14285714285714285,0.0
hpo-resnet-gender-race-ADD,Baseline,FairFace,GENDER,race,4608,d72ba1,120,True,True,ArcFace,Focal,SGD,83,0.0039949070065,0.3346218124622,0.5289120422677601,0.14285714285714285,0.0
hpo-resnet-gender-race-ADD,Baseline,FairFace,GENDER,race,4608,dd2ec6,120,True,True,Baseline,Focal,Adam,67,0.0006097864104,0.0001523855938,0.9059781893358491,0.25309061896667323,0.11023347610953038
hpo-resnet-gender-race-ADD,Baseline,FairFace,GENDER,race,4608,dd2f84,40,True,False,Baseline,Focal,SGD,99,1.6153433e-06,0.1,0.5283243297354523,0.3050111825914791,0.16215403973433623
hpo-resnet-gender-race-ADD,Baseline,FairFace,GENDER,race,4608,e2bf1f,120,True,True,Baseline,Focal,SGD,94,0.0001553247098,0.0001406157744,0.831613548180576,0.4368300998897416,0.29397295703259874
hpo-resnet-gender-race-ADD,Baseline,FairFace,GENDER,race,4608,e3e379,13,False,False,ArcFace,Focal,SGD,93,0.0099350721759,0.1097803585937,0.5287723690321466,0.14285714285714285,0.0
hpo-resnet-gender-race-ADD,Baseline,FairFace,GENDER,race,4608,e3e379,40,False,False,ArcFace,Focal,SGD,93,0.0099350721759,0.1097803585937,0.5286810270678095,0.14285714285714285,0.0
hpo-resnet-gender-race-ADD,Baseline,FairFace,GENDER,race,4608,e3e379,120,True,True,ArcFace,Focal,SGD,93,0.0099350721759,0.1097803585937,0.5286810278692166,0.14285714285714285,0.0
hpo-resnet-gender-race-ADD,Baseline,FairFace,GENDER,race,4608,e59892,13,True,False,ArcFace,CrossEntropy,SGD,78,0.0091706546591,0.1070141277805,0.5286630232674735,0.14285714285714285,0.0
hpo-resnet-gender-race-ADD,Baseline,FairFace,GENDER,race,4608,ed32c3,13,True,False,ArcFace,CrossEntropy,SGD,85,4.6394691e-06,0.9180642509599,0.3176739905430721,0.1798448896102101,0.03698774675306726
hpo-resnet-gender-race-ADD,Baseline,FairFace,GENDER,race,4608,ef1494,40,True,False,Baseline,Focal,SGD,98,2.92717664e-05,0.1,0.5295140436625801,0.35789334164537845,0.2150361987882356
hpo-resnet-gender-race-ADD,Baseline,FairFace,GENDER,race,4608,f0cb1c,13,True,False,ArcFace,Focal,SGD,77,0.0151493436634,0.0519419345275,0.5286915108892652,0.14285714285714285,0.0
hpo-resnet-gender-race-ADD,Baseline,FairFace,GENDER,race,4608,f6f8be,40,True,False,Baseline,CrossEntropy,Adam,97,0.0019897238075,0.0007566746164,0.5286001260657059,0.14285714285714285,0.0
hpo-resnet-gender-race-ADD,Baseline,FairFace,GENDER,race,4608,f70b4f,13,True,False,Baseline,CrossEntropy,SGD,91,0.0019876598277,0.0992383074541,0.7388203307728709,0.2969493209880682,0.15409217813092535
hpo-resnet-gender-race-ADD,Baseline,FairFace,GENDER,race,4608,fdf6b6,40,False,False,ArcFace,Focal,SGD,78,0.0245956173642,0.1077825904453,0.5284798727035522,0.14285714285714285,0.0
hpo-resnet-gender-race-ADD,Baseline,FairFace,GENDER,race,4608,fdf6b6,120,True,True,ArcFace,Focal,SGD,78,0.0245956173642,0.1077825904453,0.5285714481898717,0.14285714285714285,0.0
hpo-resnet-gender-age-ADD,Baseline,FairFace,GENDER,age,4608,010bc6,13,False,False,ArcFace,Focal,Adam,74,9.20288469e-05,0.0074381593279,0.5287618831686072,0.1111111111111111,0.0
hpo-resnet-gender-age-ADD,Baseline,FairFace,GENDER,age,4608,010bc6,40,True,False,ArcFace,Focal,Adam,74,9.20288469e-05,0.0074381593279,0.5287618833619195,0.1111111111111111,0.0
hpo-resnet-gender-age-ADD,Baseline,FairFace,GENDER,age,4608,02b5cf,13,True,False,Baseline,CrossEntropy,Adam,57,0.0004688894038,0.0062185086632,0.5165326942873123,0.1111111111111111,0.0
hpo-resnet-gender-age-ADD,Baseline,FairFace,GENDER,age,4608,0317c8,120,True,True,Baseline,CrossEntropy,Adam,91,0.0014143904589,0.000377637176,0.89922271791309,0.25917682937269637,0.14806571826158527
hpo-resnet-gender-age-ADD,Baseline,FairFace,GENDER,age,4608,075994,13,True,False,ArcFace,Focal,Adam,95,0.0016307553565,0.0041073218184,0.2641767836640321,0.21335716297568355,0.10224605186457245
hpo-resnet-gender-age-ADD,Baseline,FairFace,GENDER,age,4608,0913c5,13,True,False,CosFace,Focal,Adam,50,0.0040664912016,0.0084909128453,0.539269406392694,0.2241311577767838,0.1130200466656727
hpo-resnet-gender-age-ADD,Baseline,FairFace,GENDER,age,4608,0eb9b5,13,True,False,CosFace,CrossEntropy,Adam,42,0.0039544042713,0.0031202294506,0.5456539586775591,0.2207232610263667,0.10961214991525559
hpo-resnet-gender-age-ADD,Baseline,FairFace,GENDER,age,4608,17e802,40,True,False,CosFace,Focal,Adam,99,0.006006614931,0.0024941780478,0.7151093622387258,0.2471404546280487,0.1360293435169376
hpo-resnet-gender-age-ADD,Baseline,FairFace,GENDER,age,4608,22ae96,40,False,False,CosFace,Focal,Adam,31,1.95327614e-05,1.08528732e-05,0.8556164118100519,0.3636770124687176,0.2525659013576065
hpo-resnet-gender-age-ADD,Baseline,FairFace,GENDER,age,4608,22ae96,120,True,True,CosFace,Focal,Adam,31,1.95327614e-05,1.08528732e-05,0.8673059083598933,0.3480146044408197,0.23690349332970861
hpo-resnet-gender-age-ADD,Baseline,FairFace,GENDER,age,4608,247b5b,13,True,False,Baseline,Focal,Adam,52,0.0016713022661,0.0026760483189,0.528686267100717,0.1111111111111111,0.0
hpo-resnet-gender-age-ADD,Baseline,FairFace,GENDER,age,4608,267d2f,120,True,True,CosFace,Focal,Adam,39,0.0019538550651,0.0052550638574,0.7908442889981799,0.29041892149806336,0.17930781038695226
hpo-resnet-gender-age-ADD,Baseline,FairFace,GENDER,age,4608,29763d,13,True,False,CosFace,CrossEntropy,Adam,99,0.0017427036879,0.0001593449906,0.7803605694621133,0.2974774995208242,0.1863663884097131
hpo-resnet-gender-age-ADD,Baseline,FairFace,GENDER,age,4608,29d7fb,40,True,False,ArcFace,Focal,SGD,35,0.0435815434585,0.0225507137772,0.5287723673056371,0.1111111111111111,0.0
hpo-resnet-gender-age-ADD,Baseline,FairFace,GENDER,age,4608,2dc3c1,120,True,True,CosFace,CrossEntropy,Adam,100,0.0028992622839,0.0026019103992,0.8319634703196347,0.25581557171100244,0.14470446059989134
hpo-resnet-gender-age-ADD,Baseline,FairFace,GENDER,age,4608,364a24,40,True,False,CosFace,Focal,Adam,99,0.001910034299,0.0025540071747,0.7849363925745669,0.27263461883270534,0.16152350772159424
hpo-resnet-gender-age-ADD,Baseline,FairFace,GENDER,age,4608,3a34df,13,False,False,CosFace,Focal,Adam,93,0.0016040943005,0.0039683509546,0.6143587747141093,0.23058847202271002,0.11947736091159891
hpo-resnet-gender-age-ADD,Baseline,FairFace,GENDER,age,4608,3a34df,40,True,False,CosFace,Focal,Adam,93,0.0016040943005,0.0039683509546,0.7424186863618739,0.23635837106658789,0.12524725995547678
hpo-resnet-gender-age-ADD,Baseline,FairFace,GENDER,age,4608,418a77,40,True,False,Baseline,CrossEntropy,Adam,92,0.0018463718928,0.0001043221418,0.897606849990973,0.274468104750331,0.1633569936392199
hpo-resnet-gender-age-ADD,Baseline,FairFace,GENDER,age,4608,429129,40,True,False,ArcFace,Focal,Adam,94,0.0017375921981,0.0044187961132,0.5288101476251823,0.1111111111111111,0.0
hpo-resnet-gender-age-ADD,Baseline,FairFace,GENDER,age,4608,489016,40,True,False,CosFace,CrossEntropy,Adam,99,0.0015880026301,0.0026821442884,0.7853939714987717,0.2616467148939999,0.15053560378288877
hpo-resnet-gender-age-ADD,Baseline,FairFace,GENDER,age,4608,50bb23,40,True,False,Baseline,CrossEntropy,Adam,92,0.0008783494322,0.0009249976408,0.8374132105082023,0.2630458550209192,0.1519347439098081
hpo-resnet-gender-age-ADD,Baseline,FairFace,GENDER,age,4608,512831,13,True,False,Baseline,CrossEntropy,Adam,100,0.0050217302615,0.0025693716526,0.528675799086758,0.1111111111111111,0.0
hpo-resnet-gender-age-ADD,Baseline,FairFace,GENDER,age,4608,51ada4,13,True,False,CosFace,Focal,Adam,50,5.27168976e-05,0.0027223728601,0.6995433789954337,0.2918931886617869,0.18078207755067577
hpo-resnet-gender-age-ADD,Baseline,FairFace,GENDER,age,4608,537114,40,False,False,Baseline,CrossEntropy,Adam,99,0.0013647288521,0.0025369873002,0.8027820908756,0.20866091746445048,0.09754980635333937
hpo-resnet-gender-age-ADD,Baseline,FairFace,GENDER,age,4608,537114,120,True,True,Baseline,CrossEntropy,Adam,99,0.0013647288521,0.0025369873002,0.8444220682323781,0.2550442192305409,0.14393310811942978
hpo-resnet-gender-age-ADD,Baseline,FairFace,GENDER,age,4608,5a9d12,13,True,False,CosFace,Focal,SGD,94,4.86385705e-05,0.0763010683526,0.7298876776306414,0.2840856075808482,0.17297449646973712
hpo-resnet-gender-age-ADD,Baseline,FairFace,GENDER,age,4608,5c678d,13,True,False,ArcFace,CrossEntropy,SGD,33,0.0023350605905,0.0083863720107,0.5529970760233919,0.23646000161487787,0.12534889050376677
hpo-resnet-gender-age-ADD,Baseline,FairFace,GENDER,age,4608,65da93,40,False,False,Baseline,CrossEntropy,Adam,100,0.0019433856512,0.002527739156,0.5288584474885845,0.1111111111111111,0.0
hpo-resnet-gender-age-ADD,Baseline,FairFace,GENDER,age,4608,65da93,120,True,True,Baseline,CrossEntropy,Adam,100,0.0019433856512,0.002527739156,0.5288584474885845,0.1111111111111111,0.0
hpo-resnet-gender-age-ADD,Baseline,FairFace,GENDER,age,4608,660be5,40,True,False,Baseline,CrossEntropy,Adam,95,0.0016428376577,0.0038184582166,0.7752716622741437,0.21554940781791357,0.10443829670680246
hpo-resnet-gender-age-ADD,Baseline,FairFace,GENDER,age,4608,678e28,13,True,False,CosFace,CrossEntropy,Adam,73,0.0017624745997,0.0033860615879,0.6503106473621569,0.23476339177014335,0.12365228065903225
hpo-resnet-gender-age-ADD,Baseline,FairFace,GENDER,age,4608,6a0ead,120,True,True,Baseline,CrossEntropy,Adam,92,0.0005971200396,0.0010117131567,0.8906649434065618,0.2558196414529995,0.1447085303418884
hpo-resnet-gender-age-ADD,Baseline,FairFace,GENDER,age,4608,6c2828,40,True,False,ArcFace,CrossEntropy,Adam,80,0.0016453652791,0.0033689843143,0.5288461538461539,0.1111111111111111,0.0
hpo-resnet-gender-age-ADD,Baseline,FairFace,GENDER,age,4608,6e16ea,13,True,False,CosFace,CrossEntropy,SGD,31,0.0986813387889,0.0001890897475,0.603926923307654,0.2740864736288038,0.16297536251769268
hpo-resnet-gender-age-ADD,Baseline,FairFace,GENDER,age,4608,7697bc,13,False,False,Baseline,Focal,Adam,97,0.0017412429067,0.000263526404,0.7855445671081543,0.2267732308299154,0.1156621197188043
hpo-resnet-gender-age-ADD,Baseline,FairFace,GENDER,age,4608,7697bc,40,False,False,Baseline,Focal,Adam,97,0.0017412429067,0.000263526404,0.8613852072598641,0.24267736463705564,0.13156625352594453
hpo-resnet-gender-age-ADD,Baseline,FairFace,GENDER,age,4608,7697bc,120,True,True,Baseline,Focal,Adam,97,0.0017412429067,0.000263526404,0.877832577019407,0.24101057709155352,0.1298994659804424
hpo-resnet-gender-age-ADD,Baseline,FairFace,GENDER,age,4608,79304a,13,True,False,ArcFace,Focal,SGD,76,2.10693347e-05,0.1057856540281,0.28463084373209213,0.18623307430154268,0.07512196319043157
hpo-resnet-gender-age-ADD,Baseline,FairFace,GENDER,age,4608,7deab6,40,True,False,ArcFace,CrossEntropy,Adam,79,0.0015880026301,0.0035104390821,0.5285714475086757,0.1111111111111111,0.0
hpo-resnet-gender-age-ADD,Baseline,FairFace,GENDER,age,4608,8b7d37,40,True,False,Baseline,CrossEntropy,Adam,96,0.0003877051058,0.0017541379498,0.8379020202369021,0.2529562599622748,0.14184514885116367
hpo-resnet-gender-age-ADD,Baseline,FairFace,GENDER,age,4608,8c9511,13,False,False,Baseline,Focal,Adam,100,0.0015992238023,0.0023978272577,0.5287671232876713,0.1111111111111111,0.0
hpo-resnet-gender-age-ADD,Baseline,FairFace,GENDER,age,4608,8c9511,40,False,False,Baseline,Focal,Adam,100,0.0015992238023,0.0023978272577,0.5288584474885845,0.1111111111111111,0.0
hpo-resnet-gender-age-ADD,Baseline,FairFace,GENDER,age,4608,8c9511,120,True,True,Baseline,Focal,Adam,100,0.0015992238023,0.0023978272577,0.5287671232876713,0.1111111111111111,0.0
hpo-resnet-gender-age-ADD,Baseline,FairFace,GENDER,age,4608,8ed505,13,True,False,ArcFace,CrossEntropy,Adam,35,0.0014198465993,0.0065042035066,0.5288637092542945,0.1111111111111111,0.0
hpo-resnet-gender-age-ADD,Baseline,FairFace,GENDER,age,4608,8fa1a1,120,True,True,CosFace,CrossEntropy,Adam,32,0.0016365243118,0.0026627037717,0.8135051169590644,0.27406809551128153,0.16295698440017042
hpo-resnet-gender-age-ADD,Baseline,FairFace,GENDER,age,4608,9219f8,120,True,True,CosFace,Focal,Adam,100,0.0105434923426,0.0024910312359,0.8114155251141553,0.2683796013726688,0.1572684902615577
hpo-resnet-gender-age-ADD,Baseline,FairFace,GENDER,age,4608,92788c,13,False,False,CosFace,Focal,Adam,67,1.3991094e-06,0.0020871033936,0.74439256143714,0.30939065143142486,0.19827954032031375
hpo-resnet-gender-age-ADD,Baseline,FairFace,GENDER,age,4608,92788c,40,False,False,CosFace,Focal,Adam,67,1.3991094e-06,0.0020871033936,0.8538862755075323,0.31548210535814203,0.20437099424703092
hpo-resnet-gender-age-ADD,Baseline,FairFace,GENDER,age,4608,92788c,120,True,True,CosFace,Focal,Adam,67,1.3991094e-06,0.0020871033936,0.8806188545342298,0.3387276056210291,0.227616494509918
hpo-resnet-gender-age-ADD,Baseline,FairFace,GENDER,age,4608,943c51,13,True,False,ArcFace,CrossEntropy,Adam,73,0.0014281489697,0.0030646712652,0.5288742490818626,0.1111111111111111,0.0
hpo-resnet-gender-age-ADD,Baseline,FairFace,GENDER,age,4608,95c26a,40,True,False,Baseline,Focal,Adam,90,0.0124459416892,0.000263243157,0.5286694370473853,0.1111111111111111,0.0
hpo-resnet-gender-age-ADD,Baseline,FairFace,GENDER,age,4608,99076b,13,True,False,CosFace,Focal,SGD,44,2.16497578e-05,0.0013083690547,0.7589171341679226,0.33457870359911196,0.22346759248800085
hpo-resnet-gender-age-ADD,Baseline,FairFace,GENDER,age,4608,9b4399,120,True,True,Baseline,CrossEntropy,Adam,77,0.0014262160413,0.0068309255577,0.5288742615116967,0.1111111111111111,0.0
hpo-resnet-gender-age-ADD,Baseline,FairFace,GENDER,age,4608,9ff220,13,True,False,Baseline,Focal,Adam,99,0.0016023909672,0.0026182874533,0.528598878886133,0.1111111111111111,0.0
hpo-resnet-gender-age-ADD,Baseline,FairFace,GENDER,age,4608,a16280,40,True,False,Baseline,Focal,Adam,55,0.0019091702259,0.0048983959749,0.5285779539979534,0.1111111111111111,0.0
hpo-resnet-gender-age-ADD,Baseline,FairFace,GENDER,age,4608,a3e179,13,False,False,CosFace,CrossEntropy,SGD,71,0.0012728514405,0.001015753153,0.7967033138030615,0.3335662590584724,0.22245514794736132
hpo-resnet-gender-age-ADD,Baseline,FairFace,GENDER,age,4608,a3e179,40,True,False,CosFace,CrossEntropy,SGD,71,0.0012728514405,0.001015753153,0.8590659584143223,0.34850960769866546,0.23739849658755435
hpo-resnet-gender-age-ADD,Baseline,FairFace,GENDER,age,4608,a69d02,120,True,True,Baseline,CrossEntropy,Adam,91,0.0014281489697,0.0026861480647,0.8506630508987992,0.2359512945767215,0.1248401834656104
hpo-resnet-gender-age-ADD,Baseline,FairFace,GENDER,age,4608,aa0b87,13,True,False,CosFace,CrossEntropy,Adam,63,0.0001410391345,0.0056321326186,0.6391300429433331,0.26636137443759594,0.15525026332648484
hpo-resnet-gender-age-ADD,Baseline,FairFace,GENDER,age,4608,ad1172,13,True,False,CosFace,CrossEntropy,Adam,42,0.0021836286547,0.005020231197,0.4915455606207966,0.2224407001791237,0.1113295890680126
hpo-resnet-gender-age-ADD,Baseline,FairFace,GENDER,age,4608,af4deb,13,True,False,CosFace,Focal,Adam,48,1.047596e-06,0.0021677240041,0.6968201486687912,0.3049516090010564,0.19384049788994528
hpo-resnet-gender-age-ADD,Baseline,FairFace,GENDER,age,4608,b0576e,40,True,False,ArcFace,Focal,Adam,94,0.0017355078975,0.0057353473414,0.5286275169470791,0.1111111111111111,0.0
hpo-resnet-gender-age-ADD,Baseline,FairFace,GENDER,age,4608,b7da02,13,True,False,CosFace,CrossEntropy,Adam,97,6.93757513e-05,0.002527739156,0.7622441249981261,0.2712706165996032,0.16015950548849212
hpo-resnet-gender-age-ADD,Baseline,FairFace,GENDER,age,4608,bc102f,13,True,False,ArcFace,Focal,Adam,99,0.0072999967604,0.002563288559,0.23675299529002924,0.18021527651901398,0.06910416540790287
hpo-resnet-gender-age-ADD,Baseline,FairFace,GENDER,age,4608,cdedc7,13,True,False,ArcFace,CrossEntropy,Adam,99,0.0027391973449,0.0026760483189,0.2622860774224114,0.19614666686823506,0.08503555575712396
hpo-resnet-gender-age-ADD,Baseline,FairFace,GENDER,age,4608,ce0b58,13,False,False,Baseline,CrossEntropy,Adam,84,0.0063069378728,0.0095277121243,0.5293956005389874,0.1111111111111111,0.0
hpo-resnet-gender-age-ADD,Baseline,FairFace,GENDER,age,4608,ce0b58,40,True,False,Baseline,CrossEntropy,Adam,84,0.0063069378728,0.0095277121243,0.5289377249204196,0.1111111111111111,0.0
hpo-resnet-gender-age-ADD,Baseline,FairFace,GENDER,age,4608,d1e1b6,40,True,False,CosFace,CrossEntropy,Adam,39,0.0014667149711,0.0039147057038,0.7302631490098105,0.2641431848258312,0.1530320737147201
hpo-resnet-gender-age-ADD,Baseline,FairFace,GENDER,age,4608,d3d9dd,13,True,False,CosFace,CrossEntropy,Adam,76,0.0004831868842,0.0042277714133,0.6635599325762854,0.2552963056347404,0.14418519452362927
hpo-resnet-gender-age-ADD,Baseline,FairFace,GENDER,age,4608,e21116,40,True,False,CosFace,CrossEntropy,Adam,100,0.0039907052416,0.0026861480647,0.7582648401826484,0.2403136495122659,0.12920253840115478
hpo-resnet-gender-age-ADD,Baseline,FairFace,GENDER,age,4608,e2bf1f,120,True,True,Baseline,Focal,SGD,94,0.0001553247098,0.0001406157744,0.8345356554023187,0.33821002329015665,0.22709891217904554
hpo-resnet-gender-age-ADD,Baseline,FairFace,GENDER,age,4608,f0cb1c,13,False,False,ArcFace,Focal,SGD,77,0.0151493436634,0.0519419345275,0.5285087636444303,0.1111111111111111,0.0
hpo-resnet-gender-age-ADD,Baseline,FairFace,GENDER,age,4608,f0cb1c,40,True,False,ArcFace,Focal,SGD,77,0.0151493436634,0.0519419345275,0.529057010213534,0.1111111111111111,0.0
hpo-resnet-gender-age-ADD,Baseline,FairFace,GENDER,age,4608,f6b52a,40,True,False,CosFace,Focal,Adam,30,0.0017793791648,0.0090342740747,0.6270319447190794,0.2532414892008197,0.14213037808970858
hpo-resnet-gender-age-ADD,Baseline,FairFace,GENDER,age,4608,f70b4f,13,True,False,Baseline,CrossEntropy,SGD,91,0.0019876598277,0.0992383074541,0.7240969696358889,0.24633526790132018,0.13522415679020908
hpo-resnet-gender-age-ADD,Baseline,FairFace,GENDER,age,4608,fadc6b,13,False,False,CosFace,CrossEntropy,Adam,99,0.0021169921992,0.0025943369734,0.6754827482283383,0.2560393897670257,0.14492827865591462
hpo-resnet-gender-age-ADD,Baseline,FairFace,GENDER,age,4608,fadc6b,40,True,False,CosFace,CrossEntropy,Adam,99,0.0021169921992,0.0025943369734,0.7746865507733126,0.23907568549750924,0.12796457438639813
hpo-resnet-gender-age-ADD,Baseline,FairFace,GENDER,age,4608,fdbf03,13,True,False,Baseline,Focal,Adam,79,0.0040700899992,0.0054035722407,0.5287545988900321,0.1111111111111111,0.0
hpo-resnet-gender-age-ADD,Baseline,FairFace,GENDER,age,4608,fdddbf,13,True,False,ArcFace,CrossEntropy,Adam,31,0.001427370767,0.0031391078985,0.5286757846662443,0.1111111111111111,0.0
hpo-resnet-age-gender-ADD,Baseline,FairFace,AGE,gender,4608,010bc6,13,True,False,ArcFace,Focal,Adam,74,9.20288469e-05,0.0074381593279,0.0,0.6428438549557861,0.1428438549557861
hpo-resnet-age-gender-ADD,Baseline,FairFace,AGE,gender,4608,0611ae,120,True,True,Baseline,Focal,Adam,54,0.0014036163917,0.0004506725098,0.4126200223852088,0.6665610865418988,0.16656108654189883
hpo-resnet-age-gender-ADD,Baseline,FairFace,AGE,gender,4608,067936,120,True,True,Baseline,CrossEntropy,Adam,100,0.0001698259311,0.0007766276958,0.5141552511415525,0.7367491480453205,0.23674914804532055
hpo-resnet-age-gender-ADD,Baseline,FairFace,AGE,gender,4608,06a7e2,13,True,False,Baseline,CrossEntropy,Adam,77,0.007055697716,0.0011859404557,0.30116958671145966,0.5,0.0
hpo-resnet-age-gender-ADD,Baseline,FairFace,AGE,gender,4608,09d5b1,120,True,True,CosFace,Focal,Adam,85,0.0008049374918,0.0017070493149,0.2527472514372606,0.7194095357382144,0.21940953573821442
hpo-resnet-age-gender-ADD,Baseline,FairFace,AGE,gender,4608,125894,120,True,True,CosFace,CrossEntropy,Adam,78,0.0032247841478,0.0036641953974,0.15064102986880712,0.6953766006259084,0.19537660062590845
hpo-resnet-age-gender-ADD,Baseline,FairFace,AGE,gender,4608,22ae96,40,True,False,CosFace,Focal,Adam,31,1.95327614e-05,1.08528732e-05,0.2896803590630832,0.7553992694702683,0.25539926947026825
hpo-resnet-age-gender-ADD,Baseline,FairFace,AGE,gender,4608,2474f3,40,True,False,Baseline,CrossEntropy,Adam,100,0.0153318471288,0.0005445399155,0.30118721461187214,0.5,0.0
hpo-resnet-age-gender-ADD,Baseline,FairFace,AGE,gender,4608,2834fd,13,False,False,Baseline,Focal,Adam,60,1.47719117e-05,0.0015264790916,0.3004566111891237,0.613462489377324,0.11346248937732395
hpo-resnet-age-gender-ADD,Baseline,FairFace,AGE,gender,4608,2834fd,40,False,False,Baseline,Focal,Adam,60,1.47719117e-05,0.0015264790916,0.12383561379942176,0.5678339480393269,0.06783394803932685
hpo-resnet-age-gender-ADD,Baseline,FairFace,AGE,gender,4608,2834fd,120,True,True,Baseline,Focal,Adam,60,1.47719117e-05,0.0015264790916,0.5116894850534935,0.7503747035283339,0.2503747035283339
hpo-resnet-age-gender-ADD,Baseline,FairFace,AGE,gender,4608,29763d,13,True,False,CosFace,CrossEntropy,Adam,99,0.0017427036879,0.0001593449906,0.19090326570074656,0.7376735817523294,0.23767358175232944
hpo-resnet-age-gender-ADD,Baseline,FairFace,AGE,gender,4608,29d7fb,40,True,False,ArcFace,Focal,SGD,35,0.0435815434585,0.0225507137772,0.018176835605076436,0.5,0.0
hpo-resnet-age-gender-ADD,Baseline,FairFace,AGE,gender,4608,38423e,40,True,False,Baseline,CrossEntropy,Adam,99,7.79216767e-05,0.0001219878477,0.4034959239703123,0.6834714437313902,0.18347144373139024
hpo-resnet-age-gender-ADD,Baseline,FairFace,AGE,gender,4608,406c27,120,True,True,Baseline,CrossEntropy,Adam,97,0.0002865530406,0.0030763885663,0.30126095508274275,0.5,0.0
hpo-resnet-age-gender-ADD,Baseline,FairFace,AGE,gender,4608,42dd75,13,False,False,Baseline,CrossEntropy,Adam,40,0.00160422382,0.0003808003479,0.30137111517367465,0.5,0.0
hpo-resnet-age-gender-ADD,Baseline,FairFace,AGE,gender,4608,42dd75,40,True,False,Baseline,CrossEntropy,Adam,40,0.00160422382,0.0003808003479,0.30118829981718465,0.5,0.0
hpo-resnet-age-gender-ADD,Baseline,FairFace,AGE,gender,4608,513ea6,13,False,False,CosFace,CrossEntropy,Adam,67,0.0004834818703,0.0023444529776,0.0,0.5,0.0
hpo-resnet-age-gender-ADD,Baseline,FairFace,AGE,gender,4608,513ea6,40,True,False,CosFace,CrossEntropy,Adam,67,0.0004834818703,0.0023444529776,0.0,0.5,0.0
hpo-resnet-age-gender-ADD,Baseline,FairFace,AGE,gender,4608,51ada4,13,True,False,CosFace,Focal,Adam,50,5.27168976e-05,0.0027223728601,0.11561643835616442,0.6979194873394825,0.1979194873394825
hpo-resnet-age-gender-ADD,Baseline,FairFace,AGE,gender,4608,5a9d12,13,True,False,CosFace,Focal,SGD,94,4.86385705e-05,0.0763010683526,0.09423796741747548,0.7497880816249645,0.24978808162496446
hpo-resnet-age-gender-ADD,Baseline,FairFace,AGE,gender,4608,5c678d,13,True,False,ArcFace,CrossEntropy,SGD,33,0.0023350605905,0.0083863720107,0.0,0.704924500065288,0.20492450006528795
hpo-resnet-age-gender-ADD,Baseline,FairFace,AGE,gender,4608,5d8daf,13,True,False,Baseline,CrossEntropy,Adam,84,0.0018905537669,0.0010855717567,0.300915749513186,0.5,0.0
hpo-resnet-age-gender-ADD,Baseline,FairFace,AGE,gender,4608,5d91ad,40,False,False,Baseline,CrossEntropy,Adam,98,0.0008064332822,0.000754294654,0.4598700427581377,0.651157035529507,0.151157035529507
hpo-resnet-age-gender-ADD,Baseline,FairFace,AGE,gender,4608,5d91ad,120,True,True,Baseline,CrossEntropy,Adam,98,0.0008064332822,0.000754294654,0.479180008755671,0.6478769163628812,0.14787691636288125
hpo-resnet-age-gender-ADD,Baseline,FairFace,AGE,gender,4608,63b28d,40,False,False,Baseline,Focal,Adam,88,0.0012513793411,0.0005026355235,0.3017778581957664,0.5,0.0
hpo-resnet-age-gender-ADD,Baseline,FairFace,AGE,gender,4608,63b28d,120,True,True,Baseline,Focal,Adam,88,0.0012513793411,0.0005026355235,0.30131964675841794,0.5,0.0
hpo-resnet-age-gender-ADD,Baseline,FairFace,AGE,gender,4608,6aa391,13,True,False,ArcFace,CrossEntropy,Adam,68,0.0051565525973,0.0020131149658,0.0,0.6256117069382932,0.12561170693829316
hpo-resnet-age-gender-ADD,Baseline,FairFace,AGE,gender,4608,6d5524,40,False,False,Baseline,Focal,Adam,87,0.0008395790715,0.0024337175834,0.30150154571833565,0.5,0.0
hpo-resnet-age-gender-ADD,Baseline,FairFace,AGE,gender,4608,6d5524,120,True,True,Baseline,Focal,Adam,87,0.0008395790715,0.0024337175834,0.3012268716707005,0.5,0.0
hpo-resnet-age-gender-ADD,Baseline,FairFace,AGE,gender,4608,6e16ea,13,True,False,CosFace,CrossEntropy,SGD,31,0.0986813387889,0.0001890897475,0.043287670285734436,0.7515737681976877,0.25157376819768773
hpo-resnet-age-gender-ADD,Baseline,FairFace,AGE,gender,4608,6f9fb0,120,True,True,CosFace,CrossEntropy,Adam,86,0.0016869680822,0.0006781542015,0.294268438722205,0.7362050034677552,0.2362050034677552
hpo-resnet-age-gender-ADD,Baseline,FairFace,AGE,gender,4608,7697bc,13,False,False,Baseline,Focal,Adam,97,0.0017412429067,0.000263526404,0.39884866990541157,0.6481390048077643,0.14813900480776432
hpo-resnet-age-gender-ADD,Baseline,FairFace,AGE,gender,4608,7697bc,40,True,False,Baseline,Focal,Adam,97,0.0017412429067,0.000263526404,0.4087170925475003,0.6721172210972235,0.1721172210972235
hpo-resnet-age-gender-ADD,Baseline,FairFace,AGE,gender,4608,79304a,13,True,False,ArcFace,Focal,SGD,76,2.10693347e-05,0.1057856540281,0.0,0.728580122805628,0.228580122805628
hpo-resnet-age-gender-ADD,Baseline,FairFace,AGE,gender,4608,8404a4,40,True,False,Baseline,CrossEntropy,Adam,99,0.0012688351297,0.0057404816246,0.30145510951499777,0.5,0.0
hpo-resnet-age-gender-ADD,Baseline,FairFace,AGE,gender,4608,8434c1,120,True,True,Baseline,Focal,Adam,40,0.0015612531823,0.0004661470257,0.49981718464351,0.6852588026397752,0.18525880263977523
hpo-resnet-age-gender-ADD,Baseline,FairFace,AGE,gender,4608,864122,40,True,False,Baseline,Focal,Adam,97,0.0011414779889,0.000503676486,0.3013523290868392,0.5,0.0
hpo-resnet-age-gender-ADD,Baseline,FairFace,AGE,gender,4608,92788c,13,True,False,CosFace,Focal,Adam,67,1.3991094e-06,0.0020871033936,0.10473313066534407,0.7200991400716241,0.22009914007162412
hpo-resnet-age-gender-ADD,Baseline,FairFace,AGE,gender,4608,95c26a,40,True,False,Baseline,Focal,Adam,90,0.0124459416892,0.000263243157,0.3014174798486655,0.5,0.0
hpo-resnet-age-gender-ADD,Baseline,FairFace,AGE,gender,4608,967d03,13,True,False,Baseline,Focal,Adam,95,0.0015453827477,0.0004749107047,0.2825312719631604,0.6366485202638918,0.13664852026389185
hpo-resnet-age-gender-ADD,Baseline,FairFace,AGE,gender,4608,98e960,13,False,False,Baseline,CrossEntropy,Adam,94,0.0014418035448,0.0004335316415,0.30134234031382545,0.5,0.0
hpo-resnet-age-gender-ADD,Baseline,FairFace,AGE,gender,4608,98e960,40,True,False,Baseline,CrossEntropy,Adam,94,0.0014418035448,0.0004335316415,0.3013423390449884,0.5,0.0
hpo-resnet-age-gender-ADD,Baseline,FairFace,AGE,gender,4608,99076b,13,True,False,CosFace,Focal,SGD,44,2.16497578e-05,0.0013083690547,0.1300530455817639,0.7883238126149229,0.2883238126149229
hpo-resnet-age-gender-ADD,Baseline,FairFace,AGE,gender,4608,a15f0a,13,True,False,Baseline,CrossEntropy,Adam,100,0.0012864910108,0.0005567158555,0.2823744292237442,0.6332990995074503,0.13329909950745034
hpo-resnet-age-gender-ADD,Baseline,FairFace,AGE,gender,4608,a1e752,13,True,False,Baseline,CrossEntropy,Adam,98,0.0013144419484,0.000511128141,0.30108904440841333,0.5,0.0
hpo-resnet-age-gender-ADD,Baseline,FairFace,AGE,gender,4608,a3e179,13,True,False,CosFace,CrossEntropy,SGD,71,0.0012728514405,0.001015753153,0.1591575116836108,0.806821651154527,0.306821651154527
hpo-resnet-age-gender-ADD,Baseline,FairFace,AGE,gender,4608,abd47b,40,True,False,Baseline,CrossEntropy,Adam,100,4.6229866e-06,0.0009961206235,0.2905936073059361,0.5796933832768575,0.07969338327685749
hpo-resnet-age-gender-ADD,Baseline,FairFace,AGE,gender,4608,ac56de,40,True,False,Baseline,CrossEntropy,Adam,31,0.0013118985406,0.0004337556617,0.30127853193675,0.5,0.0
hpo-resnet-age-gender-ADD,Baseline,FairFace,AGE,gender,4608,ac86d0,13,True,False,Baseline,Focal,Adam,46,0.001205624968,0.0004733027813,0.3011508883548384,0.5,0.0
hpo-resnet-age-gender-ADD,Baseline,FairFace,AGE,gender,4608,af4deb,13,True,False,CosFace,Focal,Adam,48,1.047596e-06,0.0021677240041,0.0996893247491435,0.7356293186396125,0.23562931863961245
hpo-resnet-age-gender-ADD,Baseline,FairFace,AGE,gender,4608,b0101b,40,True,False,CosFace,Focal,Adam,93,0.0012032941144,0.0027961729007,0.03863719327109205,0.6302474548389099,0.13024745483890987
hpo-resnet-age-gender-ADD,Baseline,FairFace,AGE,gender,4608,b7da02,13,True,False,CosFace,CrossEntropy,Adam,97,6.93757513e-05,0.002527739156,0.10297879831832746,0.7062506287982087,0.20625062879820866
hpo-resnet-age-gender-ADD,Baseline,FairFace,AGE,gender,4608,bc84c7,40,True,False,ArcFace,Focal,Adam,84,0.0012239150714,0.002120063077,0.0,0.6180622151677901,0.11806221516779014
hpo-resnet-age-gender-ADD,Baseline,FairFace,AGE,gender,4608,bfe8de,40,True,False,Baseline,CrossEntropy,Adam,100,0.0001194222594,0.0020331305811,0.42767123287671227,0.6344971273286939,0.1344971273286939
hpo-resnet-age-gender-ADD,Baseline,FairFace,AGE,gender,4608,c662e4,13,True,False,Baseline,CrossEntropy,Adam,96,0.001444759521,0.0005870577409,0.3010782059033712,0.5,0.0
hpo-resnet-age-gender-ADD,Baseline,FairFace,AGE,gender,4608,cd4861,13,False,False,Baseline,CrossEntropy,Adam,38,1.9730874e-06,0.0097353526719,0.018823099235693586,0.5,0.0
hpo-resnet-age-gender-ADD,Baseline,FairFace,AGE,gender,4608,cd4861,40,True,False,Baseline,CrossEntropy,Adam,38,1.9730874e-06,0.0097353526719,0.025676169345776212,0.5,0.0
hpo-resnet-age-gender-ADD,Baseline,FairFace,AGE,gender,4608,cf3b66,40,True,False,Baseline,CrossEntropy,Adam,99,0.0013011509114,0.0005731979982,0.30108904299714645,0.5,0.0
hpo-resnet-age-gender-ADD,Baseline,FairFace,AGE,gender,4608,cfe1a4,13,False,False,Baseline,CrossEntropy,Adam,96,0.0012787867123,0.0005118693379,0.3011695795310171,0.5,0.0
hpo-resnet-age-gender-ADD,Baseline,FairFace,AGE,gender,4608,cfe1a4,40,False,False,Baseline,CrossEntropy,Adam,96,0.0012787867123,0.0005118693379,0.30135232829211045,0.5,0.0
hpo-resnet-age-gender-ADD,Baseline,FairFace,AGE,gender,4608,cfe1a4,120,True,True,Baseline,CrossEntropy,Adam,96,0.0012787867123,0.0005118693379,0.3014437022125511,0.5,0.0
hpo-resnet-age-gender-ADD,Baseline,FairFace,AGE,gender,4608,d1820f,40,True,False,Baseline,CrossEntropy,Adam,97,0.0014297024208,0.0004780356499,0.3010782059451991,0.5,0.0
hpo-resnet-age-gender-ADD,Baseline,FairFace,AGE,gender,4608,d1f5ba,40,True,False,ArcFace,Focal,Adam,84,0.0008246343671,0.002633635719,0.0,0.6299157637837919,0.12991576378379188
hpo-resnet-age-gender-ADD,Baseline,FairFace,AGE,gender,4608,d6f1bd,120,True,True,Baseline,CrossEntropy,Adam,99,3.4232613e-06,1.17228782e-05,0.4944632506263631,0.8176188187798211,0.3176188187798211
hpo-resnet-age-gender-ADD,Baseline,FairFace,AGE,gender,4608,d90712,13,True,False,CosFace,Focal,Adam,85,0.0005321276986,0.0071435651941,0.02124542104280913,0.6180687038301571,0.1180687038301571
hpo-resnet-age-gender-ADD,Baseline,FairFace,AGE,gender,4608,db4acc,40,True,False,Baseline,Focal,Adam,94,0.0014297024208,0.0005345217077,0.30134233994545345,0.5,0.0
hpo-resnet-age-gender-ADD,Baseline,FairFace,AGE,gender,4608,de4ffc,13,True,False,Baseline,CrossEntropy,Adam,99,0.0013361101216,0.0005730088862,0.3011805606209109,0.5,0.0
hpo-resnet-age-gender-ADD,Baseline,FairFace,AGE,gender,4608,de80dc,13,True,False,CosFace,CrossEntropy,Adam,84,0.0005509996794,0.0016339824583,0.07005494479032659,0.6773066793353897,0.17730667933538968
hpo-resnet-age-gender-ADD,Baseline,FairFace,AGE,gender,4608,e2bf1f,120,True,True,Baseline,Focal,SGD,94,0.0001553247098,0.0001406157744,0.31942288050835743,0.7690785403747316,0.26907854037473156
hpo-resnet-age-gender-ADD,Baseline,FairFace,AGE,gender,4608,e31776,13,True,False,CosFace,Focal,Adam,84,0.0007868987767,0.004984429051,0.03608058577317452,0.6329684118537292,0.1329684118537292
hpo-resnet-age-gender-ADD,Baseline,FairFace,AGE,gender,4608,eb50fb,13,True,False,CosFace,CrossEntropy,Adam,62,0.0001194222594,0.0017127965393,0.10847117006609863,0.6910116707623282,0.19101167076232817
hpo-resnet-age-gender-ADD,Baseline,FairFace,AGE,gender,4608,eee7d8,13,True,False,CosFace,CrossEntropy,Adam,58,0.056152548316,0.0045206318533,0.0,0.5,0.0
hpo-resnet-age-gender-ADD,Baseline,FairFace,AGE,gender,4608,f0cb1c,13,False,False,ArcFace,Focal,SGD,77,0.0151493436634,0.0519419345275,0.0,0.5,0.0
hpo-resnet-age-gender-ADD,Baseline,FairFace,AGE,gender,4608,f0cb1c,40,False,False,ArcFace,Focal,SGD,77,0.0151493436634,0.0519419345275,0.018000730822483657,0.5,0.0
hpo-resnet-age-gender-ADD,Baseline,FairFace,AGE,gender,4608,f0cb1c,120,True,True,ArcFace,Focal,SGD,77,0.0151493436634,0.0519419345275,0.018092105090618094,0.5,0.0
hpo-resnet-age-gender-ADD,Baseline,FairFace,AGE,gender,4608,f46b48,40,True,False,Baseline,CrossEntropy,Adam,94,0.0014089701263,0.0005148265622,0.3012510243608204,0.5,0.0
hpo-resnet-age-gender-ADD,Baseline,FairFace,AGE,gender,4608,f70b4f,13,False,False,Baseline,CrossEntropy,SGD,91,0.0019876598277,0.0992383074541,0.35555557027275175,0.6477817939104507,0.14778179391045065
hpo-resnet-age-gender-ADD,Baseline,FairFace,AGE,gender,4608,f70b4f,40,True,False,Baseline,CrossEntropy,SGD,91,0.0019876598277,0.0992383074541,0.4060356833218547,0.6724411525148717,0.1724411525148717
hpo-resnet-age-gender-ADD,Baseline,FairFace,AGE,gender,4608,fde1ea,13,True,False,ArcFace,Focal,Adam,87,0.0009731929814,0.0027762935088,0.0,0.61573723379092,0.11573723379092005
hpo-resnet-age-race-ADD,Baseline,FairFace,AGE,race,4608,010bc6,13,True,False,ArcFace,Focal,Adam,74,9.20288469e-05,0.0074381593279,0.0,0.24118902446285742,0.09833188160571457
hpo-resnet-age-race-ADD,Baseline,FairFace,AGE,race,4608,02e187,120,True,True,Baseline,CrossEntropy,Adam,93,1.3982637e-06,0.0027545058283,0.4578918442605924,0.2985764784602605,0.15571933560311763
hpo-resnet-age-race-ADD,Baseline,FairFace,AGE,race,4608,0556c3,40,True,False,Baseline,Focal,Adam,94,1.1224876e-06,0.0016536694994,0.291480226762305,0.25775161449787026,0.11489447164072741
hpo-resnet-age-race-ADD,Baseline,FairFace,AGE,race,4608,067b57,13,False,False,Baseline,Focal,Adam,94,4.19372048e-05,0.0017951992925,0.31558761539377367,0.23353834230564222,0.09068119944849937
hpo-resnet-age-race-ADD,Baseline,FairFace,AGE,race,4608,067b57,40,True,False,Baseline,Focal,Adam,94,4.19372048e-05,0.0017951992925,0.34106473988217856,0.299853134002233,0.15699599114509016
hpo-resnet-age-race-ADD,Baseline,FairFace,AGE,race,4608,095212,40,True,False,Baseline,Focal,Adam,94,1.42234088e-05,0.0017858827423,0.29869418025528405,0.30134333543823516,0.1584861925810923
hpo-resnet-age-race-ADD,Baseline,FairFace,AGE,race,4608,0bc809,120,True,True,Baseline,Focal,Adam,94,5.5991844e-06,0.0018895023125,0.46561957273360477,0.29050434079289383,0.14764719793575098
hpo-resnet-age-race-ADD,Baseline,FairFace,AGE,race,4608,0f2fc8,13,True,False,Baseline,Focal,Adam,95,0.000229919354,0.001649392116,0.3640763364227033,0.236590502275479,0.09373335941833616
hpo-resnet-age-race-ADD,Baseline,FairFace,AGE,race,4608,12e610,40,True,False,Baseline,CrossEntropy,Adam,94,0.0001462012246,0.0031033142404,0.3013423394133605,0.14285714285714285,0.0
hpo-resnet-age-race-ADD,Baseline,FairFace,AGE,race,4608,16899a,13,True,False,Baseline,Focal,Adam,94,1.19266864e-05,0.0029359100895,0.3012510240743089,0.14285714285714285,0.0
hpo-resnet-age-race-ADD,Baseline,FairFace,AGE,race,4608,1c8b97,13,True,False,Baseline,Focal,Adam,94,5.32995954e-05,0.0019750946281,0.2810702185160101,0.24340934121621335,0.1005521983590705
hpo-resnet-age-race-ADD,Baseline,FairFace,AGE,race,4608,206449,13,False,False,Baseline,Focal,Adam,94,4.7641246e-06,0.0027317905538,0.30198155124811654,0.14285714285714285,0.0
hpo-resnet-age-race-ADD,Baseline,FairFace,AGE,race,4608,206449,40,False,False,Baseline,Focal,Adam,94,4.7641246e-06,0.0027317905538,0.30125102427896,0.14285714285714285,0.0
hpo-resnet-age-race-ADD,Baseline,FairFace,AGE,race,4608,206449,120,True,True,Baseline,Focal,Adam,94,4.7641246e-06,0.0027317905538,0.3011597080394435,0.14285714285714285,0.0
hpo-resnet-age-race-ADD,Baseline,FairFace,AGE,race,4608,22ae96,40,True,False,CosFace,Focal,Adam,31,1.95327614e-05,1.08528732e-05,0.2904109521696012,0.3741436883578501,0.23128654550070726
hpo-resnet-age-race-ADD,Baseline,FairFace,AGE,race,4608,22d343,40,False,False,Baseline,CrossEntropy,Adam,93,0.000106101798,0.0001487754405,0.5090427362618326,0.2999182499250762,0.15706110706793336
hpo-resnet-age-race-ADD,Baseline,FairFace,AGE,race,4608,22d343,120,True,True,Baseline,CrossEntropy,Adam,93,0.000106101798,0.0001487754405,0.5438436144339938,0.320147412952259,0.17729027009511616
hpo-resnet-age-race-ADD,Baseline,FairFace,AGE,race,4608,27cd13,40,True,False,Baseline,Focal,Adam,94,8.75377706e-05,0.0014415704214,0.4539311433554719,0.2725750539858605,0.12971791112871767
hpo-resnet-age-race-ADD,Baseline,FairFace,AGE,race,4608,29763d,13,True,False,CosFace,CrossEntropy,Adam,99,0.0017427036879,0.0001593449906,0.15621854025152238,0.33948040352309966,0.1966232606659568
hpo-resnet-age-race-ADD,Baseline,FairFace,AGE,race,4608,29d7fb,40,True,False,ArcFace,Focal,SGD,35,0.0435815434585,0.0225507137772,0.018176835605076436,0.14285714285714285,0.0
hpo-resnet-age-race-ADD,Baseline,FairFace,AGE,race,4608,374114,13,True,False,ArcFace,Focal,Adam,97,0.0001006268366,0.0015956059078,0.0,0.2567635752609136,0.11390643240377074
hpo-resnet-age-race-ADD,Baseline,FairFace,AGE,race,4608,3f3a52,13,True,False,CosFace,Focal,Adam,95,0.0003529250202,0.0016721692536,0.07597479567507304,0.3587979181111566,0.21594077525401373
hpo-resnet-age-race-ADD,Baseline,FairFace,AGE,race,4608,4187e3,40,True,False,Baseline,Focal,Adam,95,6.81174597e-05,0.0078075546038,0.2694731037811149,0.14285714285714285,0.0
hpo-resnet-age-race-ADD,Baseline,FairFace,AGE,race,4608,486492,40,True,False,Baseline,Focal,Adam,94,0.0002616029138,0.0017867411394,0.4342982328193894,0.2539726795201185,0.11111553666297563
hpo-resnet-age-race-ADD,Baseline,FairFace,AGE,race,4608,4fca30,13,True,False,ArcFace,Focal,Adam,59,2.44472857e-05,0.0074175673333,0.0,0.24438713886948493,0.10152999601234208
hpo-resnet-age-race-ADD,Baseline,FairFace,AGE,race,4608,4fcd77,40,True,False,Baseline,CrossEntropy,Adam,96,8.40645617e-05,0.0019089259842,0.4446271794302421,0.23241080870947733,0.08955366585233449
hpo-resnet-age-race-ADD,Baseline,FairFace,AGE,race,4608,501a0f,13,True,False,Baseline,Focal,Adam,94,0.0001240117113,0.0017982414791,0.30125102452454144,0.14285714285714285,0.0
hpo-resnet-age-race-ADD,Baseline,FairFace,AGE,race,4608,51ada4,13,True,False,CosFace,Focal,Adam,50,5.27168976e-05,0.0027223728601,0.10520547945205483,0.35859772735660267,0.21574058449945982
hpo-resnet-age-race-ADD,Baseline,FairFace,AGE,race,4608,5320b2,120,True,True,CosFace,Focal,Adam,95,2.39857937e-05,0.0046326556737,0.28627522239357617,0.30074225946467453,0.15788511660753168
hpo-resnet-age-race-ADD,Baseline,FairFace,AGE,race,4608,5a9d12,13,True,False,CosFace,Focal,SGD,94,4.86385705e-05,0.0763010683526,0.125194044072229,0.38607298030141113,0.24321583744426828
hpo-resnet-age-race-ADD,Baseline,FairFace,AGE,race,4608,5bbbc5,13,True,False,ArcFace,CrossEntropy,Adam,82,1.4938197e-06,0.0076469923084,0.0,0.2449180858951836,0.10206094303804075
hpo-resnet-age-race-ADD,Baseline,FairFace,AGE,race,4608,5c678d,13,True,False,ArcFace,CrossEntropy,SGD,33,0.0023350605905,0.0083863720107,0.0,0.286093745221979,0.14323660236483615
hpo-resnet-age-race-ADD,Baseline,FairFace,AGE,race,4608,5d50b5,120,True,True,Baseline,CrossEntropy,Adam,91,0.0004578635897,0.000265314628,0.4703246681778519,0.30871535859270754,0.1658582157355647
hpo-resnet-age-race-ADD,Baseline,FairFace,AGE,race,4608,6060f8,13,False,False,CosFace,Focal,Adam,33,5.5644377e-06,0.003902270881,0.11659356725146197,0.3498189741333637,0.20696183127622086
hpo-resnet-age-race-ADD,Baseline,FairFace,AGE,race,4608,6060f8,40,True,False,CosFace,Focal,Adam,33,5.5644377e-06,0.003902270881,0.21299342105263164,0.3238276666759273,0.18097052381878442
hpo-resnet-age-race-ADD,Baseline,FairFace,AGE,race,4608,609f10,40,True,False,CosFace,Focal,Adam,95,0.0002308587056,0.0049882527385,0.14345721551788726,0.28244508691315223,0.13958794405600938
hpo-resnet-age-race-ADD,Baseline,FairFace,AGE,race,4608,60c6c1,40,True,False,Baseline,Focal,Adam,94,2.6456689e-06,0.006979290396,0.29102364748844267,0.14285714285714285,0.0
hpo-resnet-age-race-ADD,Baseline,FairFace,AGE,race,4608,674897,13,True,False,CosFace,Focal,Adam,51,8.6856845e-06,0.0061514760085,0.08027397260273972,0.3179079166179849,0.17505077376084205
hpo-resnet-age-race-ADD,Baseline,FairFace,AGE,race,4608,6ac794,40,True,False,CosFace,Focal,Adam,99,0.0001315815832,0.0037871425073,0.18019584446209957,0.2740649137593092,0.13120777090216634
hpo-resnet-age-race-ADD,Baseline,FairFace,AGE,race,4608,6e16ea,13,True,False,CosFace,CrossEntropy,SGD,31,0.0986813387889,0.0001890897475,0.07470319491869781,0.3630656012079521,0.22020845835080927
hpo-resnet-age-race-ADD,Baseline,FairFace,AGE,race,4608,7697bc,13,False,False,Baseline,Focal,Adam,97,0.0017412429067,0.000263526404,0.30985013501685965,0.2633860100830858,0.12052886722594297
hpo-resnet-age-race-ADD,Baseline,FairFace,AGE,race,4608,7697bc,40,True,False,Baseline,Focal,Adam,97,0.0017412429067,0.000263526404,0.41072732465309003,0.2822015161432458,0.13934437328610294
hpo-resnet-age-race-ADD,Baseline,FairFace,AGE,race,4608,777587,13,True,False,Baseline,Focal,Adam,94,2.8684786e-06,0.0036727625598,0.036343712428097086,0.18076026625391522,0.037903123396772376
hpo-resnet-age-race-ADD,Baseline,FairFace,AGE,race,4608,79304a,13,True,False,ArcFace,Focal,SGD,76,2.10693347e-05,0.1057856540281,0.0,0.305372870116602,0.16251572725945918
hpo-resnet-age-race-ADD,Baseline,FairFace,AGE,race,4608,7cee64,120,True,True,Baseline,CrossEntropy,Adam,95,4.78032909e-05,0.0038124556619,0.3012510236240764,0.14285714285714285,0.0
hpo-resnet-age-race-ADD,Baseline,FairFace,AGE,race,4608,7f8f09,13,True,False,Baseline,Focal,Adam,94,0.0001244818351,0.0018291906581,0.3012510237877972,0.14285714285714285,0.0
hpo-resnet-age-race-ADD,Baseline,FairFace,AGE,race,4608,820c82,120,True,True,Baseline,Focal,Adam,96,0.0044038639972,0.0016610297461,0.3010782053596095,0.14285714285714285,0.0
hpo-resnet-age-race-ADD,Baseline,FairFace,AGE,race,4608,92788c,13,True,False,CosFace,Focal,Adam,67,1.3991094e-06,0.0020871033936,0.07397235118370404,0.33122532646013003,0.18836818360298718
hpo-resnet-age-race-ADD,Baseline,FairFace,AGE,race,4608,95c26a,40,True,False,Baseline,Focal,Adam,90,0.0124459416892,0.000263243157,0.3015089296411585,0.14285714285714285,0.0
hpo-resnet-age-race-ADD,Baseline,FairFace,AGE,race,4608,970f17,13,False,False,Baseline,CrossEntropy,Adam,35,7.2246283e-06,0.0045220266482,0.018542199134826687,0.14285714285714285,0.0
hpo-resnet-age-race-ADD,Baseline,FairFace,AGE,race,4608,970f17,40,False,False,Baseline,CrossEntropy,Adam,35,7.2246283e-06,0.0045220266482,0.3013335692660408,0.14285714285714285,0.0
hpo-resnet-age-race-ADD,Baseline,FairFace,AGE,race,4608,970f17,120,True,True,Baseline,CrossEntropy,Adam,35,7.2246283e-06,0.0045220266482,0.3011508873530797,0.14285714285714285,0.0
hpo-resnet-age-race-ADD,Baseline,FairFace,AGE,race,4608,99076b,13,True,False,CosFace,Focal,SGD,44,2.16497578e-05,0.0013083690547,0.15941101127946877,0.4336238890761825,0.29076674621903964
hpo-resnet-age-race-ADD,Baseline,FairFace,AGE,race,4608,a3e179,13,True,False,CosFace,CrossEntropy,SGD,71,0.0012728514405,0.001015753153,0.13589743737991045,0.4397517586822118,0.29689461582506893
hpo-resnet-age-race-ADD,Baseline,FairFace,AGE,race,4608,a7f0d7,40,False,False,Baseline,Focal,Adam,99,6.50391407e-05,0.0055006900808,0.3008144948728416,0.14285714285714285,0.0
hpo-resnet-age-race-ADD,Baseline,FairFace,AGE,race,4608,a7f0d7,120,True,True,Baseline,Focal,Adam,99,6.50391407e-05,0.0055006900808,0.3011805602787856,0.14285714285714285,0.0
hpo-resnet-age-race-ADD,Baseline,FairFace,AGE,race,4608,aba7f8,13,True,False,ArcFace,Focal,Adam,95,0.0001657478262,0.003660392931,0.0,0.22987481329122805,0.0870176704340852
hpo-resnet-age-race-ADD,Baseline,FairFace,AGE,race,4608,af4deb,13,True,False,CosFace,Focal,Adam,48,1.047596e-06,0.0021677240041,0.09292762897516549,0.37717459418518884,0.234317451328046
hpo-resnet-age-race-ADD,Baseline,FairFace,AGE,race,4608,b3c9bb,13,True,False,Baseline,Focal,Adam,94,9.04912117e-05,0.0012174732043,0.4043466320774586,0.2766900796960901,0.13383293683894726
hpo-resnet-age-race-ADD,Baseline,FairFace,AGE,race,4608,b73fd5,13,False,False,Baseline,Focal,Adam,94,1.19268116e-05,0.0013000091626,0.3365902621960948,0.25544925826811504,0.1125921154109722
hpo-resnet-age-race-ADD,Baseline,FairFace,AGE,race,4608,b73fd5,40,True,False,Baseline,Focal,Adam,94,1.19268116e-05,0.0013000091626,0.39959820653235967,0.25759272189956295,0.1147355790424201
hpo-resnet-age-race-ADD,Baseline,FairFace,AGE,race,4608,b7da02,13,True,False,CosFace,CrossEntropy,Adam,97,6.93757513e-05,0.002527739156,0.10599414898638138,0.3169468924744257,0.17408974961728285
hpo-resnet-age-race-ADD,Baseline,FairFace,AGE,race,4608,bc0818,13,False,False,Baseline,Focal,Adam,95,7.13721542e-05,0.0058684897195,0.12373299004182281,0.14285714285714285,0.0
hpo-resnet-age-race-ADD,Baseline,FairFace,AGE,race,4608,bc0818,40,True,False,Baseline,Focal,Adam,95,7.13721542e-05,0.0058684897195,0.30115970750735044,0.14285714285714285,0.0
hpo-resnet-age-race-ADD,Baseline,FairFace,AGE,race,4608,ccd945,40,True,False,Baseline,Focal,Adam,94,8.80704042e-05,0.0011835592661,0.4815998491606488,0.2636037339510039,0.12074659109386104
hpo-resnet-age-race-ADD,Baseline,FairFace,AGE,race,4608,d7c6fa,40,True,False,Baseline,CrossEntropy,Adam,93,0.0012696977934,0.000256684356,0.3978808832569283,0.2837128683658419,0.14085572550869907
hpo-resnet-age-race-ADD,Baseline,FairFace,AGE,race,4608,daa44c,13,True,False,ArcFace,Focal,Adam,99,0.0009495419767,0.0016211424201,0.0,0.24719640915854282,0.10433926630139997
hpo-resnet-age-race-ADD,Baseline,FairFace,AGE,race,4608,e060b6,40,False,False,Baseline,Focal,Adam,94,8.72720058e-05,0.0013069615327,0.4545703539213909,0.2521301332457926,0.10927299038864974
hpo-resnet-age-race-ADD,Baseline,FairFace,AGE,race,4608,e060b6,120,True,True,Baseline,Focal,Adam,94,8.72720058e-05,0.0013069615327,0.4898182762538926,0.26276783084393845,0.1199106879867956
hpo-resnet-age-race-ADD,Baseline,FairFace,AGE,race,4608,e2bf1f,120,True,True,Baseline,Focal,SGD,94,0.0001553247098,0.0001406157744,0.32097524974479186,0.454534893490313,0.31167775063317016
hpo-resnet-age-race-ADD,Baseline,FairFace,AGE,race,4608,e38723,40,True,False,Baseline,CrossEntropy,Adam,95,0.0008853313242,0.000503904281,0.4189571686773341,0.29453993286875735,0.1516827900116145
hpo-resnet-age-race-ADD,Baseline,FairFace,AGE,race,4608,e4a2ab,40,True,False,Baseline,Focal,Adam,94,1.4938197e-06,0.0026896516352,0.3028947090590972,0.27502582991040875,0.1321686870532659
hpo-resnet-age-race-ADD,Baseline,FairFace,AGE,race,4608,e6b2d9,120,True,True,Baseline,Focal,Adam,94,1.52200967e-05,0.0009978556236,0.4811432698458561,0.294471704590733,0.15161456173359017
hpo-resnet-age-race-ADD,Baseline,FairFace,AGE,race,4608,f0cb1c,13,False,False,ArcFace,Focal,SGD,77,0.0151493436634,0.0519419345275,0.0,0.14285714285714285,0.0
hpo-resnet-age-race-ADD,Baseline,FairFace,AGE,race,4608,f0cb1c,40,False,False,ArcFace,Focal,SGD,77,0.0151493436634,0.0519419345275,0.0,0.14285714285714285,0.0
hpo-resnet-age-race-ADD,Baseline,FairFace,AGE,race,4608,f0cb1c,120,True,True,ArcFace,Focal,SGD,77,0.0151493436634,0.0519419345275,0.018183479325638907,0.14285714285714285,0.0
hpo-resnet-age-race-ADD,Baseline,FairFace,AGE,race,4608,f23164,13,True,False,Baseline,CrossEntropy,Adam,77,1.338323e-06,0.0032587063271,0.018366227878464647,0.17040994437262277,0.027552801515479924
hpo-resnet-age-race-ADD,Baseline,FairFace,AGE,race,4608,f70b4f,13,False,False,Baseline,CrossEntropy,SGD,91,0.0019876598277,0.0992383074541,0.30169182906916114,0.2519753072604732,0.10911816440333033
hpo-resnet-age-race-ADD,Baseline,FairFace,AGE,race,4608,f70b4f,40,True,False,Baseline,CrossEntropy,SGD,91,0.0019876598277,0.0992383074541,0.4071330759652848,0.3176943865001762,0.17483724364303332
hpo-resnet-age-race-ADD,Baseline,FairFace,AGE,race,4608,f9eeef,120,True,True,CosFace,Focal,Adam,95,0.0002606666448,0.0016363133324,0.2999726017964244,0.29426601861335683,0.15140887575621398
hpo-resnet-race-gender-ADD,Baseline,FairFace,RACE,gender,4608,010bc6,13,False,False,ArcFace,Focal,Adam,74,9.20288469e-05,0.0074381593279,0.0,0.6041565100147487,0.10415651001474868
hpo-resnet-race-gender-ADD,Baseline,FairFace,RACE,gender,4608,010bc6,40,True,False,ArcFace,Focal,Adam,74,9.20288469e-05,0.0074381593279,0.0,0.6045035196645268,0.10450351966452676
hpo-resnet-race-gender-ADD,Baseline,FairFace,RACE,gender,4608,02ef36,13,True,False,ArcFace,Focal,Adam,43,0.0002099909316,0.0099711510163,0.0,0.6195872515042994,0.11958725150429939
hpo-resnet-race-gender-ADD,Baseline,FairFace,RACE,gender,4608,05037a,13,True,False,CosFace,Focal,Adam,52,2.27689672e-05,0.0091786136526,0.17339667100521283,0.6680656534899103,0.16806565348991032
hpo-resnet-race-gender-ADD,Baseline,FairFace,RACE,gender,4608,09fdf7,120,True,True,Baseline,CrossEntropy,Adam,98,6.35958047e-05,0.0003809286769,0.6337512550867193,0.7094167615661411,0.20941676156614109
hpo-resnet-race-gender-ADD,Baseline,FairFace,RACE,gender,4608,0e8d2b,40,True,False,Baseline,Focal,Adam,99,0.0339193338999,0.0016931444625,0.1901711347177959,0.5,0.0
hpo-resnet-race-gender-ADD,Baseline,FairFace,RACE,gender,4608,1d4bf9,13,False,False,Baseline,Focal,Adam,100,0.0354567329014,0.0070540773171,0.19031963470319635,0.5,0.0
hpo-resnet-race-gender-ADD,Baseline,FairFace,RACE,gender,4608,1d4bf9,40,True,False,Baseline,Focal,Adam,100,0.0354567329014,0.0070540773171,0.19041095890410964,0.5,0.0
hpo-resnet-race-gender-ADD,Baseline,FairFace,RACE,gender,4608,1dd62f,120,True,True,Baseline,CrossEntropy,Adam,97,2.342265e-06,0.0032849961845,0.5669773150326912,0.7393140761429143,0.23931407614291433
hpo-resnet-race-gender-ADD,Baseline,FairFace,RACE,gender,4608,22ae96,40,False,False,CosFace,Focal,Adam,31,1.95327614e-05,1.08528732e-05,0.5023744159267374,0.7177176671961059,0.21771766719610586
hpo-resnet-race-gender-ADD,Baseline,FairFace,RACE,gender,4608,22ae96,120,True,True,CosFace,Focal,Adam,31,1.95327614e-05,1.08528732e-05,0.5294977023111631,0.703089178570129,0.20308917857012898
hpo-resnet-race-gender-ADD,Baseline,FairFace,RACE,gender,4608,22b1af,120,True,True,Baseline,Focal,Adam,99,0.0097986447027,0.0079738368399,0.190354167271088,0.5,0.0
hpo-resnet-race-gender-ADD,Baseline,FairFace,RACE,gender,4608,22c61d,40,True,False,Baseline,Focal,Adam,99,0.0027868969726,0.0015759338811,0.37997620398688214,0.606211074715141,0.10621107471514102
hpo-resnet-race-gender-ADD,Baseline,FairFace,RACE,gender,4608,241a09,13,False,False,CosFace,Focal,Adam,75,0.0114491303448,0.0093242806841,0.0,0.5,0.0
hpo-resnet-race-gender-ADD,Baseline,FairFace,RACE,gender,4608,241a09,40,True,False,CosFace,Focal,Adam,75,0.0114491303448,0.0093242806841,0.025566107332706478,0.6204929216051853,0.12049292160518532
hpo-resnet-race-gender-ADD,Baseline,FairFace,RACE,gender,4608,2776c9,13,True,False,Baseline,CrossEntropy,Adam,100,0.0023645215265,0.0015697046953,0.3671232876712329,0.6170005161496785,0.11700051614967855
hpo-resnet-race-gender-ADD,Baseline,FairFace,RACE,gender,4608,29763d,13,True,False,CosFace,CrossEntropy,Adam,99,0.0017427036879,0.0001593449906,0.34785393783329854,0.7144760117496967,0.21447601174969666
hpo-resnet-race-gender-ADD,Baseline,FairFace,RACE,gender,4608,29d7fb,40,True,False,ArcFace,Focal,SGD,35,0.0435815434585,0.0225507137772,0.19026305764358242,0.5,0.0
hpo-resnet-race-gender-ADD,Baseline,FairFace,RACE,gender,4608,393c99,13,True,False,Baseline,CrossEntropy,Adam,99,0.0022386719805,0.0015508674962,0.3427290175741563,0.6109254223918521,0.1109254223918521
hpo-resnet-race-gender-ADD,Baseline,FairFace,RACE,gender,4608,3c3cf2,13,True,False,Baseline,Focal,Adam,99,0.0069892923711,0.0016988810956,0.31792806599706813,0.6135274094477065,0.11352740944770645
hpo-resnet-race-gender-ADD,Baseline,FairFace,RACE,gender,4608,3d8e02,120,True,True,ArcFace,Focal,Adam,100,0.0433435952696,0.0077118260621,0.0,0.6204551937126601,0.12045519371266011
hpo-resnet-race-gender-ADD,Baseline,FairFace,RACE,gender,4608,41e3ac,40,True,False,Baseline,CrossEntropy,Adam,99,3.51241846e-05,0.0001659039081,0.55074585508338,0.7290219538874179,0.22902195388741786
hpo-resnet-race-gender-ADD,Baseline,FairFace,RACE,gender,4608,51ada4,13,True,False,CosFace,Focal,Adam,50,5.27168976e-05,0.0027223728601,0.208310502283105,0.6873204245966593,0.18732042459665932
hpo-resnet-race-gender-ADD,Baseline,FairFace,RACE,gender,4608,5a9d12,13,True,False,CosFace,Focal,SGD,94,4.86385705e-05,0.0763010683526,0.2912062784939877,0.7362573141272495,0.23625731412724948
hpo-resnet-race-gender-ADD,Baseline,FairFace,RACE,gender,4608,5adddd,40,False,False,Baseline,Focal,Adam,100,0.0172739385671,0.0017193290111,0.19031963470319635,0.5,0.0
hpo-resnet-race-gender-ADD,Baseline,FairFace,RACE,gender,4608,5adddd,120,True,True,Baseline,Focal,Adam,100,0.0172739385671,0.0017193290111,0.19041095890410964,0.5,0.0
hpo-resnet-race-gender-ADD,Baseline,FairFace,RACE,gender,4608,5c678d,13,True,False,ArcFace,CrossEntropy,SGD,33,0.0023350605905,0.0083863720107,0.0,0.6844002924045458,0.1844002924045458
hpo-resnet-race-gender-ADD,Baseline,FairFace,RACE,gender,4608,64cc9b,40,True,False,Baseline,CrossEntropy,Adam,97,8.2475175e-06,0.0004269450682,0.19051534550231797,0.6611857983650176,0.16118579836501756
hpo-resnet-race-gender-ADD,Baseline,FairFace,RACE,gender,4608,6923cd,13,True,False,CosFace,Focal,Adam,100,0.0380502347405,0.0071172651053,0.0,0.5,0.0
hpo-resnet-race-gender-ADD,Baseline,FairFace,RACE,gender,4608,6997f6,120,True,True,Baseline,CrossEntropy,Adam,98,1.31802441e-05,0.0092354344493,0.1903541667151344,0.5,0.0
hpo-resnet-race-gender-ADD,Baseline,FairFace,RACE,gender,4608,6c1885,13,True,False,Baseline,Focal,Adam,100,0.0326460177673,0.0015788296962,0.19041095890410964,0.5,0.0
hpo-resnet-race-gender-ADD,Baseline,FairFace,RACE,gender,4608,6e16ea,13,True,False,CosFace,CrossEntropy,SGD,31,0.0986813387889,0.0001890897475,0.17808218854747404,0.7549873397501076,0.25498733975010757
hpo-resnet-race-gender-ADD,Baseline,FairFace,RACE,gender,4608,70be1d,40,True,False,ArcFace,Focal,Adam,100,0.0517811843058,0.007108554937,0.0,0.6342890553256799,0.13428905532567992
hpo-resnet-race-gender-ADD,Baseline,FairFace,RACE,gender,4608,72ca87,13,True,False,CosFace,Focal,Adam,80,0.0032043311084,0.0099518095069,0.011263736263736224,0.5916947998120563,0.0916947998120563
hpo-resnet-race-gender-ADD,Baseline,FairFace,RACE,gender,4608,7697bc,13,False,False,Baseline,Focal,Adam,97,0.0017412429067,0.000263526404,0.45888156405666414,0.6465749361569137,0.14657493615691375
hpo-resnet-race-gender-ADD,Baseline,FairFace,RACE,gender,4608,7697bc,40,True,False,Baseline,Focal,Adam,97,0.0017412429067,0.000263526404,0.5397477858526665,0.6643468137858255,0.1643468137858255
hpo-resnet-race-gender-ADD,Baseline,FairFace,RACE,gender,4608,79304a,13,True,False,ArcFace,Focal,SGD,76,2.10693347e-05,0.1057856540281,0.0,0.6770238873750163,0.1770238873750163
hpo-resnet-race-gender-ADD,Baseline,FairFace,RACE,gender,4608,842e90,13,True,False,ArcFace,CrossEntropy,Adam,100,1.32882525e-05,0.0006617839654,0.0,0.6295376821374216,0.12953768213742156
hpo-resnet-race-gender-ADD,Baseline,FairFace,RACE,gender,4608,88d1e0,40,True,False,Baseline,CrossEntropy,Adam,99,7.56055192e-05,0.0019970519748,0.5384826538701764,0.6441102478588752,0.14411024785887516
hpo-resnet-race-gender-ADD,Baseline,FairFace,RACE,gender,4608,92788c,13,False,False,CosFace,Focal,Adam,67,1.3991094e-06,0.0020871033936,0.29122035720917394,0.7243525585932901,0.22435255859329006
hpo-resnet-race-gender-ADD,Baseline,FairFace,RACE,gender,4608,92788c,40,False,False,CosFace,Focal,Adam,67,1.3991094e-06,0.0020871033936,0.47779913467222834,0.7137949363281609,0.21379493632816093
hpo-resnet-race-gender-ADD,Baseline,FairFace,RACE,gender,4608,92788c,120,True,True,CosFace,Focal,Adam,67,1.3991094e-06,0.0020871033936,0.5395953444627837,0.7000905134953475,0.20009051349534746
hpo-resnet-race-gender-ADD,Baseline,FairFace,RACE,gender,4608,92c91d,13,True,False,ArcFace,Focal,Adam,65,0.0079803684707,0.0095984287148,0.0,0.6161888647596867,0.1161888647596867
hpo-resnet-race-gender-ADD,Baseline,FairFace,RACE,gender,4608,95c26a,40,True,False,Baseline,Focal,Adam,90,0.0124459416892,0.000263243157,0.28568817036632654,0.5846897536395376,0.08468975363953757
hpo-resnet-race-gender-ADD,Baseline,FairFace,RACE,gender,4608,99076b,13,True,False,CosFace,Focal,SGD,44,2.16497578e-05,0.0013083690547,0.3347356868317909,0.7595337514796826,0.2595337514796826
hpo-resnet-race-gender-ADD,Baseline,FairFace,RACE,gender,4608,9bd532,40,True,False,CosFace,Focal,Adam,100,0.0267795717242,0.0097295050406,0.0,0.5832861957654856,0.08328619576548557
hpo-resnet-race-gender-ADD,Baseline,FairFace,RACE,gender,4608,a329b8,13,False,False,Baseline,Focal,Adam,100,0.0021073473029,0.0015759338811,0.35159817351598166,0.6175965700261794,0.1175965700261794
hpo-resnet-race-gender-ADD,Baseline,FairFace,RACE,gender,4608,a329b8,40,False,False,Baseline,Focal,Adam,100,0.0021073473029,0.0015759338811,0.4195433789954337,0.599950786506151,0.09995078650615097
hpo-resnet-race-gender-ADD,Baseline,FairFace,RACE,gender,4608,a329b8,120,True,True,Baseline,Focal,Adam,100,0.0021073473029,0.0015759338811,0.4876712328767123,0.6199936959634902,0.11999369596349019
hpo-resnet-race-gender-ADD,Baseline,FairFace,RACE,gender,4608,a3e179,13,True,False,CosFace,CrossEntropy,SGD,71,0.0012728514405,0.001015753153,0.3481685021596077,0.7568641351696739,0.2568641351696739
hpo-resnet-race-gender-ADD,Baseline,FairFace,RACE,gender,4608,a66ab0,40,True,False,Baseline,Focal,Adam,99,0.0026599779592,0.0015697046953,0.3979134217506033,0.61251668322056,0.11251668322055997
hpo-resnet-race-gender-ADD,Baseline,FairFace,RACE,gender,4608,ad357b,40,True,False,Baseline,Focal,Adam,100,0.0562807085832,0.0085870913231,0.19041095890410964,0.5,0.0
hpo-resnet-race-gender-ADD,Baseline,FairFace,RACE,gender,4608,af4deb,13,True,False,CosFace,Focal,Adam,48,1.047596e-06,0.0021677240041,0.23885233256900518,0.7257058795040682,0.22570587950406817
hpo-resnet-race-gender-ADD,Baseline,FairFace,RACE,gender,4608,b7da02,13,True,False,CosFace,CrossEntropy,Adam,97,6.93757513e-05,0.002527739156,0.23474048974221207,0.7104258489043391,0.21042584890433913
hpo-resnet-race-gender-ADD,Baseline,FairFace,RACE,gender,4608,c22d5a,120,True,True,Baseline,Focal,Adam,99,0.00175141142,0.0016428187029,0.5303376913712163,0.6219866518181099,0.12198665181810986
hpo-resnet-race-gender-ADD,Baseline,FairFace,RACE,gender,4608,c2bc83,120,True,True,ArcFace,Focal,Adam,100,0.0008818936488,0.001,0.0,0.5761437504950113,0.07614375049501132
hpo-resnet-race-gender-ADD,Baseline,FairFace,RACE,gender,4608,cbf081,40,True,False,Baseline,Focal,Adam,100,0.0081796456669,0.001730852762,0.3665753424657534,0.5843376600893482,0.08433766008934818
hpo-resnet-race-gender-ADD,Baseline,FairFace,RACE,gender,4608,cc92c6,40,True,False,Baseline,CrossEntropy,Adam,100,0.0027218145436,0.0015594554271,0.37652968036529677,0.6252156978536307,0.12521569785363074
hpo-resnet-race-gender-ADD,Baseline,FairFace,RACE,gender,4608,cf202d,13,True,False,Baseline,Focal,Adam,99,0.0026386903788,0.0015666114177,0.34144778828984423,0.6101803634079044,0.11018036340790438
hpo-resnet-race-gender-ADD,Baseline,FairFace,RACE,gender,4608,d075f7,13,True,False,Baseline,Focal,Adam,99,0.0216198847978,0.0015985303199,0.19017113441843625,0.5,0.0
hpo-resnet-race-gender-ADD,Baseline,FairFace,RACE,gender,4608,db04f7,40,True,False,Baseline,Focal,Adam,100,0.0031511691518,0.0016759306845,0.4127853881278538,0.603004839338044,0.10300483933804405
hpo-resnet-race-gender-ADD,Baseline,FairFace,RACE,gender,4608,db4612,13,True,False,Baseline,CrossEntropy,Adam,100,0.0003097472147,0.0009494831238,0.48091324200913244,0.7089114151759244,0.20891141517592438
hpo-resnet-race-gender-ADD,Baseline,FairFace,RACE,gender,4608,e2bf1f,120,True,True,Baseline,Focal,SGD,94,0.0001553247098,0.0001406157744,0.5464341082593402,0.7810744382022472,0.2810744382022472
hpo-resnet-race-gender-ADD,Baseline,FairFace,RACE,gender,4608,e403ba,40,True,False,Baseline,CrossEntropy,Adam,98,1.38703478e-05,0.0037656296374,0.29477440940959565,0.6215672634808984,0.12156726348089841
hpo-resnet-race-gender-ADD,Baseline,FairFace,RACE,gender,4608,e42904,40,False,False,Baseline,CrossEntropy,Adam,98,6.5577042e-06,0.0002760926618,0.16116042757248128,0.6055595996348154,0.10555959963481543
hpo-resnet-race-gender-ADD,Baseline,FairFace,RACE,gender,4608,e42904,120,True,True,Baseline,CrossEntropy,Adam,98,6.5577042e-06,0.0002760926618,0.5436075732312395,0.7073214922157458,0.2073214922157458
hpo-resnet-race-gender-ADD,Baseline,FairFace,RACE,gender,4608,e50ade,120,True,True,Baseline,Focal,Adam,100,0.0020402276058,0.0016759306845,0.519269406392694,0.618957750914567,0.11895775091456695
hpo-resnet-race-gender-ADD,Baseline,FairFace,RACE,gender,4608,eb2533,13,False,False,Baseline,Focal,Adam,100,0.003024844889,0.0016225042794,0.2832876712328767,0.5691889078390533,0.06918890783905329
hpo-resnet-race-gender-ADD,Baseline,FairFace,RACE,gender,4608,eb2533,40,True,False,Baseline,Focal,Adam,100,0.003024844889,0.0016225042794,0.38337899543378995,0.6092273996545088,0.10922739965450878
hpo-resnet-race-gender-ADD,Baseline,FairFace,RACE,gender,4608,eea115,13,True,False,CosFace,Focal,Adam,99,0.0021149971564,0.0092050896286,0.010524389027480097,0.6177233665160404,0.11772336651604043
hpo-resnet-race-gender-ADD,Baseline,FairFace,RACE,gender,4608,ef18e8,40,True,False,CosFace,Focal,Adam,100,0.0190871009224,0.0088306242382,0.04027397260273968,0.6073904058236882,0.1073904058236882
hpo-resnet-race-gender-ADD,Baseline,FairFace,RACE,gender,4608,f0cb1c,13,False,False,ArcFace,Focal,SGD,77,0.0151493436634,0.0519419345275,0.0,0.5,0.0
hpo-resnet-race-gender-ADD,Baseline,FairFace,RACE,gender,4608,f0cb1c,40,False,False,ArcFace,Focal,SGD,77,0.0151493436634,0.0519419345275,0.19033259953061743,0.5,0.0
hpo-resnet-race-gender-ADD,Baseline,FairFace,RACE,gender,4608,f0cb1c,120,True,True,ArcFace,Focal,SGD,77,0.0151493436634,0.0519419345275,0.19024122561017676,0.5,0.0
hpo-resnet-race-gender-ADD,Baseline,FairFace,RACE,gender,4608,f3b675,13,False,False,Baseline,Focal,Adam,99,0.0433326125329,0.001721367923,0.190445684082305,0.5,0.0
hpo-resnet-race-gender-ADD,Baseline,FairFace,RACE,gender,4608,f3b675,40,True,False,Baseline,Focal,Adam,99,0.0433326125329,0.001721367923,0.190445683697414,0.5,0.0
hpo-resnet-race-gender-ADD,Baseline,FairFace,RACE,gender,4608,f52337,40,True,False,Baseline,Focal,Adam,99,0.0027105123,0.0015788296962,0.39974375232987347,0.5935035311701962,0.09350353117019616
hpo-resnet-race-gender-ADD,Baseline,FairFace,RACE,gender,4608,f70b4f,13,True,False,Baseline,CrossEntropy,SGD,91,0.0019876598277,0.0992383074541,0.341746700231921,0.6564626542027266,0.15646265420272665
hpo-resnet-race-gender-ADD,Baseline,FairFace,RACE,gender,4608,fb9dc8,13,True,False,CosFace,CrossEntropy,Adam,100,1.07394811e-05,0.0003342426046,0.2947031963470319,0.7276281290069162,0.2276281290069162
hpo-resnet-race-gender-ADD,Baseline,FairFace,RACE,gender,4608,fffa90,13,True,False,Baseline,CrossEntropy,Adam,100,0.0010364905648,0.0005300615524,0.47789954337899543,0.6638227706829123,0.1638227706829123
hpo-resnet-race-age-ADD,Baseline,FairFace,RACE,age,4608,004013,40,True,False,Baseline,CrossEntropy,Adam,88,0.0002267733756,0.0015993807329,0.5241935447723635,0.28034841341886607,0.16923730230775497
hpo-resnet-race-age-ADD,Baseline,FairFace,RACE,age,4608,010bc6,13,False,False,ArcFace,Focal,Adam,74,9.20288469e-05,0.0074381593279,0.0,0.2247243238347193,0.11361321272360819
hpo-resnet-race-age-ADD,Baseline,FairFace,RACE,age,4608,010bc6,40,True,False,ArcFace,Focal,Adam,74,9.20288469e-05,0.0074381593279,0.0,0.17561813858323894,0.06450702747212783
hpo-resnet-race-age-ADD,Baseline,FairFace,RACE,age,4608,033fd9,40,True,False,CosFace,CrossEntropy,Adam,93,0.0001328014665,0.0015302678149,0.4274753277241683,0.30563980393315976,0.19452869282204865
hpo-resnet-race-age-ADD,Baseline,FairFace,RACE,age,4608,06882b,40,True,False,CosFace,Focal,Adam,95,0.0001405749698,0.0015791520895,0.43082823045263985,0.29783456666936625,0.18672345555825515
hpo-resnet-race-age-ADD,Baseline,FairFace,RACE,age,4608,0a1f75,120,True,True,Baseline,CrossEntropy,Adam,37,7.84365625e-05,0.0010535313409,0.5952119628379219,0.3033851964217978,0.19227408531068668
hpo-resnet-race-age-ADD,Baseline,FairFace,RACE,age,4608,0abf48,13,False,False,Baseline,CrossEntropy,Adam,87,0.0007928690088,0.0024234708542,0.27119574223916365,0.1666622957063832,0.055551184595272085
hpo-resnet-race-age-ADD,Baseline,FairFace,RACE,age,4608,0abf48,40,True,False,Baseline,CrossEntropy,Adam,87,0.0007928690088,0.0024234708542,0.4306903348006601,0.22440745180746852,0.11329634069635741
hpo-resnet-race-age-ADD,Baseline,FairFace,RACE,age,4608,1e0226,120,True,True,Baseline,CrossEntropy,Adam,45,2.099768e-06,0.0013323242831,0.575452714071907,0.27240837333083207,0.16129726221972096
hpo-resnet-race-age-ADD,Baseline,FairFace,RACE,age,4608,222fab,13,True,False,ArcFace,Focal,SGD,84,1.4390767e-06,0.1538837773572,0.0,0.27805939905733734,0.16694828794622624
hpo-resnet-race-age-ADD,Baseline,FairFace,RACE,age,4608,22ae96,40,False,False,CosFace,Focal,Adam,31,1.95327614e-05,1.08528732e-05,0.5054794381416007,0.2972199191639698,0.18610880805285868
hpo-resnet-race-age-ADD,Baseline,FairFace,RACE,age,4608,22ae96,120,True,True,CosFace,Focal,Adam,31,1.95327614e-05,1.08528732e-05,0.5369862867120194,0.2964018556212067,0.18529074451009558
hpo-resnet-race-age-ADD,Baseline,FairFace,RACE,age,4608,29763d,13,True,False,CosFace,CrossEntropy,Adam,99,0.0017427036879,0.0001593449906,0.3570970962934965,0.3257718165123458,0.21466070540123472
hpo-resnet-race-age-ADD,Baseline,FairFace,RACE,age,4608,29d7fb,40,True,False,ArcFace,Focal,SGD,35,0.0435815434585,0.0225507137772,0.19044573946769194,0.1111111111111111,0.0
hpo-resnet-race-age-ADD,Baseline,FairFace,RACE,age,4608,321bbd,120,True,True,Baseline,CrossEntropy,Adam,85,0.0009914991571,0.0040501961029,0.5257325961039616,0.27954731307669106,0.16843620196557996
hpo-resnet-race-age-ADD,Baseline,FairFace,RACE,age,4608,36de54,40,True,False,Baseline,CrossEntropy,Adam,95,9.34129654e-05,0.0015860891922,0.5478038452213926,0.27145727253524093,0.16034616142412983
hpo-resnet-race-age-ADD,Baseline,FairFace,RACE,age,4608,400b92,13,True,False,Baseline,CrossEntropy,Adam,87,9.16087184e-05,0.0059376707047,0.1416407197385322,0.1725776737895929,0.0614665626784818
hpo-resnet-race-age-ADD,Baseline,FairFace,RACE,age,4608,4087e4,13,True,False,ArcFace,CrossEntropy,Adam,97,1.999976e-06,0.0015612803503,0.0,0.23642902660885282,0.1253179154977417
hpo-resnet-race-age-ADD,Baseline,FairFace,RACE,age,4608,430783,13,True,False,CosFace,Focal,Adam,92,0.0210843238743,0.0014448174869,0.018268176487514,0.2330280914340616,0.12191698032295051
hpo-resnet-race-age-ADD,Baseline,FairFace,RACE,age,4608,45f01a,40,True,False,ArcFace,Focal,SGD,94,1.3275325e-06,0.0192681766575,0.0,0.16870564468341695,0.057594533572305845
hpo-resnet-race-age-ADD,Baseline,FairFace,RACE,age,4608,51ada4,13,True,False,CosFace,Focal,Adam,50,5.27168976e-05,0.0027223728601,0.23004566210045663,0.30130319008063633,0.19019207896952522
hpo-resnet-race-age-ADD,Baseline,FairFace,RACE,age,4608,56d440,13,False,False,Baseline,CrossEntropy,Adam,89,0.0001066937548,0.0015827197259,0.43979105226455195,0.2196177840589876,0.1085066729478765
hpo-resnet-race-age-ADD,Baseline,FairFace,RACE,age,4608,56d440,40,False,False,Baseline,CrossEntropy,Adam,89,0.0001066937548,0.0015827197259,0.5419721364974975,0.24474283331200264,0.13363172220089153
hpo-resnet-race-age-ADD,Baseline,FairFace,RACE,age,4608,56d440,120,True,True,Baseline,CrossEntropy,Adam,89,0.0001066937548,0.0015827197259,0.5874266802880072,0.278420918465456,0.16730980735434492
hpo-resnet-race-age-ADD,Baseline,FairFace,RACE,age,4608,579343,13,False,False,Baseline,CrossEntropy,Adam,93,0.0002220168974,0.0067929789452,0.1428571393710225,0.1111111111111111,0.0
hpo-resnet-race-age-ADD,Baseline,FairFace,RACE,age,4608,579343,40,True,False,Baseline,CrossEntropy,Adam,93,0.0002220168974,0.0067929789452,0.3862805915479901,0.23464634883288898,0.12353523772177788
hpo-resnet-race-age-ADD,Baseline,FairFace,RACE,age,4608,5a9d12,13,True,False,CosFace,Focal,SGD,94,4.86385705e-05,0.0763010683526,0.23276412714192796,0.3389011259066806,0.22779001479556948
hpo-resnet-race-age-ADD,Baseline,FairFace,RACE,age,4608,5b3791,40,True,False,ArcFace,Focal,SGD,88,1.1139418e-06,0.0094735170004,0.0,0.17486069973568324,0.06374958862457214
hpo-resnet-race-age-ADD,Baseline,FairFace,RACE,age,4608,5c08aa,120,True,True,Baseline,CrossEntropy,Adam,82,5.77033735e-05,0.0023033300505,0.5887457881170266,0.30419569308420347,0.19308458197309236
hpo-resnet-race-age-ADD,Baseline,FairFace,RACE,age,4608,5c678d,13,True,False,ArcFace,CrossEntropy,SGD,33,0.0023350605905,0.0083863720107,0.0,0.25411693255862133,0.14300582144751023
hpo-resnet-race-age-ADD,Baseline,FairFace,RACE,age,4608,5d1f85,40,True,False,Baseline,CrossEntropy,Adam,90,6.59379568e-05,0.0015870845719,0.5399177229453507,0.255606457354308,0.14449534624319688
hpo-resnet-race-age-ADD,Baseline,FairFace,RACE,age,4608,5e9b5d,13,False,False,Baseline,Focal,SGD,95,7.01027222e-05,0.0239979316289,0.4510090353969852,0.3241270193072838,0.21301590819617272
hpo-resnet-race-age-ADD,Baseline,FairFace,RACE,age,4608,5e9b5d,40,True,False,Baseline,Focal,SGD,95,7.01027222e-05,0.0239979316289,0.3315678896515155,0.2918059732116791,0.180694862100568
hpo-resnet-race-age-ADD,Baseline,FairFace,RACE,age,4608,5fa688,13,True,False,Baseline,Focal,Adam,95,0.0005826807414,0.0015381413189,0.37293397576000564,0.2444662107620935,0.13335509965098238
hpo-resnet-race-age-ADD,Baseline,FairFace,RACE,age,4608,6e16ea,13,True,False,CosFace,CrossEntropy,SGD,31,0.0986813387889,0.0001890897475,0.19077625228934092,0.3033409204332675,0.1922298093221564
hpo-resnet-race-age-ADD,Baseline,FairFace,RACE,age,4608,7697bc,13,False,False,Baseline,Focal,Adam,97,0.0017412429067,0.000263526404,0.458516065446954,0.255117400748254,0.1440062896371429
hpo-resnet-race-age-ADD,Baseline,FairFace,RACE,age,4608,7697bc,40,True,False,Baseline,Focal,Adam,97,0.0017412429067,0.000263526404,0.5853435417643764,0.28466566170795454,0.17355455059684344
hpo-resnet-race-age-ADD,Baseline,FairFace,RACE,age,4608,79304a,13,True,False,ArcFace,Focal,SGD,76,2.10693347e-05,0.1057856540281,0.0,0.26965165605332697,0.15854054494221587
hpo-resnet-race-age-ADD,Baseline,FairFace,RACE,age,4608,796c38,13,True,False,Baseline,CrossEntropy,Adam,83,0.0006873830544,0.0032112509016,0.32200603531541006,0.2037757272760743,0.09266461616496319
hpo-resnet-race-age-ADD,Baseline,FairFace,RACE,age,4608,7a9c4b,40,True,False,Baseline,CrossEntropy,Adam,90,4.86385705e-05,0.0026974684145,0.4716964100810235,0.20712713730387575,0.09601602619276464
hpo-resnet-race-age-ADD,Baseline,FairFace,RACE,age,4608,82cc4b,40,True,False,Baseline,CrossEntropy,Adam,70,2.26159263e-05,0.0030097975254,0.4029304084411034,0.2914261506559468,0.1803150395448357
hpo-resnet-race-age-ADD,Baseline,FairFace,RACE,age,4608,839479,13,True,False,Baseline,CrossEntropy,SGD,77,0.0120092620899,0.0452209842664,0.19014985079566638,0.1111111111111111,0.0
hpo-resnet-race-age-ADD,Baseline,FairFace,RACE,age,4608,84c0bb,40,True,False,Baseline,CrossEntropy,Adam,91,4.48178118e-05,0.0023683772262,0.4999543009471501,0.2177344328286938,0.10662332171758271
hpo-resnet-race-age-ADD,Baseline,FairFace,RACE,age,4608,88d2aa,13,True,False,Baseline,CrossEntropy,Adam,82,0.0012146586227,0.0015877922438,0.3476751704341017,0.19454603051660804,0.08343491940549694
hpo-resnet-race-age-ADD,Baseline,FairFace,RACE,age,4608,8c43b1,13,True,False,ArcFace,CrossEntropy,SGD,89,6.23770534e-05,0.0863331005279,0.0,0.2492887835156614,0.13817767240455028
hpo-resnet-race-age-ADD,Baseline,FairFace,RACE,age,4608,92788c,13,False,False,CosFace,Focal,Adam,67,1.3991094e-06,0.0020871033936,0.2947908042492824,0.31318377808479364,0.20207266697368254
hpo-resnet-race-age-ADD,Baseline,FairFace,RACE,age,4608,92788c,40,False,False,CosFace,Focal,Adam,67,1.3991094e-06,0.0020871033936,0.4868625790114849,0.30470392647346006,0.19359281536234896
hpo-resnet-race-age-ADD,Baseline,FairFace,RACE,age,4608,92788c,120,True,True,CosFace,Focal,Adam,67,1.3991094e-06,0.0020871033936,0.5528700871770116,0.2932257880529386,0.18211467694182748
hpo-resnet-race-age-ADD,Baseline,FairFace,RACE,age,4608,95c26a,40,True,False,Baseline,Focal,Adam,90,0.0124459416892,0.000263243157,0.2856881701700973,0.18128756374221314,0.07017645263110203
hpo-resnet-race-age-ADD,Baseline,FairFace,RACE,age,4608,99076b,13,True,False,CosFace,Focal,SGD,44,2.16497578e-05,0.0013083690547,0.3358331812795259,0.3493691438327292,0.2382580327216181
hpo-resnet-race-age-ADD,Baseline,FairFace,RACE,age,4608,9f29d4,40,True,False,ArcFace,Focal,Adam,96,0.0579647308565,0.0014950675024,0.0,0.20934590130580125,0.09823479019469014
hpo-resnet-race-age-ADD,Baseline,FairFace,RACE,age,4608,a3e179,13,True,False,CosFace,CrossEntropy,SGD,71,0.0012728514405,0.001015753153,0.33269231093235496,0.3356699660739753,0.2245588549628642
hpo-resnet-race-age-ADD,Baseline,FairFace,RACE,age,4608,ad56e6,40,True,False,Baseline,CrossEntropy,Adam,90,2.8189914e-06,0.0015612803503,0.37384546664516627,0.23854879326239434,0.12743768215128323
hpo-resnet-race-age-ADD,Baseline,FairFace,RACE,age,4608,ae67f0,120,True,True,ArcFace,CrossEntropy,Adam,99,2.5250481e-06,0.0015819748095,0.0,0.15686491029415459,0.04575379918304348
hpo-resnet-race-age-ADD,Baseline,FairFace,RACE,age,4608,af4deb,13,True,False,CosFace,Focal,Adam,48,1.047596e-06,0.0021677240041,0.25383771243848297,0.3235762374856635,0.2124651263745524
hpo-resnet-race-age-ADD,Baseline,FairFace,RACE,age,4608,b1f675,13,True,False,ArcFace,CrossEntropy,Adam,94,2.1756115e-06,0.0013722054428,0.0,0.23671762739067123,0.12560651627956013
hpo-resnet-race-age-ADD,Baseline,FairFace,RACE,age,4608,b4e7ef,13,True,False,ArcFace,CrossEntropy,Adam,99,0.0002318426154,0.0015410588329,0.0,0.2395211124357451,0.12841000132463398
hpo-resnet-race-age-ADD,Baseline,FairFace,RACE,age,4608,b589f2,120,True,True,Baseline,CrossEntropy,Adam,79,2.49193874e-05,0.000606224415,0.5253663173403058,0.308010805623488,0.19689969451237688
hpo-resnet-race-age-ADD,Baseline,FairFace,RACE,age,4608,b7da02,13,True,False,CosFace,CrossEntropy,Adam,97,6.93757513e-05,0.002527739156,0.24981724304065367,0.2984523771488476,0.1873412660377365
hpo-resnet-race-age-ADD,Baseline,FairFace,RACE,age,4608,c06f9d,13,True,False,ArcFace,CrossEntropy,Adam,93,1.849502e-06,0.0013974517989,0.0,0.220300260244992,0.10918914913388089
hpo-resnet-race-age-ADD,Baseline,FairFace,RACE,age,4608,c52c8a,13,False,False,Baseline,Focal,SGD,80,0.020595132777,0.0395892008802,0.1902014652014652,0.1111111111111111,0.0
hpo-resnet-race-age-ADD,Baseline,FairFace,RACE,age,4608,c52c8a,40,True,False,Baseline,Focal,SGD,80,0.020595132777,0.0395892008802,0.1902014652014652,0.1111111111111111,0.0
hpo-resnet-race-age-ADD,Baseline,FairFace,RACE,age,4608,c73c19,40,True,False,CosFace,Focal,SGD,98,1.866235e-06,0.2065742284779,0.4640797981980671,0.31185604690925145,0.20074493579814034
hpo-resnet-race-age-ADD,Baseline,FairFace,RACE,age,4608,cca09a,120,True,True,ArcFace,Focal,Adam,93,2.1133409e-06,0.001567094643,0.0,0.14873508030686272,0.037623969195751616
hpo-resnet-race-age-ADD,Baseline,FairFace,RACE,age,4608,cefc1c,40,True,False,ArcFace,Focal,SGD,92,2.2030346e-06,0.0053595137404,0.0,0.17131748062578145,0.060206369514670344
hpo-resnet-race-age-ADD,Baseline,FairFace,RACE,age,4608,e1fd7b,13,True,False,ArcFace,Focal,SGD,91,2.4985363e-06,0.0002175229729,0.0,0.2789094714705155,0.16779836035940437
hpo-resnet-race-age-ADD,Baseline,FairFace,RACE,age,4608,e2bf1f,120,True,True,Baseline,Focal,SGD,94,0.0001553247098,0.0001406157744,0.5478038470223227,0.36839885821519575,0.25728774710408464
hpo-resnet-race-age-ADD,Baseline,FairFace,RACE,age,4608,e358bd,40,True,False,Baseline,CrossEntropy,Adam,32,1.9590975e-06,0.0007043675336,0.28152412280701755,0.25774864353976185,0.14663753242865074
hpo-resnet-race-age-ADD,Baseline,FairFace,RACE,age,4608,e40edd,13,True,False,ArcFace,Focal,SGD,83,0.0005015546398,0.0014521087681,0.0,0.28533060560595846,0.17421949449484736
hpo-resnet-race-age-ADD,Baseline,FairFace,RACE,age,4608,e92f16,120,True,True,ArcFace,Focal,SGD,89,1.3107139e-06,0.1542029544297,0.0,0.14732196896940508,0.03621085785829398
hpo-resnet-race-age-ADD,Baseline,FairFace,RACE,age,4608,ee4e96,13,True,False,ArcFace,Focal,SGD,92,0.0034200738626,0.1760131780855,0.0,0.1111111111111111,0.0
hpo-resnet-race-age-ADD,Baseline,FairFace,RACE,age,4608,f01570,13,True,False,ArcFace,Focal,Adam,93,1.2763102e-06,0.0015675902591,0.0,0.21398877594072505,0.10287766482961394
hpo-resnet-race-age-ADD,Baseline,FairFace,RACE,age,4608,f0cb1c,13,False,False,ArcFace,Focal,SGD,77,0.0151493436634,0.0519419345275,0.0,0.1111111111111111,0.0
hpo-resnet-race-age-ADD,Baseline,FairFace,RACE,age,4608,f0cb1c,40,False,False,ArcFace,Focal,SGD,77,0.0151493436634,0.0519419345275,0.0,0.1111111111111111,0.0
hpo-resnet-race-age-ADD,Baseline,FairFace,RACE,age,4608,f0cb1c,120,True,True,ArcFace,Focal,SGD,77,0.0151493436634,0.0519419345275,0.19042397379875187,0.1111111111111111,0.0
hpo-resnet-race-age-ADD,Baseline,FairFace,RACE,age,4608,f70b4f,13,True,False,Baseline,CrossEntropy,SGD,91,0.0019876598277,0.0992383074541,0.3661637102527383,0.26728522900528184,0.15617411789417074
hpo-resnet-race-age-ADD,Baseline,FairFace,RACE,age,4608,f7b495,40,False,False,Baseline,CrossEntropy,Adam,35,6.2866403e-06,0.0002045426722,0.5877785778934171,0.2958919344131831,0.18478082330207202
hpo-resnet-race-age-ADD,Baseline,FairFace,RACE,age,4608,f7b495,120,True,True,Baseline,CrossEntropy,Adam,35,6.2866403e-06,0.0002045426722,0.6434051735800986,0.29963955377426177,0.18852844266315066
hpo-resnet-race-age-ADD,Baseline,FairFace,RACE,age,4608,fc7211,40,False,False,Baseline,CrossEntropy,Adam,94,0.0001082917249,0.0015811221334,0.5615012240102875,0.26121659348636517,0.15010548237525406
hpo-resnet-race-age-ADD,Baseline,FairFace,RACE,age,4608,fc7211,120,True,True,Baseline,CrossEntropy,Adam,94,0.0001082917249,0.0015811221334,0.6008583596028995,0.27143621944364676,0.16032510833253566
hpo-resnet-gender-race-REBUTTAL,IR_SE_50,FairFace,GENDER,race,512,010bc6,13,True,False,ArcFace,Focal,Adam,74,9.20288469e-05,0.0074381593279,0.5287618836841068,0.14285714285714285,0.0
hpo-resnet-gender-race-REBUTTAL,IR_SE_50,FairFace,GENDER,race,512,021426,40,True,False,CosFace,CrossEntropy,Adam,99,2.10417606e-05,8.80135367e-05,0.8403953422238475,0.23158000739350035,0.0887228645363575
hpo-resnet-gender-race-REBUTTAL,IR_SE_50,FairFace,GENDER,race,512,050ae5,13,True,False,Linear,Focal,Adam,98,1.51446659e-05,0.0072043022487,0.8348128369250105,0.27160702869074954,0.1287498858336067
hpo-resnet-gender-race-REBUTTAL,IR_SE_50,FairFace,GENDER,race,512,06090f,13,True,False,Linear,CrossEntropy,SGD,30,0.0098984147719,0.0001000322972,0.8173515718538467,0.40197398962268077,0.2591168467655379
hpo-resnet-gender-race-REBUTTAL,IR_SE_50,FairFace,GENDER,race,512,098187,40,False,False,Linear,CrossEntropy,Adam,98,3.86040894e-05,0.0025925352262,0.895854289307188,0.20350227404785204,0.06064513119070919
hpo-resnet-gender-race-REBUTTAL,IR_SE_50,FairFace,GENDER,race,512,098187,120,True,True,Linear,CrossEntropy,Adam,98,3.86040894e-05,0.0025925352262,0.9018028512450077,0.21115557200157836,0.06829842914443551
hpo-resnet-gender-race-REBUTTAL,IR_SE_50,FairFace,GENDER,race,512,0a72e5,13,False,False,ArcFace,CrossEntropy,Adam,98,8.0173115e-06,0.0048033237422,0.5287819115677221,0.14285714285714285,0.0
hpo-resnet-gender-race-REBUTTAL,IR_SE_50,FairFace,GENDER,race,512,0a72e5,40,False,False,ArcFace,CrossEntropy,Adam,98,8.0173115e-06,0.0048033237422,0.5283243285380137,0.14285714285714285,0.0
hpo-resnet-gender-race-REBUTTAL,IR_SE_50,FairFace,GENDER,race,512,0a72e5,120,True,True,ArcFace,CrossEntropy,Adam,98,8.0173115e-06,0.0048033237422,0.5289649445059054,0.14285714285714285,0.0
hpo-resnet-gender-race-REBUTTAL,IR_SE_50,FairFace,GENDER,race,512,0ab749,13,True,False,ArcFace,Focal,Adam,98,1.09824814e-05,0.0080968982485,0.5286903948420366,0.14285714285714285,0.0
hpo-resnet-gender-race-REBUTTAL,IR_SE_50,FairFace,GENDER,race,512,0c09bb,40,True,False,Linear,CrossEntropy,SGD,99,0.0059757807539,0.305453435585,0.7682803986211529,0.1595824439537037,0.01672530109656084
hpo-resnet-gender-race-REBUTTAL,IR_SE_50,FairFace,GENDER,race,512,0c5b4b,13,True,False,CosFace,CrossEntropy,SGD,97,0.0074936946668,0.0402164633958,0.12006578642025323,0.26737630489735814,0.12451916204021529
hpo-resnet-gender-race-REBUTTAL,IR_SE_50,FairFace,GENDER,race,512,0c98ec,120,True,True,CosFace,CrossEntropy,Adam,98,0.0056148298625,0.0009103159214,0.8491809201775111,0.2203820345841591,0.07752489172701624
hpo-resnet-gender-race-REBUTTAL,IR_SE_50,FairFace,GENDER,race,512,0c9b47,120,True,True,Linear,Focal,Adam,98,1.27384382e-05,0.0040624081177,0.8948476091735565,0.20333879046424053,0.06048164760709768
hpo-resnet-gender-race-REBUTTAL,IR_SE_50,FairFace,GENDER,race,512,0cea75,13,True,False,Linear,Focal,SGD,63,0.0677381237359,0.0066244299703,0.6971580107691605,0.27311090787797265,0.1302537650208298
hpo-resnet-gender-race-REBUTTAL,IR_SE_50,FairFace,GENDER,race,512,0cf761,120,True,True,Linear,Focal,SGD,98,0.0274166594092,0.0175929064942,0.8999725266529306,0.1663807832342871,0.023523640377144245
hpo-resnet-gender-race-REBUTTAL,IR_SE_50,FairFace,GENDER,race,512,0f7e8f,40,True,False,Linear,Focal,Adam,98,2.4470581e-05,0.0031078614334,0.8849638370120472,0.18257258638204096,0.039715443524898114
hpo-resnet-gender-race-REBUTTAL,IR_SE_50,FairFace,GENDER,race,512,0fe86a,13,True,False,Linear,Focal,Adam,45,0.0757909508931,9.92576015e-05,0.601060908066195,0.26184887506500176,0.11899173220785891
hpo-resnet-gender-race-REBUTTAL,IR_SE_50,FairFace,GENDER,race,512,112c2f,120,True,True,Linear,CrossEntropy,Adam,97,0.0003832012926,0.0072043022487,0.8757309686091908,0.198785500761498,0.05592835790435516
hpo-resnet-gender-race-REBUTTAL,IR_SE_50,FairFace,GENDER,race,512,11feec,13,False,False,Linear,CrossEntropy,SGD,71,0.0012728514405,0.001015753153,0.8517399509136493,0.38567997956557803,0.24282283670843519
hpo-resnet-gender-race-REBUTTAL,IR_SE_50,FairFace,GENDER,race,512,11feec,40,True,False,Linear,CrossEntropy,SGD,71,0.0012728514405,0.001015753153,0.8995421473185222,0.36088070773132114,0.2180235648741783
hpo-resnet-gender-race-REBUTTAL,IR_SE_50,FairFace,GENDER,race,512,12ca21,40,True,False,Linear,Focal,Adam,30,0.0725725882594,0.0004662620494,0.6496803460839676,0.2546173666330275,0.11176022377588463
hpo-resnet-gender-race-REBUTTAL,IR_SE_50,FairFace,GENDER,race,512,12e165,40,True,False,CosFace,CrossEntropy,Adam,96,0.0386477331005,0.002088312913,0.6768091820833976,0.22789261331050467,0.08503547045336182
hpo-resnet-gender-race-REBUTTAL,IR_SE_50,FairFace,GENDER,race,512,13e0a2,13,True,False,Linear,CrossEntropy,SGD,100,0.0487119700408,0.0350549328512,0.6606392694063926,0.19779040559397346,0.05493326273683061
hpo-resnet-gender-race-REBUTTAL,IR_SE_50,FairFace,GENDER,race,512,17feb3,13,True,False,Linear,Focal,Adam,56,0.0042703178302,0.0001472999791,0.7913774086447323,0.24151360676904865,0.0986564639119058
hpo-resnet-gender-race-REBUTTAL,IR_SE_50,FairFace,GENDER,race,512,19c81e,13,True,False,Linear,Focal,SGD,97,0.0063259329824,0.2460801887863,0.6492141516166821,0.1755132039357239,0.032656061078581045
hpo-resnet-gender-race-REBUTTAL,IR_SE_50,FairFace,GENDER,race,512,1a2c9d,40,True,False,Linear,CrossEntropy,Adam,43,0.0804788721273,0.0004600468668,0.6552417455662236,0.26224139865349366,0.11938425579635081
hpo-resnet-gender-race-REBUTTAL,IR_SE_50,FairFace,GENDER,race,512,1b127e,13,True,False,Linear,Focal,Adam,37,0.0013776890074,0.000147718281,0.7987938203937129,0.23422666678913293,0.09136952393199008
hpo-resnet-gender-race-REBUTTAL,IR_SE_50,FairFace,GENDER,race,512,1b7ef7,40,True,False,Linear,CrossEntropy,Adam,97,2.70818631e-05,0.0015487285544,0.9013157627038788,0.20421834133842984,0.06136119848128699
hpo-resnet-gender-race-REBUTTAL,IR_SE_50,FairFace,GENDER,race,512,1c98f7,120,True,True,Linear,Focal,SGD,98,0.0308910892856,0.0132228165947,0.9030840848914177,0.17286792091867473,0.03001077806153188
hpo-resnet-gender-race-REBUTTAL,IR_SE_50,FairFace,GENDER,race,512,1dbd2f,13,True,False,CosFace,Focal,Adam,97,0.0017412429067,0.000263526404,0.7452485134727077,0.25142660841379477,0.10856946555665192
hpo-resnet-gender-race-REBUTTAL,IR_SE_50,FairFace,GENDER,race,512,1e1f30,40,True,False,Linear,CrossEntropy,SGD,49,0.0407765115414,0.0043652848935,0.8151498270871346,0.22276979053641313,0.07991264767927028
hpo-resnet-gender-race-REBUTTAL,IR_SE_50,FairFace,GENDER,race,512,1e85e6,13,True,False,Linear,CrossEntropy,Adam,97,0.0121245036488,0.0093555097339,0.6102887143586812,0.2514587569372906,0.10860161408014773
hpo-resnet-gender-race-REBUTTAL,IR_SE_50,FairFace,GENDER,race,512,25b67d,40,True,False,Linear,CrossEntropy,SGD,33,0.0177710311284,0.0001014056158,0.8958333333333333,0.35491279846471613,0.21205565560757328
hpo-resnet-gender-race-REBUTTAL,IR_SE_50,FairFace,GENDER,race,512,27f399,13,False,False,ArcFace,Focal,SGD,99,0.0631774455711,0.0205056796557,0.5288734270104378,0.14285714285714285,0.0
hpo-resnet-gender-race-REBUTTAL,IR_SE_50,FairFace,GENDER,race,512,27f399,40,False,False,ArcFace,Focal,SGD,99,0.0631774455711,0.0205056796557,0.5285988789716644,0.14285714285714285,0.0
hpo-resnet-gender-race-REBUTTAL,IR_SE_50,FairFace,GENDER,race,512,27f399,120,True,True,ArcFace,Focal,SGD,99,0.0631774455711,0.0205056796557,0.5288734288065957,0.14285714285714285,0.0
hpo-resnet-gender-race-REBUTTAL,IR_SE_50,FairFace,GENDER,race,512,28178a,13,True,False,ArcFace,Focal,SGD,42,1.80926834e-05,0.0276458797939,0.5287450840194028,0.14285714285714285,0.0
hpo-resnet-gender-race-REBUTTAL,IR_SE_50,FairFace,GENDER,race,512,287830,13,True,False,ArcFace,CrossEntropy,SGD,99,0.0579394128621,0.0006158592097,0.3944357989187197,0.20261910920338436,0.05976196634624151
hpo-resnet-gender-race-REBUTTAL,IR_SE_50,FairFace,GENDER,race,512,294d26,13,True,False,Linear,Focal,Adam,39,0.0663029524703,0.0002556149472,0.5666118340359794,0.23335016049752166,0.09049301764037881
hpo-resnet-gender-race-REBUTTAL,IR_SE_50,FairFace,GENDER,race,512,29d7fb,40,True,False,ArcFace,Focal,SGD,35,0.0435815434585,0.0225507137772,0.5289550491001296,0.14285714285714285,0.0
hpo-resnet-gender-race-REBUTTAL,IR_SE_50,FairFace,GENDER,race,512,29f131,13,True,False,Linear,CrossEntropy,SGD,30,0.0128076571458,0.0001010277521,0.8132419835443366,0.4011382752304243,0.25828113237328143
hpo-resnet-gender-race-REBUTTAL,IR_SE_50,FairFace,GENDER,race,512,2a0fef,13,True,False,ArcFace,Focal,SGD,99,0.0142482518852,0.0007378127017,0.5547725761310937,0.25381102589925114,0.11095388304210829
hpo-resnet-gender-race-REBUTTAL,IR_SE_50,FairFace,GENDER,race,512,2c67b6,120,True,True,CosFace,Focal,SGD,94,0.0001553247098,0.0001406157744,0.852798828648907,0.27756278595353434,0.1347056430963915
hpo-resnet-gender-race-REBUTTAL,IR_SE_50,FairFace,GENDER,race,512,2de1ce,40,True,False,Linear,CrossEntropy,SGD,100,0.0497990049984,0.0054402505434,0.8414611872146119,0.17271781223100086,0.029860669373858006
hpo-resnet-gender-race-REBUTTAL,IR_SE_50,FairFace,GENDER,race,512,2e166e,40,True,False,Linear,CrossEntropy,Adam,99,5.63668156e-05,0.004476417828,0.881028628498984,0.2259531382496828,0.08309599539253995
hpo-resnet-gender-race-REBUTTAL,IR_SE_50,FairFace,GENDER,race,512,2fe3a2,13,True,False,ArcFace,CrossEntropy,Adam,98,3.5549169e-06,0.0039551598237,0.5285988791427271,0.14285714285714285,0.0
hpo-resnet-gender-race-REBUTTAL,IR_SE_50,FairFace,GENDER,race,512,2feb86,40,False,False,Linear,CrossEntropy,SGD,100,0.0532206070568,0.4190445554848,0.6410958904109588,0.15121002789750956,0.008352885040366714
hpo-resnet-gender-race-REBUTTAL,IR_SE_50,FairFace,GENDER,race,512,2feb86,120,True,True,Linear,CrossEntropy,SGD,100,0.0532206070568,0.4190445554848,0.7900456621004567,0.16108364672960374,0.018226503872460886
hpo-resnet-gender-race-REBUTTAL,IR_SE_50,FairFace,GENDER,race,512,328421,13,True,False,Linear,Focal,Adam,97,0.000793064693,0.0077274025444,0.7090643042848821,0.2692212917200939,0.12636414886295105
hpo-resnet-gender-race-REBUTTAL,IR_SE_50,FairFace,GENDER,race,512,36b011,13,True,False,CosFace,CrossEntropy,Adam,97,0.0199508435919,0.0087682532553,0.3312317134622942,0.24954226721570202,0.10668512435855917
hpo-resnet-gender-race-REBUTTAL,IR_SE_50,FairFace,GENDER,race,512,36cc72,40,True,False,Linear,CrossEntropy,Adam,99,0.0094593150897,0.007773232221,0.6601995033640498,0.2313371729802677,0.08848003012312486
hpo-resnet-gender-race-REBUTTAL,IR_SE_50,FairFace,GENDER,race,512,3a913b,40,True,False,Linear,CrossEntropy,Adam,43,0.0768385802714,0.0005213655298,0.6533223591107096,0.2374870739671551,0.09462993111001225
hpo-resnet-gender-race-REBUTTAL,IR_SE_50,FairFace,GENDER,race,512,4047b6,120,True,True,ArcFace,Focal,SGD,72,3.93729864e-05,0.0579010003392,0.796143966975965,0.19041707635869673,0.04755993350155388
hpo-resnet-gender-race-REBUTTAL,IR_SE_50,FairFace,GENDER,race,512,44379c,120,True,True,Linear,CrossEntropy,Adam,99,0.0112022459528,0.0051889650385,0.8552210044005527,0.20974778714054218,0.06689064428339933
hpo-resnet-gender-race-REBUTTAL,IR_SE_50,FairFace,GENDER,race,512,4976bc,13,True,False,Linear,CrossEntropy,Adam,97,0.0195494651302,0.0083592003751,0.6144005593082361,0.2603919603795188,0.11753481752237593
hpo-resnet-gender-race-REBUTTAL,IR_SE_50,FairFace,GENDER,race,512,4a7994,13,True,False,Linear,CrossEntropy,SGD,34,0.0088214128684,0.000100410085,0.8158567509740036,0.400078908235698,0.2572217653785552
hpo-resnet-gender-race-REBUTTAL,IR_SE_50,FairFace,GENDER,race,512,4bc10a,40,False,False,Linear,CrossEntropy,Adam,98,1.64238864e-05,0.0030270580523,0.902351953138685,0.20961629714510113,0.06675915428795828
hpo-resnet-gender-race-REBUTTAL,IR_SE_50,FairFace,GENDER,race,512,4bc10a,120,True,True,Linear,CrossEntropy,Adam,98,1.64238864e-05,0.0030270580523,0.8987828139232412,0.1904811684050658,0.047624025547922944
hpo-resnet-gender-race-REBUTTAL,IR_SE_50,FairFace,GENDER,race,512,4d06fa,40,True,False,Linear,Focal,SGD,99,0.0097521751254,0.0864207235339,0.7664500736869505,0.15531740143393277,0.012460258576789923
hpo-resnet-gender-race-REBUTTAL,IR_SE_50,FairFace,GENDER,race,512,4e41c3,40,False,False,CosFace,CrossEntropy,Adam,100,0.0004649088637,0.0018795213313,0.8079452054794521,0.226421535890081,0.08356439303293814
hpo-resnet-gender-race-REBUTTAL,IR_SE_50,FairFace,GENDER,race,512,4e41c3,120,True,True,CosFace,CrossEntropy,Adam,100,0.0004649088637,0.0018795213313,0.8489497716894977,0.22207076878249546,0.07921362592535261
hpo-resnet-gender-race-REBUTTAL,IR_SE_50,FairFace,GENDER,race,512,5313ff,120,True,True,Linear,Focal,SGD,98,0.0461797515881,0.0054355433163,0.901894371819603,0.1669671931889291,0.02411005033178626
hpo-resnet-gender-race-REBUTTAL,IR_SE_50,FairFace,GENDER,race,512,531aca,120,True,True,Linear,Focal,Adam,99,1.942195e-06,0.0075523404126,0.8991488815102342,0.20492006192809128,0.062062919070948436
hpo-resnet-gender-race-REBUTTAL,IR_SE_50,FairFace,GENDER,race,512,53aaf8,120,True,True,CosFace,Focal,Adam,96,0.001433462283,4.85981376e-05,0.8627558239719323,0.24180493988335103,0.09894779702620818
hpo-resnet-gender-race-REBUTTAL,IR_SE_50,FairFace,GENDER,race,512,5626c5,13,True,False,Linear,Focal,SGD,94,4.86385705e-05,0.0763010683526,0.7979179958621831,0.30337051659402686,0.160513373736884
hpo-resnet-gender-race-REBUTTAL,IR_SE_50,FairFace,GENDER,race,512,57caef,120,True,True,Linear,CrossEntropy,Adam,98,2.9100075e-06,0.0040599139279,0.9006131412523211,0.2089506830951848,0.06609354023804195
hpo-resnet-gender-race-REBUTTAL,IR_SE_50,FairFace,GENDER,race,512,588754,40,True,False,Linear,CrossEntropy,SGD,97,0.0084422821502,0.0040055305608,0.9019553837023284,0.18968694421008922,0.04682980135294637
hpo-resnet-gender-race-REBUTTAL,IR_SE_50,FairFace,GENDER,race,512,5b12b8,13,True,False,Linear,Focal,SGD,44,2.16497578e-05,0.0013083690547,0.8285165422159422,0.4042924323253014,0.2614352894681585
hpo-resnet-gender-race-REBUTTAL,IR_SE_50,FairFace,GENDER,race,512,5c678d,13,True,False,ArcFace,CrossEntropy,SGD,33,0.0023350605905,0.0083863720107,0.5285087719298246,0.14285714285714285,0.0
hpo-resnet-gender-race-REBUTTAL,IR_SE_50,FairFace,GENDER,race,512,5dc3de,13,True,False,Linear,Focal,SGD,65,0.0436373021925,0.0119762468776,0.6608187134502924,0.2956853420110445,0.15282819915390167
hpo-resnet-gender-race-REBUTTAL,IR_SE_50,FairFace,GENDER,race,512,5e949f,40,True,False,Linear,CrossEntropy,SGD,98,0.0090686870363,0.0122958988084,0.8716939602839038,0.189095174977725,0.04623803212058214
hpo-resnet-gender-race-REBUTTAL,IR_SE_50,FairFace,GENDER,race,512,5ef47f,40,True,False,ArcFace,Focal,SGD,32,0.0001637259268,0.074030942149,0.5286915204678363,0.14285714285714285,0.0
hpo-resnet-gender-race-REBUTTAL,IR_SE_50,FairFace,GENDER,race,512,62c32c,40,True,False,Linear,CrossEntropy,Adam,97,0.0016185172103,0.0017146871694,0.8574561155888073,0.21092808054598258,0.06807093768883973
hpo-resnet-gender-race-REBUTTAL,IR_SE_50,FairFace,GENDER,race,512,647fb6,13,True,False,Linear,CrossEntropy,SGD,33,0.0665385458596,0.0002014750285,0.8436586257309941,0.258027429299945,0.11517028644280214
hpo-resnet-gender-race-REBUTTAL,IR_SE_50,FairFace,GENDER,race,512,66ca7e,13,True,False,Linear,CrossEntropy,Adam,36,0.0310084602099,0.0001515534119,0.7312682388330761,0.26273045212541685,0.119873309268274
hpo-resnet-gender-race-REBUTTAL,IR_SE_50,FairFace,GENDER,race,512,673307,13,True,False,Linear,CrossEntropy,SGD,36,0.0253600550616,0.0001012012798,0.8291300789306039,0.40086701237761335,0.2580098695204705
hpo-resnet-gender-race-REBUTTAL,IR_SE_50,FairFace,GENDER,race,512,694ec6,40,True,False,CosFace,Focal,Adam,90,0.0124459416892,0.000263243157,0.7914037803367332,0.22020888722816373,0.07735174437102088
hpo-resnet-gender-race-REBUTTAL,IR_SE_50,FairFace,GENDER,race,512,6996fb,40,False,False,Linear,CrossEntropy,Adam,100,6.22226339e-05,0.0030462100825,0.8840182648401825,0.19234760390543565,0.0494904610482928
hpo-resnet-gender-race-REBUTTAL,IR_SE_50,FairFace,GENDER,race,512,6996fb,120,True,True,Linear,CrossEntropy,Adam,100,6.22226339e-05,0.0030462100825,0.8990867579908675,0.20579829537810918,0.06294115252096633
hpo-resnet-gender-race-REBUTTAL,IR_SE_50,FairFace,GENDER,race,512,6b954e,40,True,False,Linear,Focal,SGD,76,0.0531636727764,0.0109780439127,0.7895650507344141,0.22926327912317251,0.08640613626602967
hpo-resnet-gender-race-REBUTTAL,IR_SE_50,FairFace,GENDER,race,512,6f136b,120,True,True,Linear,Focal,Adam,96,0.0002278821901,0.0015072478117,0.899214156301398,0.19435964305539946,0.05150250019825661
hpo-resnet-gender-race-REBUTTAL,IR_SE_50,FairFace,GENDER,race,512,6f7728,13,True,False,Linear,Focal,Adam,41,0.0509247927884,0.0001545185819,0.606581352833638,0.2539148612250714,0.11105771836792855
hpo-resnet-gender-race-REBUTTAL,IR_SE_50,FairFace,GENDER,race,512,70c3e6,120,True,True,Linear,Focal,Adam,33,1.70859481e-05,0.0028553300145,0.8985745614035088,0.21295079198508324,0.07009364912794039
hpo-resnet-gender-race-REBUTTAL,IR_SE_50,FairFace,GENDER,race,512,722c7e,40,True,False,Linear,CrossEntropy,Adam,98,3.13015033e-05,0.0022771395805,0.8984167483890003,0.21189984313273255,0.0690427002755897
hpo-resnet-gender-race-REBUTTAL,IR_SE_50,FairFace,GENDER,race,512,78e5c1,40,True,False,Linear,CrossEntropy,SGD,37,0.0767966529705,0.000100269894,0.9073464645837482,0.19528846110351666,0.052431318246373815
hpo-resnet-gender-race-REBUTTAL,IR_SE_50,FairFace,GENDER,race,512,79304a,13,False,False,ArcFace,Focal,SGD,76,2.10693347e-05,0.1057856540281,0.5287828873925738,0.14285714285714285,0.0
hpo-resnet-gender-race-REBUTTAL,IR_SE_50,FairFace,GENDER,race,512,79304a,40,True,False,ArcFace,Focal,SGD,76,2.10693347e-05,0.1057856540281,0.528600138425827,0.14285714285714285,0.0
hpo-resnet-gender-race-REBUTTAL,IR_SE_50,FairFace,GENDER,race,512,8095c0,40,True,False,CosFace,CrossEntropy,Adam,97,0.0001619571277,0.0011194548179,0.8255664929172448,0.23342409071838746,0.09056694786124461
hpo-resnet-gender-race-REBUTTAL,IR_SE_50,FairFace,GENDER,race,512,81477b,13,True,False,Linear,Focal,Adam,30,5.4938637e-06,0.0029630525055,0.8252967772810426,0.2647957592650024,0.12193861640785952
hpo-resnet-gender-race-REBUTTAL,IR_SE_50,FairFace,GENDER,race,512,833dc6,40,False,False,Linear,CrossEntropy,SGD,100,0.0132290184364,0.9826609792511,0.5289497716894977,0.14285714285714285,0.0
hpo-resnet-gender-race-REBUTTAL,IR_SE_50,FairFace,GENDER,race,512,833dc6,120,True,True,Linear,CrossEntropy,SGD,100,0.0132290184364,0.9826609792511,0.5287671232876713,0.14285714285714285,0.0
hpo-resnet-gender-race-REBUTTAL,IR_SE_50,FairFace,GENDER,race,512,838b00,13,True,False,Linear,Focal,SGD,98,0.0336076457195,0.0039727710513,0.8107440209495647,0.16821045112891755,0.025353308271774705
hpo-resnet-gender-race-REBUTTAL,IR_SE_50,FairFace,GENDER,race,512,83cc1b,40,True,False,Linear,Focal,Adam,98,2.78416484e-05,0.0024609457465,0.8834080553268637,0.20901125775686208,0.06615411489971923
hpo-resnet-gender-race-REBUTTAL,IR_SE_50,FairFace,GENDER,race,512,8645d2,40,True,False,CosFace,Focal,Adam,99,0.0002717553115,0.0021729687893,0.8266678804132436,0.2206826327037628,0.07782548984661994
hpo-resnet-gender-race-REBUTTAL,IR_SE_50,FairFace,GENDER,race,512,87a7aa,13,True,False,Linear,Focal,SGD,98,0.0457040618477,0.0117276360757,0.7115402228522194,0.279577184977348,0.13672004212020517
hpo-resnet-gender-race-REBUTTAL,IR_SE_50,FairFace,GENDER,race,512,8adbc5,13,True,False,Linear,CrossEntropy,Adam,39,0.0896723142589,0.0007636742177,0.5956688515014119,0.2682289452929557,0.12537180243581286
hpo-resnet-gender-race-REBUTTAL,IR_SE_50,FairFace,GENDER,race,512,8d9bc2,40,True,False,Linear,Focal,Adam,37,0.0971340757039,0.0001493958935,0.7398574189763321,0.2568245173648696,0.11396737450772676
hpo-resnet-gender-race-REBUTTAL,IR_SE_50,FairFace,GENDER,race,512,8dbb21,40,True,False,Linear,CrossEntropy,Adam,100,1.6083913e-05,0.0081519147886,0.8836529680365297,0.22882752845402038,0.08597038559687753
hpo-resnet-gender-race-REBUTTAL,IR_SE_50,FairFace,GENDER,race,512,8fd31b,40,True,False,ArcFace,Focal,SGD,70,0.0001142368489,0.1292587714123,0.5290293169632936,0.14285714285714285,0.0
hpo-resnet-gender-race-REBUTTAL,IR_SE_50,FairFace,GENDER,race,512,90d76c,120,True,True,CosFace,CrossEntropy,Adam,98,7.67828261e-05,0.0009792424202,0.8783746587642105,0.2253339686882889,0.08247682583114604
hpo-resnet-gender-race-REBUTTAL,IR_SE_50,FairFace,GENDER,race,512,9917f0,13,True,False,Linear,CrossEntropy,Adam,31,0.0678788882396,0.0001521414919,0.5999086589682592,0.2728677314317756,0.13001058857463277
hpo-resnet-gender-race-REBUTTAL,IR_SE_50,FairFace,GENDER,race,512,9a71be,120,True,True,Linear,Focal,SGD,97,0.0224020234297,0.0015484142672,0.9084429556863349,0.1692690210666575,0.026411878209514655
hpo-resnet-gender-race-REBUTTAL,IR_SE_50,FairFace,GENDER,race,512,9b0065,13,False,False,Linear,CrossEntropy,SGD,31,0.0986813387889,0.0001890897475,0.8310502023043698,0.18177206732038373,0.03891492446324088
hpo-resnet-gender-race-REBUTTAL,IR_SE_50,FairFace,GENDER,race,512,9b0065,40,True,False,Linear,CrossEntropy,SGD,31,0.0986813387889,0.0001890897475,0.8870319365409955,0.17396638255092617,0.03110923969378332
hpo-resnet-gender-race-REBUTTAL,IR_SE_50,FairFace,GENDER,race,512,9db0b3,120,True,True,Linear,Focal,Adam,55,3.9621633e-06,0.0029318717514,0.9021490410698785,0.2091146545307093,0.06625751167356644
hpo-resnet-gender-race-REBUTTAL,IR_SE_50,FairFace,GENDER,race,512,a23abf,13,True,False,CosFace,CrossEntropy,SGD,91,0.0019876598277,0.0992383074541,0.5015089416503906,0.2866179458674337,0.14376080301029087
hpo-resnet-gender-race-REBUTTAL,IR_SE_50,FairFace,GENDER,race,512,a59916,40,True,False,ArcFace,Focal,Adam,98,1.0890039e-06,0.0039321681413,0.528598878629539,0.14285714285714285,0.0
hpo-resnet-gender-race-REBUTTAL,IR_SE_50,FairFace,GENDER,race,512,a80ddc,13,False,False,Linear,CrossEntropy,Adam,97,1.74964614e-05,0.0079294817036,0.8316885734022709,0.2578604791129137,0.11500333625577086
hpo-resnet-gender-race-REBUTTAL,IR_SE_50,FairFace,GENDER,race,512,a80ddc,40,True,False,Linear,CrossEntropy,Adam,97,1.74964614e-05,0.0079294817036,0.8816702949791623,0.20272391656218552,0.059866773705042675
hpo-resnet-gender-race-REBUTTAL,IR_SE_50,FairFace,GENDER,race,512,ad0d2d,13,True,False,ArcFace,CrossEntropy,Adam,98,1.39065773e-05,0.0033381020978,0.5287819112255969,0.14285714285714285,0.0
hpo-resnet-gender-race-REBUTTAL,IR_SE_50,FairFace,GENDER,race,512,adc25c,13,False,False,Linear,Focal,Adam,50,5.27168976e-05,0.0027223728601,0.8036529680365296,0.2527196439360912,0.10986250107894835
hpo-resnet-gender-race-REBUTTAL,IR_SE_50,FairFace,GENDER,race,512,adc25c,40,True,False,Linear,Focal,Adam,50,5.27168976e-05,0.0027223728601,0.8625570776255708,0.2378735844229882,0.09501644156584535
hpo-resnet-gender-race-REBUTTAL,IR_SE_50,FairFace,GENDER,race,512,aef631,40,True,False,CosFace,CrossEntropy,SGD,97,0.066382505504,0.0100934320244,0.57648023906507,0.27074313588896043,0.12788599303181758
hpo-resnet-gender-race-REBUTTAL,IR_SE_50,FairFace,GENDER,race,512,b27cb8,13,True,False,Linear,CrossEntropy,Adam,56,0.0637081804554,0.0001573891965,0.7427840605050402,0.2735305630562447,0.13067342019910183
hpo-resnet-gender-race-REBUTTAL,IR_SE_50,FairFace,GENDER,race,512,b3f99a,13,False,False,ArcFace,Focal,Adam,97,0.0117869736738,0.0081352245511,0.5288742490400348,0.14285714285714285,0.0
hpo-resnet-gender-race-REBUTTAL,IR_SE_50,FairFace,GENDER,race,512,b3f99a,40,True,False,ArcFace,Focal,Adam,97,0.0117869736738,0.0081352245511,0.5286915007808752,0.14285714285714285,0.0
hpo-resnet-gender-race-REBUTTAL,IR_SE_50,FairFace,GENDER,race,512,b4149a,13,True,False,Linear,CrossEntropy,SGD,93,0.0293221523821,0.0049656653359,0.808458150014156,0.19457856201710247,0.05172141915995962
hpo-resnet-gender-race-REBUTTAL,IR_SE_50,FairFace,GENDER,race,512,b44779,120,True,True,Linear,CrossEntropy,Adam,99,0.000143884996,0.0068595538574,0.8885329769117415,0.21983655869385335,0.0769794158367105
hpo-resnet-gender-race-REBUTTAL,IR_SE_50,FairFace,GENDER,race,512,b5ad3b,13,True,False,ArcFace,Focal,SGD,56,0.0587210401987,0.0735230127676,0.0,0.23567332199910926,0.09281617914196641
hpo-resnet-gender-race-REBUTTAL,IR_SE_50,FairFace,GENDER,race,512,b5d8b7,120,True,True,CosFace,CrossEntropy,Adam,98,0.0007036806998,0.0005441941729,0.8674842023635659,0.19560212920193468,0.05274498634479183
hpo-resnet-gender-race-REBUTTAL,IR_SE_50,FairFace,GENDER,race,512,baa18a,13,True,False,Linear,CrossEntropy,SGD,36,0.0157980543118,0.0001019089505,0.8155153108897961,0.397720017265397,0.25486287440825417
hpo-resnet-gender-race-REBUTTAL,IR_SE_50,FairFace,GENDER,race,512,c43016,40,True,False,ArcFace,Focal,SGD,36,0.0013646186378,0.9560680610733,0.5286914988254245,0.14285714285714285,0.0
hpo-resnet-gender-race-REBUTTAL,IR_SE_50,FairFace,GENDER,race,512,c85e29,13,True,False,Linear,CrossEntropy,Adam,99,0.0017427036879,0.0001593449906,0.8570513307032565,0.20735823507833923,0.06450109222119638
hpo-resnet-gender-race-REBUTTAL,IR_SE_50,FairFace,GENDER,race,512,cb0e3d,40,True,False,Linear,Focal,Adam,98,2.13028125e-05,0.0086877113718,0.8594307582153867,0.2138672590607705,0.07101011620362765
hpo-resnet-gender-race-REBUTTAL,IR_SE_50,FairFace,GENDER,race,512,cf15bd,40,False,False,Linear,Focal,Adam,97,0.0006006854613,9.30919951e-05,0.9026863794159471,0.18681306272960846,0.04395591987246561
hpo-resnet-gender-race-REBUTTAL,IR_SE_50,FairFace,GENDER,race,512,cf15bd,120,True,True,Linear,Focal,Adam,97,0.0006006854613,9.30919951e-05,0.9078947137531482,0.18486635873292348,0.04200921587578063
hpo-resnet-gender-race-REBUTTAL,IR_SE_50,FairFace,GENDER,race,512,d57d64,40,True,False,ArcFace,Focal,SGD,36,0.0031528381633,0.0187158390233,0.5286001245599045,0.14285714285714285,0.0
hpo-resnet-gender-race-REBUTTAL,IR_SE_50,FairFace,GENDER,race,512,d6a824,120,True,True,Linear,CrossEntropy,Adam,99,1.62531725e-05,0.0093328381458,0.895854288280812,0.19697098869487914,0.05411384583773629
hpo-resnet-gender-race-REBUTTAL,IR_SE_50,FairFace,GENDER,race,512,d76f2c,13,True,False,Linear,CrossEntropy,Adam,47,0.0951797807848,0.0007167872277,0.5904274629544811,0.27105227706799884,0.128195134210856
hpo-resnet-gender-race-REBUTTAL,IR_SE_50,FairFace,GENDER,race,512,d8a7ef,13,True,False,Linear,Focal,Adam,70,1.4388834e-06,0.0030955484704,0.8473443464132455,0.2251724968327745,0.08231535397563164
hpo-resnet-gender-race-REBUTTAL,IR_SE_50,FairFace,GENDER,race,512,da04b4,13,True,False,Linear,Focal,Adam,39,0.0611907648857,0.0001306640538,0.5653325930568908,0.24178685704571348,0.09892971418857063
hpo-resnet-gender-race-REBUTTAL,IR_SE_50,FairFace,GENDER,race,512,da3517,40,True,False,Linear,Focal,Adam,97,4.32030942e-05,0.0031746551104,0.8787463208248741,0.21546098460367435,0.0726038417465315
hpo-resnet-gender-race-REBUTTAL,IR_SE_50,FairFace,GENDER,race,512,db0670,13,False,False,Linear,CrossEntropy,Adam,97,6.93757513e-05,0.002527739156,0.836165910687363,0.24340121570092693,0.10054407284378408
hpo-resnet-gender-race-REBUTTAL,IR_SE_50,FairFace,GENDER,race,512,db0670,40,False,False,Linear,CrossEntropy,Adam,97,6.93757513e-05,0.002527739156,0.8877009977374161,0.2078363810916317,0.06497923823448884
hpo-resnet-gender-race-REBUTTAL,IR_SE_50,FairFace,GENDER,race,512,db0670,120,True,True,Linear,CrossEntropy,Adam,97,6.93757513e-05,0.002527739156,0.9006761427092971,0.19708485451041025,0.054227711653267396
hpo-resnet-gender-race-REBUTTAL,IR_SE_50,FairFace,GENDER,race,512,dc5daa,13,True,False,Linear,Focal,SGD,47,0.0769102885377,0.0076243274924,0.5655827421300552,0.26468794302467374,0.1218308001675309
hpo-resnet-gender-race-REBUTTAL,IR_SE_50,FairFace,GENDER,race,512,ddf3e8,120,True,True,Linear,Focal,Adam,97,0.0018017107453,0.0005636817979,0.8872441271731728,0.1882216720798488,0.04536452922270595
hpo-resnet-gender-race-REBUTTAL,IR_SE_50,FairFace,GENDER,race,512,de5297,120,True,True,Linear,Focal,SGD,98,0.0093537500694,0.001491673874,0.9088496197071845,0.3341379595382495,0.19128081668110664
hpo-resnet-gender-race-REBUTTAL,IR_SE_50,FairFace,GENDER,race,512,de5a62,40,False,False,Linear,Focal,Adam,31,1.95327614e-05,1.08528732e-05,0.8910502020430892,0.262046118285362,0.11918897542821916
hpo-resnet-gender-race-REBUTTAL,IR_SE_50,FairFace,GENDER,race,512,de5a62,120,True,True,Linear,Focal,Adam,31,1.95327614e-05,1.08528732e-05,0.9001826213679901,0.17577190764351944,0.03291476478637659
hpo-resnet-gender-race-REBUTTAL,IR_SE_50,FairFace,GENDER,race,512,e55b9b,13,True,False,CosFace,Focal,SGD,98,0.0058655636986,0.0105655957981,0.5799395933279542,0.2431021712617699,0.10024502840462704
hpo-resnet-gender-race-REBUTTAL,IR_SE_50,FairFace,GENDER,race,512,e6d8d6,40,True,False,Linear,CrossEntropy,Adam,99,4.22980011e-05,0.002042358061,0.8985997823535594,0.2170436582012674,0.07418651534412454
hpo-resnet-gender-race-REBUTTAL,IR_SE_50,FairFace,GENDER,race,512,e75359,40,True,False,CosFace,Focal,Adam,96,2.76807677e-05,1.24249143e-05,0.8206322830601742,0.2738696943198133,0.13101255146267043
hpo-resnet-gender-race-REBUTTAL,IR_SE_50,FairFace,GENDER,race,512,e94f6a,13,False,False,Linear,Focal,Adam,52,0.0007837019614,0.0001459622623,0.8200255403496024,0.21531271556757423,0.07245557271043138
hpo-resnet-gender-race-REBUTTAL,IR_SE_50,FairFace,GENDER,race,512,e94f6a,40,True,False,Linear,Focal,Adam,52,0.0007837019614,0.0001459622623,0.8847067124826609,0.20810045865862822,0.06524331580148537
hpo-resnet-gender-race-REBUTTAL,IR_SE_50,FairFace,GENDER,race,512,ea5210,40,True,False,CosFace,CrossEntropy,Adam,98,2.5600437e-06,0.0048309677696,0.8316097683756876,0.2746326771085136,0.13177553425137073
hpo-resnet-gender-race-REBUTTAL,IR_SE_50,FairFace,GENDER,race,512,ecdfd9,40,True,False,Linear,CrossEntropy,Adam,97,0.0083466961332,0.0012134867358,0.809667375798811,0.26489067934223826,0.1220335364850954
hpo-resnet-gender-race-REBUTTAL,IR_SE_50,FairFace,GENDER,race,512,ed2c55,40,True,False,Linear,CrossEntropy,SGD,84,0.0354131483484,0.0046045184422,0.8543040234492375,0.2199612645986349,0.07710412174149206
hpo-resnet-gender-race-REBUTTAL,IR_SE_50,FairFace,GENDER,race,512,ee3075,40,True,False,CosFace,CrossEntropy,SGD,97,0.0052748324863,0.0720005588777,0.6533259948931243,0.2723067054524554,0.12944956259531254
hpo-resnet-gender-race-REBUTTAL,IR_SE_50,FairFace,GENDER,race,512,f0cb1c,13,False,False,ArcFace,Focal,SGD,77,0.0151493436634,0.0519419345275,0.5287828871938918,0.14285714285714285,0.0
hpo-resnet-gender-race-REBUTTAL,IR_SE_50,FairFace,GENDER,race,512,f0cb1c,40,False,False,ArcFace,Focal,SGD,77,0.0151493436634,0.0519419345275,0.5287828862667083,0.14285714285714285,0.0
hpo-resnet-gender-race-REBUTTAL,IR_SE_50,FairFace,GENDER,race,512,f0cb1c,120,True,True,ArcFace,Focal,SGD,77,0.0151493436634,0.0519419345275,0.528691511882676,0.14285714285714285,0.0
hpo-resnet-gender-race-REBUTTAL,IR_SE_50,FairFace,GENDER,race,512,f185c2,40,True,False,CosFace,CrossEntropy,Adam,96,2.6903001e-06,0.0095885627387,0.8284904737639845,0.2715460674052083,0.12868892454806546
hpo-resnet-gender-race-REBUTTAL,IR_SE_50,FairFace,GENDER,race,512,f4bd50,13,True,False,Linear,Focal,Adam,48,1.047596e-06,0.0021677240041,0.8483186888276485,0.24368497379592466,0.10082783093878181
hpo-resnet-gender-race-REBUTTAL,IR_SE_50,FairFace,GENDER,race,512,f4c157,120,True,True,Linear,Focal,Adam,97,8.1930675e-06,0.0039795161499,0.9005847679941277,0.19576072872067612,0.052903585863533276
hpo-resnet-gender-race-REBUTTAL,IR_SE_50,FairFace,GENDER,race,512,f5a394,13,True,False,Linear,Focal,SGD,44,0.0627435206484,0.0050569637188,0.6988293357250436,0.3064515241580324,0.16359438130088955
hpo-resnet-gender-race-REBUTTAL,IR_SE_50,FairFace,GENDER,race,512,f6f715,13,False,False,Linear,Focal,Adam,67,1.3991094e-06,0.0020871033936,0.8581891250610352,0.2372623248573061,0.09440518200016326
hpo-resnet-gender-race-REBUTTAL,IR_SE_50,FairFace,GENDER,race,512,f6f715,40,False,False,Linear,Focal,Adam,67,1.3991094e-06,0.0020871033936,0.9060697404567568,0.21281337108662618,0.06995622822948333
hpo-resnet-gender-race-REBUTTAL,IR_SE_50,FairFace,GENDER,race,512,f6f715,120,True,True,Linear,Focal,Adam,67,1.3991094e-06,0.0020871033936,0.9052457891274075,0.20705969369799185,0.064202550840849
hpo-resnet-gender-race-REBUTTAL,IR_SE_50,FairFace,GENDER,race,512,fa8a04,13,False,False,Linear,CrossEntropy,SGD,99,0.0058765352555,0.050284294751,0.7545529366394864,0.16578768354467302,0.02293054068753017
hpo-resnet-gender-race-REBUTTAL,IR_SE_50,FairFace,GENDER,race,512,fa8a04,40,True,False,Linear,CrossEntropy,SGD,99,0.0058765352555,0.050284294751,0.8429578026741609,0.16754105747542086,0.024683914618278013
hpo-resnet-gender-race-REBUTTAL,IR_SE_50,FairFace,GENDER,race,512,fe8c9d,13,True,False,Linear,Focal,Adam,98,3.0398923e-06,0.0094670623075,0.8403953418817222,0.2592877082402817,0.11643056538313884
hpo-resnet-gender-age-REBUTTAL,IR_SE_50,FairFace,GENDER,age,512,001e6a,120,True,True,Linear,CrossEntropy,SGD,98,0.0016019711574,0.7740682358217,0.8988743331293354,0.2166396683577615,0.10552855724665039
hpo-resnet-gender-age-REBUTTAL,IR_SE_50,FairFace,GENDER,age,512,010bc6,13,True,False,ArcFace,Focal,Adam,74,9.20288469e-05,0.0074381593279,0.5287618826531075,0.1111111111111111,0.0
hpo-resnet-gender-age-REBUTTAL,IR_SE_50,FairFace,GENDER,age,512,01a054,13,True,False,Linear,CrossEntropy,SGD,50,0.0959606299381,0.0058176554955,0.5565296803652968,0.23105051013952682,0.11993939902841572
hpo-resnet-gender-age-REBUTTAL,IR_SE_50,FairFace,GENDER,age,512,02a98c,120,True,True,Linear,CrossEntropy,Adam,31,0.0392364539781,0.0005290317619,0.8798173261146023,0.20072003729211438,0.08960892618100327
hpo-resnet-gender-age-REBUTTAL,IR_SE_50,FairFace,GENDER,age,512,045a8a,40,True,False,ArcFace,CrossEntropy,SGD,100,0.0039794342922,0.3250435659568,0.5287671232876713,0.1111111111111111,0.0
hpo-resnet-gender-age-REBUTTAL,IR_SE_50,FairFace,GENDER,age,512,05eebb,13,True,False,ArcFace,Focal,SGD,98,0.0071422195424,0.1574520727796,0.5285073623315101,0.1111111111111111,0.0
hpo-resnet-gender-age-REBUTTAL,IR_SE_50,FairFace,GENDER,age,512,05f186,13,True,False,Linear,CrossEntropy,SGD,60,0.0934249567354,0.1076740830967,0.5797260133926183,0.14558935216925134,0.034478241058140235
hpo-resnet-gender-age-REBUTTAL,IR_SE_50,FairFace,GENDER,age,512,05f314,40,True,False,Linear,CrossEntropy,Adam,95,2.16044645e-05,0.001,0.9047575565059809,0.25802624022275183,0.14691512911164073
hpo-resnet-gender-age-REBUTTAL,IR_SE_50,FairFace,GENDER,age,512,0713f8,13,True,False,ArcFace,Focal,SGD,37,0.0056278797169,0.1048570009791,0.5286914995155836,0.1111111111111111,0.0
hpo-resnet-gender-age-REBUTTAL,IR_SE_50,FairFace,GENDER,age,512,080407,40,True,False,ArcFace,Focal,SGD,87,0.0071725587582,0.7752455982136,0.5287492938304511,0.1111111111111111,0.0
hpo-resnet-gender-age-REBUTTAL,IR_SE_50,FairFace,GENDER,age,512,09f64e,40,False,False,CosFace,Focal,Adam,97,0.0297406856094,3.41521929e-05,0.839912256274307,0.26726292952007946,0.15615181840896836
hpo-resnet-gender-age-REBUTTAL,IR_SE_50,FairFace,GENDER,age,512,09f64e,120,True,True,CosFace,Focal,Adam,97,0.0297406856094,3.41521929e-05,0.874177607820745,0.2637171697200451,0.152606058608934
hpo-resnet-gender-age-REBUTTAL,IR_SE_50,FairFace,GENDER,age,512,0a6f0b,40,True,False,CosFace,CrossEntropy,Adam,96,0.0571754770929,0.0006121480914,0.7302631324634217,0.26855630138720343,0.15744519027609233
hpo-resnet-gender-age-REBUTTAL,IR_SE_50,FairFace,GENDER,age,512,0a8299,13,True,False,ArcFace,Focal,SGD,98,0.0136692118493,0.0103617038768,0.5285988777742258,0.1111111111111111,0.0
hpo-resnet-gender-age-REBUTTAL,IR_SE_50,FairFace,GENDER,age,512,0f59c1,13,True,False,CosFace,Focal,Adam,30,0.0299068604637,0.0006071323843,0.4995433657006042,0.26955322400279047,0.15844211289167937
hpo-resnet-gender-age-REBUTTAL,IR_SE_50,FairFace,GENDER,age,512,1038a3,40,True,False,Linear,CrossEntropy,SGD,98,0.0032885395743,0.35503374774,0.7830145438155786,0.18080368947648168,0.06969257836537057
hpo-resnet-gender-age-REBUTTAL,IR_SE_50,FairFace,GENDER,age,512,115d97,120,True,True,Linear,CrossEntropy,Adam,31,0.0898278229466,0.000700864923,0.8579908411208897,0.18530959871088445,0.07419848759977335
hpo-resnet-gender-age-REBUTTAL,IR_SE_50,FairFace,GENDER,age,512,11feec,13,False,False,Linear,CrossEntropy,SGD,71,0.0012728514405,0.001015753153,0.8569597324958214,0.37513775130304555,0.26402664019193445
hpo-resnet-gender-age-REBUTTAL,IR_SE_50,FairFace,GENDER,age,512,11feec,40,True,False,Linear,CrossEntropy,SGD,71,0.0012728514405,0.001015753153,0.9010989250280919,0.3796859137629104,0.2685748026517993
hpo-resnet-gender-age-REBUTTAL,IR_SE_50,FairFace,GENDER,age,512,12c600,13,False,False,ArcFace,Focal,SGD,98,0.0044197432623,0.0985727924125,0.5286903950986307,0.1111111111111111,0.0
hpo-resnet-gender-age-REBUTTAL,IR_SE_50,FairFace,GENDER,age,512,12c600,40,True,False,ArcFace,Focal,SGD,98,0.0044197432623,0.0985727924125,0.5290564606328716,0.1111111111111111,0.0
hpo-resnet-gender-age-REBUTTAL,IR_SE_50,FairFace,GENDER,age,512,15dd33,13,True,False,ArcFace,CrossEntropy,SGD,98,0.0048966248402,0.3247780415063,0.5284158467177318,0.1111111111111111,0.0
hpo-resnet-gender-age-REBUTTAL,IR_SE_50,FairFace,GENDER,age,512,1652ea,120,True,True,Linear,CrossEntropy,Adam,97,9.2975333e-06,0.002759488869,0.9063413509569671,0.24829208279167364,0.13718097168056254
hpo-resnet-gender-age-REBUTTAL,IR_SE_50,FairFace,GENDER,age,512,181361,13,True,False,Linear,Focal,SGD,88,0.0096803742965,0.4762928210506,0.6060300522465859,0.1650338625781031,0.05392275146699199
hpo-resnet-gender-age-REBUTTAL,IR_SE_50,FairFace,GENDER,age,512,18bbcd,13,True,False,CosFace,Focal,SGD,100,0.0044072542762,0.8573436013257,0.37013698630136993,0.23713390078071983,0.12602278966960873
hpo-resnet-gender-age-REBUTTAL,IR_SE_50,FairFace,GENDER,age,512,18c974,40,False,False,Linear,CrossEntropy,SGD,100,0.0101686514564,0.2462633848849,0.7670319634703197,0.17445254610107366,0.06334143498996256
hpo-resnet-gender-age-REBUTTAL,IR_SE_50,FairFace,GENDER,age,512,18c974,120,True,True,Linear,CrossEntropy,SGD,100,0.0101686514564,0.2462633848849,0.859269406392694,0.2158914633165464,0.1047803522054353
hpo-resnet-gender-age-REBUTTAL,IR_SE_50,FairFace,GENDER,age,512,1a997b,40,True,False,Linear,Focal,SGD,88,0.0600450271636,0.0020913118728,0.8673020385926768,0.21360009284657494,0.10248898173546384
hpo-resnet-gender-age-REBUTTAL,IR_SE_50,FairFace,GENDER,age,512,1ce238,40,False,False,ArcFace,Focal,SGD,98,0.0031551384209,0.6760578172933,0.5288734277802198,0.1111111111111111,0.0
hpo-resnet-gender-age-REBUTTAL,IR_SE_50,FairFace,GENDER,age,512,1ce238,120,True,True,ArcFace,Focal,SGD,98,0.0031551384209,0.6760578172933,0.5285073631868235,0.1111111111111111,0.0
hpo-resnet-gender-age-REBUTTAL,IR_SE_50,FairFace,GENDER,age,512,1dbd2f,13,False,False,CosFace,Focal,Adam,97,0.0017412429067,0.000263526404,0.7431469055644253,0.2590361487990688,0.14792503768795767
hpo-resnet-gender-age-REBUTTAL,IR_SE_50,FairFace,GENDER,age,512,1dbd2f,40,True,False,CosFace,Focal,Adam,97,0.0017412429067,0.000263526404,0.8379933962905617,0.2581950226399195,0.1470839115288084
hpo-resnet-gender-age-REBUTTAL,IR_SE_50,FairFace,GENDER,age,512,22973b,40,True,False,CosFace,CrossEntropy,Adam,99,0.0158338189695,0.0045085732727,0.6514139252393235,0.24190510073094307,0.13079398961983196
hpo-resnet-gender-age-REBUTTAL,IR_SE_50,FairFace,GENDER,age,512,2553e5,120,True,True,ArcFace,Focal,SGD,80,0.0176600100494,0.509656439433,0.5287545787545788,0.1111111111111111,0.0
hpo-resnet-gender-age-REBUTTAL,IR_SE_50,FairFace,GENDER,age,512,2779e9,13,True,False,Linear,Focal,SGD,92,0.0098085995949,0.6985276060952,0.5273109157145525,0.14953636554667954,0.038425254435568434
hpo-resnet-gender-age-REBUTTAL,IR_SE_50,FairFace,GENDER,age,512,27a231,120,True,True,CosFace,CrossEntropy,Adam,97,0.0205608895822,0.0001622960161,0.8670504145036664,0.26633655331941797,0.15522544220830686
hpo-resnet-gender-age-REBUTTAL,IR_SE_50,FairFace,GENDER,age,512,29d7fb,40,True,False,ArcFace,Focal,SGD,35,0.0435815434585,0.0225507137772,0.5288637080696058,0.1111111111111111,0.0
hpo-resnet-gender-age-REBUTTAL,IR_SE_50,FairFace,GENDER,age,512,2c67b6,120,True,True,CosFace,Focal,SGD,94,0.0001553247098,0.0001406157744,0.8520682993876576,0.3223750425270267,0.2112639314159156
hpo-resnet-gender-age-REBUTTAL,IR_SE_50,FairFace,GENDER,age,512,2f2546,120,True,True,ArcFace,Focal,SGD,42,0.0968955426013,0.0095817754032,0.5286536862159187,0.1111111111111111,0.0
hpo-resnet-gender-age-REBUTTAL,IR_SE_50,FairFace,GENDER,age,512,3619db,40,True,False,ArcFace,CrossEntropy,Adam,31,0.0798360260975,0.0005101961458,0.5287671089825565,0.1111111111111111,0.0
hpo-resnet-gender-age-REBUTTAL,IR_SE_50,FairFace,GENDER,age,512,36445e,13,True,False,ArcFace,Focal,SGD,34,0.0125842952774,0.2136213520899,0.0,0.1827938916367261,0.071682780525615
hpo-resnet-gender-age-REBUTTAL,IR_SE_50,FairFace,GENDER,age,512,37f4f7,13,True,False,ArcFace,Focal,SGD,98,0.0108313617195,0.1054481652214,0.5285073630157607,0.1111111111111111,0.0
hpo-resnet-gender-age-REBUTTAL,IR_SE_50,FairFace,GENDER,age,512,384046,40,True,False,Linear,Focal,SGD,91,0.0096124325774,0.2209614166662,0.7595793627515252,0.1642318129699867,0.0531207018588756
hpo-resnet-gender-age-REBUTTAL,IR_SE_50,FairFace,GENDER,age,512,3ace1b,120,True,True,CosFace,Focal,Adam,96,0.0365220695125,0.0001429439184,0.8571819921125445,0.2430307823987644,0.1319196712876533
hpo-resnet-gender-age-REBUTTAL,IR_SE_50,FairFace,GENDER,age,512,3c4191,120,True,True,ArcFace,Focal,SGD,31,0.0949350913497,0.0049670682552,0.5288584324170466,0.1111111111111111,0.0
hpo-resnet-gender-age-REBUTTAL,IR_SE_50,FairFace,GENDER,age,512,437e4e,40,True,False,Linear,Focal,SGD,100,0.0035754392788,0.7419477203077,0.7347945205479453,0.15201092310505496,0.04089981199394385
hpo-resnet-gender-age-REBUTTAL,IR_SE_50,FairFace,GENDER,age,512,43dc5e,120,True,True,CosFace,CrossEntropy,Adam,99,0.0073076559293,7.80092352e-05,0.8690399806274961,0.27319687504978724,0.16208576393867613
hpo-resnet-gender-age-REBUTTAL,IR_SE_50,FairFace,GENDER,age,512,43ee6f,13,True,False,CosFace,CrossEntropy,SGD,74,4.9912519e-06,0.055547809354,0.7221512168162577,0.2668485051116898,0.15573739400057868
hpo-resnet-gender-age-REBUTTAL,IR_SE_50,FairFace,GENDER,age,512,440ddb,13,True,False,Linear,Focal,SGD,88,0.0098497200563,0.1398143553472,0.6685300514774937,0.17022241064010002,0.059111299528988914
hpo-resnet-gender-age-REBUTTAL,IR_SE_50,FairFace,GENDER,age,512,468d3b,40,True,False,CosFace,CrossEntropy,Adam,30,0.0266470471791,0.0006832122639,0.7129680155662641,0.23856648042125947,0.12745536931014836
hpo-resnet-gender-age-REBUTTAL,IR_SE_50,FairFace,GENDER,age,512,4a2474,40,True,False,ArcFace,Focal,SGD,86,0.0569680269122,0.0037898090653,0.528749293980636,0.1111111111111111,0.0
hpo-resnet-gender-age-REBUTTAL,IR_SE_50,FairFace,GENDER,age,512,4ba2de,40,True,False,CosFace,CrossEntropy,SGD,59,0.0999766837229,0.5598222764934,0.20671361580451542,0.1726453517465881,0.061534240635476994
hpo-resnet-gender-age-REBUTTAL,IR_SE_50,FairFace,GENDER,age,512,4d0b93,13,True,False,ArcFace,Focal,SGD,98,0.0050084267952,0.1562818202222,0.5286903945854426,0.1111111111111111,0.0
hpo-resnet-gender-age-REBUTTAL,IR_SE_50,FairFace,GENDER,age,512,4e3285,13,False,False,ArcFace,CrossEntropy,SGD,30,0.0886281994118,0.4350580473755,0.5287671087343399,0.1111111111111111,0.0
hpo-resnet-gender-age-REBUTTAL,IR_SE_50,FairFace,GENDER,age,512,4e3285,40,False,False,ArcFace,CrossEntropy,SGD,30,0.0886281994118,0.4350580473755,0.5286757848426088,0.1111111111111111,0.0
hpo-resnet-gender-age-REBUTTAL,IR_SE_50,FairFace,GENDER,age,512,4e3285,120,True,True,ArcFace,CrossEntropy,SGD,30,0.0886281994118,0.4350580473755,0.5287671093222213,0.1111111111111111,0.0
hpo-resnet-gender-age-REBUTTAL,IR_SE_50,FairFace,GENDER,age,512,4f2641,13,True,False,ArcFace,Focal,SGD,59,0.0075281288694,0.4883644504714,0.0001829324034228197,0.16779171950273325,0.056680608391622145
hpo-resnet-gender-age-REBUTTAL,IR_SE_50,FairFace,GENDER,age,512,4f4100,13,True,False,ArcFace,CrossEntropy,Adam,80,1.7222098e-06,0.0007755875446,0.5284798534798535,0.1111111111111111,0.0
hpo-resnet-gender-age-REBUTTAL,IR_SE_50,FairFace,GENDER,age,512,4f5151,40,False,False,Linear,CrossEntropy,Adam,97,1.17798883e-05,0.0006018287007,0.9131030457479912,0.24286343380955394,0.13175232269844284
hpo-resnet-gender-age-REBUTTAL,IR_SE_50,FairFace,GENDER,age,512,4f5151,120,True,True,Linear,CrossEntropy,Adam,97,1.17798883e-05,0.0006018287007,0.9137426650733279,0.22560687034509452,0.11449575923398342
hpo-resnet-gender-age-REBUTTAL,IR_SE_50,FairFace,GENDER,age,512,507c9d,120,True,True,ArcFace,CrossEntropy,SGD,100,0.0041490333887,0.3312689284469,0.5287671232876713,0.1111111111111111,0.0
hpo-resnet-gender-age-REBUTTAL,IR_SE_50,FairFace,GENDER,age,512,50c607,13,True,False,CosFace,Focal,SGD,34,0.0023053147606,0.0023809178176,0.7225063740984994,0.26801661805870763,0.15690550694759653
hpo-resnet-gender-age-REBUTTAL,IR_SE_50,FairFace,GENDER,age,512,512141,13,True,False,Linear,CrossEntropy,SGD,99,0.0033414227782,0.5207352492592,0.6397913405071994,0.18095895855484329,0.06984784744373218
hpo-resnet-gender-age-REBUTTAL,IR_SE_50,FairFace,GENDER,age,512,5235f1,13,True,False,ArcFace,Focal,Adam,85,3.9519164e-06,0.0007494401115,0.5358058567047119,0.249282337175312,0.1381712260642009
hpo-resnet-gender-age-REBUTTAL,IR_SE_50,FairFace,GENDER,age,512,546d07,13,True,False,ArcFace,CrossEntropy,SGD,34,0.0896723142589,0.00011143187,0.0,0.16605350624548684,0.05494239513437574
hpo-resnet-gender-age-REBUTTAL,IR_SE_50,FairFace,GENDER,age,512,5626c5,13,True,False,Linear,Focal,SGD,94,4.86385705e-05,0.0763010683526,0.7804766650875239,0.2861277051507221,0.175016594039611
hpo-resnet-gender-age-REBUTTAL,IR_SE_50,FairFace,GENDER,age,512,5864ed,13,False,False,ArcFace,CrossEntropy,Adam,32,0.0420460472859,0.0006594936294,0.5289656432748537,0.1111111111111111,0.0
hpo-resnet-gender-age-REBUTTAL,IR_SE_50,FairFace,GENDER,age,512,5864ed,40,False,False,ArcFace,CrossEntropy,Adam,32,0.0420460472859,0.0006594936294,0.5288742690058479,0.1111111111111111,0.0
hpo-resnet-gender-age-REBUTTAL,IR_SE_50,FairFace,GENDER,age,512,5864ed,120,True,True,ArcFace,CrossEntropy,Adam,32,0.0420460472859,0.0006594936294,0.5287828947368421,0.1111111111111111,0.0
hpo-resnet-gender-age-REBUTTAL,IR_SE_50,FairFace,GENDER,age,512,5b12b8,13,True,False,Linear,Focal,SGD,44,2.16497578e-05,0.0013083690547,0.8338210978210572,0.37372348863937255,0.26261237752826144
hpo-resnet-gender-age-REBUTTAL,IR_SE_50,FairFace,GENDER,age,512,5c678d,13,False,False,ArcFace,CrossEntropy,SGD,33,0.0023350605905,0.0083863720107,0.5286915204678363,0.1111111111111111,0.0
hpo-resnet-gender-age-REBUTTAL,IR_SE_50,FairFace,GENDER,age,512,5c678d,40,True,False,ArcFace,CrossEntropy,SGD,33,0.0023350605905,0.0083863720107,0.5286915204678363,0.1111111111111111,0.0
hpo-resnet-gender-age-REBUTTAL,IR_SE_50,FairFace,GENDER,age,512,5ce918,120,True,True,CosFace,Focal,Adam,100,0.0103423219343,0.0019114682881,0.8231963470319634,0.26338090463804925,0.15226979352693815
hpo-resnet-gender-age-REBUTTAL,IR_SE_50,FairFace,GENDER,age,512,5cffde,40,True,False,ArcFace,Focal,SGD,40,0.0156666394466,0.3690230995196,0.5287934186471663,0.1111111111111111,0.0
hpo-resnet-gender-age-REBUTTAL,IR_SE_50,FairFace,GENDER,age,512,5eede3,13,True,False,ArcFace,CrossEntropy,Adam,59,3.260915e-06,0.0007261702563,0.531418634308428,0.24081087750655417,0.12969976639544306
hpo-resnet-gender-age-REBUTTAL,IR_SE_50,FairFace,GENDER,age,512,615583,13,True,False,Linear,Focal,Adam,30,0.0399947594541,0.0006126151902,0.5909588877795494,0.220658723264994,0.1095476121538829
hpo-resnet-gender-age-REBUTTAL,IR_SE_50,FairFace,GENDER,age,512,65b31b,13,True,False,ArcFace,Focal,SGD,63,0.0120870559855,0.3199990165576,0.0,0.2023150670709806,0.09120395595986949
hpo-resnet-gender-age-REBUTTAL,IR_SE_50,FairFace,GENDER,age,512,694ec6,40,True,False,CosFace,Focal,Adam,90,0.0124459416892,0.000263243157,0.8173754361627523,0.25352939560387755,0.14241828449276644
hpo-resnet-gender-age-REBUTTAL,IR_SE_50,FairFace,GENDER,age,512,6a4527,40,True,False,ArcFace,Focal,SGD,44,0.0252698890668,0.1221012299988,0.5287177601282745,0.1111111111111111,0.0
hpo-resnet-gender-age-REBUTTAL,IR_SE_50,FairFace,GENDER,age,512,6abc9e,13,False,False,Linear,Focal,SGD,66,0.0774125582124,0.0386454397483,0.5734688217762374,0.16376677281309565,0.052655661701984546
hpo-resnet-gender-age-REBUTTAL,IR_SE_50,FairFace,GENDER,age,512,6abc9e,40,True,False,Linear,Focal,SGD,66,0.0774125582124,0.0386454397483,0.7179346278210781,0.1543982917158272,0.04328718060471609
hpo-resnet-gender-age-REBUTTAL,IR_SE_50,FairFace,GENDER,age,512,6c1787,13,True,False,Linear,Focal,SGD,98,0.0041497735763,0.9757643822469,0.5286903952696933,0.1111111111111111,0.0
hpo-resnet-gender-age-REBUTTAL,IR_SE_50,FairFace,GENDER,age,512,6d86f8,40,True,False,Linear,CrossEntropy,SGD,35,0.0961685116663,0.0092242135676,0.751187410473083,0.1697048617563905,0.058593750645279385
hpo-resnet-gender-age-REBUTTAL,IR_SE_50,FairFace,GENDER,age,512,6d8a4d,120,True,True,ArcFace,Focal,SGD,44,0.0163520928617,0.1082429329928,0.5286263025310677,0.1111111111111111,0.0
hpo-resnet-gender-age-REBUTTAL,IR_SE_50,FairFace,GENDER,age,512,72cb15,40,True,False,CosFace,CrossEntropy,Adam,98,0.0639712567618,0.0004019158298,0.7281962111605657,0.2514739977479771,0.14036288663686597
hpo-resnet-gender-age-REBUTTAL,IR_SE_50,FairFace,GENDER,age,512,737653,13,False,False,CosFace,Focal,SGD,98,0.0157527647625,0.0023429862651,0.6841768090286596,0.2526492817292356,0.14153817061812451
hpo-resnet-gender-age-REBUTTAL,IR_SE_50,FairFace,GENDER,age,512,737653,40,True,False,CosFace,Focal,SGD,98,0.0157527647625,0.0023429862651,0.8052530372516992,0.28246428078373775,0.17135316967262665
hpo-resnet-gender-age-REBUTTAL,IR_SE_50,FairFace,GENDER,age,512,747cc4,120,True,True,Linear,CrossEntropy,SGD,97,4.29672303e-05,0.1,0.8893457349141438,0.3243231007610449,0.21321198964993382
hpo-resnet-gender-age-REBUTTAL,IR_SE_50,FairFace,GENDER,age,512,74e77e,13,True,False,ArcFace,Focal,SGD,35,0.0973760564967,0.0048388139314,0.5288637080399886,0.1111111111111111,0.0
hpo-resnet-gender-age-REBUTTAL,IR_SE_50,FairFace,GENDER,age,512,74f5eb,13,True,False,Linear,CrossEntropy,SGD,50,0.0943242773556,0.4567494002233,0.5287671232876713,0.13200200647237448,0.020890895361263373
hpo-resnet-gender-age-REBUTTAL,IR_SE_50,FairFace,GENDER,age,512,753dbe,40,False,False,ArcFace,CrossEntropy,SGD,74,0.092226199764,0.0619855074218,0.5288531900740958,0.1111111111111111,0.0
hpo-resnet-gender-age-REBUTTAL,IR_SE_50,FairFace,GENDER,age,512,753dbe,120,True,True,ArcFace,CrossEntropy,SGD,74,0.092226199764,0.0619855074218,0.5287618843284814,0.1111111111111111,0.0
hpo-resnet-gender-age-REBUTTAL,IR_SE_50,FairFace,GENDER,age,512,78cc55,13,True,False,ArcFace,Focal,SGD,33,0.0996135748695,0.0166316013054,0.5286915204678363,0.1111111111111111,0.0
hpo-resnet-gender-age-REBUTTAL,IR_SE_50,FairFace,GENDER,age,512,79304a,13,True,False,ArcFace,Focal,SGD,76,2.10693347e-05,0.1057856540281,0.6497624177402921,0.2683481806499521,0.15723706953884098
hpo-resnet-gender-age-REBUTTAL,IR_SE_50,FairFace,GENDER,age,512,79b61c,40,True,False,CosFace,CrossEntropy,Adam,30,0.0332439175571,0.0006068922368,0.6898629921691058,0.2471134760795865,0.1360023649684754
hpo-resnet-gender-age-REBUTTAL,IR_SE_50,FairFace,GENDER,age,512,7bf09c,13,True,False,ArcFace,Focal,SGD,32,0.0961685116663,0.007775502094,0.5285087719298246,0.1111111111111111,0.0
hpo-resnet-gender-age-REBUTTAL,IR_SE_50,FairFace,GENDER,age,512,7e1efb,120,True,True,CosFace,CrossEntropy,SGD,64,0.0907961685438,0.0972167551763,0.6645650584795321,0.2464160727842355,0.1353049616731244
hpo-resnet-gender-age-REBUTTAL,IR_SE_50,FairFace,GENDER,age,512,80de8b,120,True,True,Linear,CrossEntropy,Adam,95,6.2952455e-06,0.001,0.9164459850655093,0.22279620956605337,0.11168509845494226
hpo-resnet-gender-age-REBUTTAL,IR_SE_50,FairFace,GENDER,age,512,814efd,40,True,False,Linear,Focal,SGD,88,0.0097406313663,0.6157306854015,0.7139845988058275,0.17953112531579066,0.06842001420467955
hpo-resnet-gender-age-REBUTTAL,IR_SE_50,FairFace,GENDER,age,512,831bbc,40,True,False,Linear,Focal,Adam,30,0.0692981974016,0.0005603695259,0.6298629944161194,0.19711416405918103,0.08600305294806992
hpo-resnet-gender-age-REBUTTAL,IR_SE_50,FairFace,GENDER,age,512,832158,120,True,True,ArcFace,CrossEntropy,SGD,71,0.0968473133051,0.0484418840633,0.5290293173300914,0.1111111111111111,0.0
hpo-resnet-gender-age-REBUTTAL,IR_SE_50,FairFace,GENDER,age,512,878a6b,13,True,False,ArcFace,Focal,SGD,38,0.0044857960372,0.1018946779265,0.5288742604520585,0.1111111111111111,0.0
hpo-resnet-gender-age-REBUTTAL,IR_SE_50,FairFace,GENDER,age,512,87c571,40,True,False,Linear,CrossEntropy,Adam,97,4.68102336e-05,0.0003535917715,0.9141081612570244,0.2887996614693622,0.1776885503582511
hpo-resnet-gender-age-REBUTTAL,IR_SE_50,FairFace,GENDER,age,512,8db646,13,False,False,ArcFace,Focal,SGD,89,0.0352689361596,0.0077613710626,0.5290505821474136,0.1111111111111111,0.0
hpo-resnet-gender-age-REBUTTAL,IR_SE_50,FairFace,GENDER,age,512,8db646,40,True,False,ArcFace,Focal,SGD,89,0.0352689361596,0.0077613710626,0.5294171520971482,0.1111111111111111,0.0
hpo-resnet-gender-age-REBUTTAL,IR_SE_50,FairFace,GENDER,age,512,8f9d50,40,True,False,Linear,CrossEntropy,SGD,100,0.0027885637149,0.096797339182,0.8501369863013699,0.20311236269314678,0.09200125158203568
hpo-resnet-gender-age-REBUTTAL,IR_SE_50,FairFace,GENDER,age,512,903f4a,40,True,False,Linear,CrossEntropy,Adam,100,7.08604993e-05,0.001,0.9044748858447488,0.2538586091450492,0.1427474980339381
hpo-resnet-gender-age-REBUTTAL,IR_SE_50,FairFace,GENDER,age,512,94e788,40,True,False,ArcFace,CrossEntropy,SGD,73,0.0887561655111,0.0335939084372,0.5286001252500635,0.1111111111111111,0.0
hpo-resnet-gender-age-REBUTTAL,IR_SE_50,FairFace,GENDER,age,512,957495,13,True,False,Linear,CrossEntropy,SGD,99,0.004176205967,0.6547999201576,0.5770110693961515,0.1610557196064046,0.0499446084952935
hpo-resnet-gender-age-REBUTTAL,IR_SE_50,FairFace,GENDER,age,512,963147,40,True,False,ArcFace,Focal,SGD,100,0.0034598173054,0.3415359249075,0.5288584474885845,0.1111111111111111,0.0
hpo-resnet-gender-age-REBUTTAL,IR_SE_50,FairFace,GENDER,age,512,97a89a,13,True,False,ArcFace,Focal,SGD,35,0.0598460225498,0.0937108484114,0.5286810266897546,0.1111111111111111,0.0
hpo-resnet-gender-age-REBUTTAL,IR_SE_50,FairFace,GENDER,age,512,9a51d9,120,True,True,CosFace,CrossEntropy,Adam,98,0.0068079444239,0.0002647975126,0.8631829327638908,0.27231948938654654,0.16120837827543544
hpo-resnet-gender-age-REBUTTAL,IR_SE_50,FairFace,GENDER,age,512,9b0065,13,False,False,Linear,CrossEntropy,SGD,31,0.0986813387889,0.0001890897475,0.8140639022931662,0.22350150201893854,0.11239039090782743
hpo-resnet-gender-age-REBUTTAL,IR_SE_50,FairFace,GENDER,age,512,9b0065,40,True,False,Linear,CrossEntropy,SGD,31,0.0986813387889,0.0001890897475,0.8853881002452276,0.2244506519491846,0.11333954083807349
hpo-resnet-gender-age-REBUTTAL,IR_SE_50,FairFace,GENDER,age,512,9e4132,120,True,True,CosFace,CrossEntropy,SGD,99,0.0031360688442,0.8773590206381,0.7079710771363946,0.29827491946617435,0.18716380835506324
hpo-resnet-gender-age-REBUTTAL,IR_SE_50,FairFace,GENDER,age,512,a23abf,13,True,False,CosFace,CrossEntropy,SGD,91,0.0019876598277,0.0992383074541,0.4892547127052589,0.2521959662252995,0.1410848551141884
hpo-resnet-gender-age-REBUTTAL,IR_SE_50,FairFace,GENDER,age,512,a8c489,40,True,False,ArcFace,CrossEntropy,SGD,98,0.0032885395743,0.4154524958643,0.5288734271815005,0.1111111111111111,0.0
hpo-resnet-gender-age-REBUTTAL,IR_SE_50,FairFace,GENDER,age,512,a9d184,13,True,False,Linear,Focal,SGD,49,0.096105337627,0.3620593788325,0.5274122630922418,0.13077726582054908,0.019666154709437972
hpo-resnet-gender-age-REBUTTAL,IR_SE_50,FairFace,GENDER,age,512,a9fb8c,40,True,False,Linear,CrossEntropy,Adam,96,0.0005084237432,0.000315123089,0.9056103535702354,0.2606898814188492,0.14957877030773808
hpo-resnet-gender-age-REBUTTAL,IR_SE_50,FairFace,GENDER,age,512,aa62d2,120,True,True,CosFace,CrossEntropy,Adam,97,0.0158008139209,0.0008321770563,0.8253837481716224,0.24939912929849278,0.13828801818738168
hpo-resnet-gender-age-REBUTTAL,IR_SE_50,FairFace,GENDER,age,512,ab2023,40,True,False,CosFace,Focal,Adam,97,0.0266634164516,4.78358043e-05,0.832510941488701,0.2412986934504237,0.1301875823393126
hpo-resnet-gender-age-REBUTTAL,IR_SE_50,FairFace,GENDER,age,512,adc25c,13,False,False,Linear,Focal,Adam,50,5.27168976e-05,0.0027223728601,0.7960730593607306,0.27420670874224756,0.16309559763113646
hpo-resnet-gender-age-REBUTTAL,IR_SE_50,FairFace,GENDER,age,512,adc25c,40,True,False,Linear,Focal,Adam,50,5.27168976e-05,0.0027223728601,0.8590867579908675,0.29599073450095037,0.18487962338983926
hpo-resnet-gender-age-REBUTTAL,IR_SE_50,FairFace,GENDER,age,512,b1fcb5,13,True,False,Linear,CrossEntropy,Adam,30,0.0627149742322,0.0006884480741,0.6147031774912795,0.23555147539032623,0.12444036427921512
hpo-resnet-gender-age-REBUTTAL,IR_SE_50,FairFace,GENDER,age,512,b397aa,13,True,False,Linear,Focal,Adam,30,0.0580669442126,0.0007832465421,0.5284018116519875,0.17068684327726963,0.059575732166158524
hpo-resnet-gender-age-REBUTTAL,IR_SE_50,FairFace,GENDER,age,512,b40b36,40,True,False,Linear,Focal,Adam,98,0.0004054551218,0.0002831497173,0.8920106003423443,0.27126647294501377,0.16015536183390267
hpo-resnet-gender-age-REBUTTAL,IR_SE_50,FairFace,GENDER,age,512,b59a19,120,True,True,Linear,Focal,SGD,100,0.0010124705248,0.0709513311187,0.9050228310502283,0.20614325574641912,0.09503214463530801
hpo-resnet-gender-age-REBUTTAL,IR_SE_50,FairFace,GENDER,age,512,b892e0,13,True,False,ArcFace,Focal,SGD,87,0.0755135042732,0.0146104161787,0.5290239688542884,0.1111111111111111,0.0
hpo-resnet-gender-age-REBUTTAL,IR_SE_50,FairFace,GENDER,age,512,bc0de4,40,True,False,ArcFace,Focal,SGD,93,0.0559011883777,0.0006927316773,0.5288637097142324,0.1111111111111111,0.0
hpo-resnet-gender-age-REBUTTAL,IR_SE_50,FairFace,GENDER,age,512,c40a11,40,True,False,Linear,Focal,Adam,96,0.000390705022,0.000398217196,0.8897112331055759,0.30187963521514266,0.19076852410403156
hpo-resnet-gender-age-REBUTTAL,IR_SE_50,FairFace,GENDER,age,512,c749c9,13,True,False,ArcFace,Focal,SGD,72,0.0110231259125,0.0953228108474,0.5287828759143227,0.1111111111111111,0.0
hpo-resnet-gender-age-REBUTTAL,IR_SE_50,FairFace,GENDER,age,512,c8131b,40,True,False,ArcFace,CrossEntropy,SGD,67,0.0923175464038,0.067663176851,0.5287924511266979,0.1111111111111111,0.0
hpo-resnet-gender-age-REBUTTAL,IR_SE_50,FairFace,GENDER,age,512,c85e29,13,True,False,Linear,CrossEntropy,Adam,99,0.0017427036879,0.0001593449906,0.8568682994756998,0.2563438247298645,0.1452327136187534
hpo-resnet-gender-age-REBUTTAL,IR_SE_50,FairFace,GENDER,age,512,cc12d9,40,True,False,ArcFace,Focal,SGD,98,0.017629437337,0.4340212747221,0.5285988791427271,0.1111111111111111,0.0
hpo-resnet-gender-age-REBUTTAL,IR_SE_50,FairFace,GENDER,age,512,ccf12a,40,True,False,Linear,CrossEntropy,SGD,97,0.0019242120362,0.8336341221255,0.6144919336887829,0.1745357254833893,0.0634246143722782
hpo-resnet-gender-age-REBUTTAL,IR_SE_50,FairFace,GENDER,age,512,cffeef,40,True,False,ArcFace,Focal,SGD,88,0.07049778869,0.0005895015311,0.5288672984030939,0.1111111111111111,0.0
hpo-resnet-gender-age-REBUTTAL,IR_SE_50,FairFace,GENDER,age,512,d62569,40,True,False,Linear,CrossEntropy,SGD,98,2.2917784e-06,0.056519477767,0.8839571585890424,0.30918737950138203,0.19807626839027093
hpo-resnet-gender-age-REBUTTAL,IR_SE_50,FairFace,GENDER,age,512,d67f78,13,True,False,ArcFace,Focal,SGD,31,0.0968884698045,0.7852226876117,0.5288584331094401,0.1111111111111111,0.0
hpo-resnet-gender-age-REBUTTAL,IR_SE_50,FairFace,GENDER,age,512,da5209,13,True,False,ArcFace,CrossEntropy,Adam,71,4.8842645e-06,0.0007183678433,0.5286630179943183,0.1111111111111111,0.0
hpo-resnet-gender-age-REBUTTAL,IR_SE_50,FairFace,GENDER,age,512,da96c4,13,True,False,Linear,CrossEntropy,SGD,36,0.0899726964351,0.0096461600899,0.6226242413018879,0.23346784408194482,0.12235673297083371
hpo-resnet-gender-age-REBUTTAL,IR_SE_50,FairFace,GENDER,age,512,db0670,13,False,False,Linear,CrossEntropy,Adam,97,6.93757513e-05,0.002527739156,0.8548976352758575,0.2980724634340048,0.18696135232289368
hpo-resnet-gender-age-REBUTTAL,IR_SE_50,FairFace,GENDER,age,512,db0670,40,False,False,Linear,CrossEntropy,Adam,97,6.93757513e-05,0.002527739156,0.8847770205715247,0.27728818098140656,0.16617706987029546
hpo-resnet-gender-age-REBUTTAL,IR_SE_50,FairFace,GENDER,age,512,db0670,120,True,True,Linear,CrossEntropy,Adam,97,6.93757513e-05,0.002527739156,0.8944626938669304,0.2519619195278668,0.14085080841675568
hpo-resnet-gender-age-REBUTTAL,IR_SE_50,FairFace,GENDER,age,512,db66d5,40,True,False,Linear,Focal,SGD,91,0.0088401671083,0.285562395431,0.7502515172762145,0.15756157791440656,0.046450466803295454
hpo-resnet-gender-age-REBUTTAL,IR_SE_50,FairFace,GENDER,age,512,dd3797,13,False,False,ArcFace,Focal,SGD,99,0.0029730870244,0.4109825462715,0.5290564611460595,0.1111111111111111,0.0
hpo-resnet-gender-age-REBUTTAL,IR_SE_50,FairFace,GENDER,age,512,dd3797,40,False,False,ArcFace,Focal,SGD,99,0.0029730870244,0.4109825462715,0.5285988784584764,0.1111111111111111,0.0
hpo-resnet-gender-age-REBUTTAL,IR_SE_50,FairFace,GENDER,age,512,dd3797,120,True,True,ArcFace,Focal,SGD,99,0.0029730870244,0.4109825462715,0.528690394927568,0.1111111111111111,0.0
hpo-resnet-gender-age-REBUTTAL,IR_SE_50,FairFace,GENDER,age,512,de5a62,40,False,False,Linear,Focal,Adam,31,1.95327614e-05,1.08528732e-05,0.8908675537109374,0.32206329190995625,0.21095218079884515
hpo-resnet-gender-age-REBUTTAL,IR_SE_50,FairFace,GENDER,age,512,de5a62,120,True,True,Linear,Focal,Adam,31,1.95327614e-05,1.08528732e-05,0.8989954062683941,0.2759672237344226,0.1648561126233115
hpo-resnet-gender-age-REBUTTAL,IR_SE_50,FairFace,GENDER,age,512,e3647a,13,True,False,CosFace,Focal,Adam,46,6.0699e-06,0.0007896112727,0.7354767795370407,0.2592053850020248,0.14809427389091367
hpo-resnet-gender-age-REBUTTAL,IR_SE_50,FairFace,GENDER,age,512,e4dad9,13,True,False,ArcFace,Focal,SGD,33,0.0964130495314,0.0063579586916,0.5286001461988303,0.1111111111111111,0.0
hpo-resnet-gender-age-REBUTTAL,IR_SE_50,FairFace,GENDER,age,512,e58e11,40,True,False,Linear,Focal,SGD,97,0.0027965642832,0.1235952128851,0.828764593559399,0.1946109302952388,0.08349981918412769
hpo-resnet-gender-age-REBUTTAL,IR_SE_50,FairFace,GENDER,age,512,e61045,120,True,True,Linear,Focal,SGD,98,0.0039055609801,0.117191114812,0.9073853565438447,0.20387654161991264,0.09276543050880154
hpo-resnet-gender-age-REBUTTAL,IR_SE_50,FairFace,GENDER,age,512,e90743,40,True,False,CosFace,Focal,Adam,97,0.0387894859334,0.006000429833,0.44947001415386545,0.1957867875788738,0.0846756764677627
hpo-resnet-gender-age-REBUTTAL,IR_SE_50,FairFace,GENDER,age,512,ed0580,13,True,False,ArcFace,CrossEntropy,Adam,32,0.0268459217181,0.0004824553045,0.5288742690058479,0.1111111111111111,0.0
hpo-resnet-gender-age-REBUTTAL,IR_SE_50,FairFace,GENDER,age,512,f0cb1c,13,False,False,ArcFace,Focal,SGD,77,0.0151493436634,0.0519419345275,0.5287828871938918,0.1111111111111111,0.0
hpo-resnet-gender-age-REBUTTAL,IR_SE_50,FairFace,GENDER,age,512,f0cb1c,40,False,False,ArcFace,Focal,SGD,77,0.0151493436634,0.0519419345275,0.5289656360281838,0.1111111111111111,0.0
hpo-resnet-gender-age-REBUTTAL,IR_SE_50,FairFace,GENDER,age,512,f0cb1c,120,True,True,ArcFace,Focal,SGD,77,0.0151493436634,0.0519419345275,0.5287828875250287,0.1111111111111111,0.0
hpo-resnet-gender-age-REBUTTAL,IR_SE_50,FairFace,GENDER,age,512,f1aa54,40,False,False,ArcFace,CrossEntropy,Adam,30,0.0331615390466,0.0004686183877,0.5288584329787999,0.1111111111111111,0.0
hpo-resnet-gender-age-REBUTTAL,IR_SE_50,FairFace,GENDER,age,512,f1aa54,120,True,True,ArcFace,CrossEntropy,Adam,30,0.0331615390466,0.0004686183877,0.5285844604283163,0.1111111111111111,0.0
hpo-resnet-gender-age-REBUTTAL,IR_SE_50,FairFace,GENDER,age,512,f21a27,120,True,True,ArcFace,Focal,SGD,34,0.0971960721013,0.1057054337343,0.5289550496924738,0.1111111111111111,0.0
hpo-resnet-gender-age-REBUTTAL,IR_SE_50,FairFace,GENDER,age,512,f4bd50,13,True,False,Linear,Focal,Adam,48,1.047596e-06,0.0021677240041,0.8586439802772121,0.2789730318929125,0.1678619207818014
hpo-resnet-gender-age-REBUTTAL,IR_SE_50,FairFace,GENDER,age,512,f595e1,13,True,False,CosFace,CrossEntropy,SGD,60,1.4729631e-06,0.3720412912467,0.6289497566745706,0.26663504588862685,0.15552393477751575
hpo-resnet-gender-age-REBUTTAL,IR_SE_50,FairFace,GENDER,age,512,f6f715,13,False,False,Linear,Focal,Adam,67,1.3991094e-06,0.0020871033936,0.8621257724358595,0.2908249891233863,0.17971387801227517
hpo-resnet-gender-age-REBUTTAL,IR_SE_50,FairFace,GENDER,age,512,f6f715,40,False,False,Linear,Focal,Adam,67,1.3991094e-06,0.0020871033936,0.9045133896104518,0.3031195043300313,0.19200839321892021
hpo-resnet-gender-age-REBUTTAL,IR_SE_50,FairFace,GENDER,age,512,f6f715,120,True,True,Linear,Focal,Adam,67,1.3991094e-06,0.0020871033936,0.9017668921709782,0.24413179467062443,0.13302068355951333
hpo-resnet-gender-age-REBUTTAL,IR_SE_50,FairFace,GENDER,age,512,fd5115,40,True,False,CosFace,Focal,Adam,97,0.0090203563693,0.0004141121808,0.8102156184012429,0.24924697307235189,0.13813586196124078
hpo-resnet-gender-age-REBUTTAL,IR_SE_50,FairFace,GENDER,age,512,feb58a,120,True,True,Linear,Focal,SGD,88,0.0420586399653,0.1173923498146,0.8870967585040677,0.2123021911026369,0.1011910799915258
hpo-resnet-race-gender-REBUTTAL,IR_SE_50,FairFace,RACE,gender,512,010bc6,13,False,False,ArcFace,Focal,Adam,74,9.20288469e-05,0.0074381593279,0.19037619149362717,0.5,0.0
hpo-resnet-race-gender-REBUTTAL,IR_SE_50,FairFace,RACE,gender,512,010bc6,40,False,False,ArcFace,Focal,Adam,74,9.20288469e-05,0.0074381593279,0.1902848837262876,0.5,0.0
hpo-resnet-race-gender-REBUTTAL,IR_SE_50,FairFace,RACE,gender,512,010bc6,120,True,True,ArcFace,Focal,Adam,74,9.20288469e-05,0.0074381593279,0.19037619133253358,0.5,0.0
hpo-resnet-race-gender-REBUTTAL,IR_SE_50,FairFace,RACE,gender,512,044e25,40,True,False,Linear,CrossEntropy,SGD,83,0.0015008297153,0.0652038762818,0.6429158852966538,0.6638798976691119,0.16387989766911193
hpo-resnet-race-gender-REBUTTAL,IR_SE_50,FairFace,RACE,gender,512,09094a,40,True,False,ArcFace,CrossEntropy,SGD,48,0.0015133709707,0.0001416022464,0.0,0.6363102067595541,0.13631020675955408
hpo-resnet-race-gender-REBUTTAL,IR_SE_50,FairFace,RACE,gender,512,0c8070,13,True,False,ArcFace,CrossEntropy,SGD,66,4.33521732e-05,0.5910062656404,0.0,0.5859648092413536,0.08596480924135363
hpo-resnet-race-gender-REBUTTAL,IR_SE_50,FairFace,RACE,gender,512,0ec5dd,40,True,False,Linear,CrossEntropy,Adam,93,4.5970932e-06,0.0089160067748,0.6553708292856938,0.6700912867833573,0.17009128678335728
hpo-resnet-race-gender-REBUTTAL,IR_SE_50,FairFace,RACE,gender,512,1043b7,13,True,False,CosFace,CrossEntropy,Adam,71,0.0007471181147,0.0016915030908,0.09560439647772379,0.6379665548922107,0.13796655489221066
hpo-resnet-race-gender-REBUTTAL,IR_SE_50,FairFace,RACE,gender,512,11feec,13,True,False,Linear,CrossEntropy,SGD,71,0.0012728514405,0.001015753153,0.5835164959002764,0.7457617328394279,0.24576173283942793
hpo-resnet-race-gender-REBUTTAL,IR_SE_50,FairFace,RACE,gender,512,16c65b,40,True,False,CosFace,CrossEntropy,Adam,99,6.631403e-06,0.0003773664591,0.43818064856422323,0.6583727291019584,0.15837272910195843
hpo-resnet-race-gender-REBUTTAL,IR_SE_50,FairFace,RACE,gender,512,182a2e,13,True,False,CosFace,CrossEntropy,Adam,55,0.0258870488004,0.0031415739478,0.0,0.5891296041407565,0.08912960414075655
hpo-resnet-race-gender-REBUTTAL,IR_SE_50,FairFace,RACE,gender,512,1901b9,13,False,False,CosFace,CrossEntropy,Adam,100,6.6069531e-06,0.0028456631205,0.2844748858447488,0.6489048007539157,0.14890480075391566
hpo-resnet-race-gender-REBUTTAL,IR_SE_50,FairFace,RACE,gender,512,1901b9,40,False,False,CosFace,CrossEntropy,Adam,100,6.6069531e-06,0.0028456631205,0.43470319634703203,0.6309394004422457,0.13093940044224572
hpo-resnet-race-gender-REBUTTAL,IR_SE_50,FairFace,RACE,gender,512,1901b9,120,True,True,CosFace,CrossEntropy,Adam,100,6.6069531e-06,0.0028456631205,0.5020091324200913,0.667024624540576,0.16702462454057598
hpo-resnet-race-gender-REBUTTAL,IR_SE_50,FairFace,RACE,gender,512,1aed02,13,True,False,Linear,Focal,SGD,99,2.1811231e-06,0.000360004935,0.5376590051351642,0.7228333754315963,0.22283337543159631
hpo-resnet-race-gender-REBUTTAL,IR_SE_50,FairFace,RACE,gender,512,1b015d,120,True,True,Linear,CrossEntropy,Adam,96,2.7420746e-06,0.002838361027,0.6334064038594565,0.6419878197773359,0.14198781977733588
hpo-resnet-race-gender-REBUTTAL,IR_SE_50,FairFace,RACE,gender,512,1b2b2a,13,True,False,CosFace,CrossEntropy,Adam,98,1.6395248e-06,0.0069898801564,0.23647844596828582,0.651822859249809,0.15182285924980898
hpo-resnet-race-gender-REBUTTAL,IR_SE_50,FairFace,RACE,gender,512,1be462,40,True,False,Linear,Focal,Adam,98,0.0026157548371,0.0055395132633,0.48833165173038773,0.6186845581608911,0.11868455816089107
hpo-resnet-race-gender-REBUTTAL,IR_SE_50,FairFace,RACE,gender,512,1dbd2f,13,False,False,CosFace,Focal,Adam,97,0.0017412429067,0.000263526404,0.23748171802152673,0.5974308107911406,0.09743081079114058
hpo-resnet-race-gender-REBUTTAL,IR_SE_50,FairFace,RACE,gender,512,1dbd2f,40,True,False,CosFace,Focal,Adam,97,0.0017412429067,0.000263526404,0.38980262020178014,0.6103062233897949,0.1103062233897949
hpo-resnet-race-gender-REBUTTAL,IR_SE_50,FairFace,RACE,gender,512,1e4753,40,True,False,Linear,CrossEntropy,Adam,94,0.0001227127184,0.0010678161987,0.6656013066369576,0.633909869937773,0.13390986993777299
hpo-resnet-race-gender-REBUTTAL,IR_SE_50,FairFace,RACE,gender,512,1ec33a,40,True,False,Linear,CrossEntropy,Adam,94,3.1950752e-06,0.0005923329447,0.6403068169196788,0.6290797297398542,0.12907972973985415
hpo-resnet-race-gender-REBUTTAL,IR_SE_50,FairFace,RACE,gender,512,1ed863,13,True,False,Linear,CrossEntropy,Adam,49,2.46899138e-05,0.0033549797373,0.5788559726246616,0.6860445662737258,0.1860445662737258
hpo-resnet-race-gender-REBUTTAL,IR_SE_50,FairFace,RACE,gender,512,20cd59,40,True,False,Linear,Focal,SGD,100,2.0465389e-06,0.0124608228171,0.6302283105022831,0.7407490404806909,0.2407490404806909
hpo-resnet-race-gender-REBUTTAL,IR_SE_50,FairFace,RACE,gender,512,250f2c,40,True,False,Linear,Focal,SGD,100,2.1712321e-06,0.0313333293895,0.61662100456621,0.7178795158414337,0.21787951584143372
hpo-resnet-race-gender-REBUTTAL,IR_SE_50,FairFace,RACE,gender,512,277f08,40,False,False,Linear,CrossEntropy,Adam,95,0.0015008297153,0.0002499698642,0.6525431383321214,0.61764242547002,0.11764242547002002
hpo-resnet-race-gender-REBUTTAL,IR_SE_50,FairFace,RACE,gender,512,277f08,120,True,True,Linear,CrossEntropy,Adam,95,0.0015008297153,0.0002499698642,0.6534562974528693,0.6274375295668945,0.12743752956689447
hpo-resnet-race-gender-REBUTTAL,IR_SE_50,FairFace,RACE,gender,512,29d7fb,40,True,False,ArcFace,Focal,SGD,35,0.0435815434585,0.0225507137772,0.19035439861487158,0.5,0.0
hpo-resnet-race-gender-REBUTTAL,IR_SE_50,FairFace,RACE,gender,512,2a9889,40,True,False,Linear,CrossEntropy,Adam,65,4.3446083e-06,0.0059305973065,0.6497624269005848,0.6632144418626555,0.16321444186265555
hpo-resnet-race-gender-REBUTTAL,IR_SE_50,FairFace,RACE,gender,512,2b4a8f,120,True,True,Linear,CrossEntropy,Adam,55,2.61159392e-05,0.0036715110052,0.6332875991632909,0.6590487206230828,0.15904872062308284
hpo-resnet-race-gender-REBUTTAL,IR_SE_50,FairFace,RACE,gender,512,2c67b6,120,True,True,CosFace,Focal,SGD,94,0.0001553247098,0.0001406157744,0.4422427137317575,0.7272822230986747,0.22728222309867474
hpo-resnet-race-gender-REBUTTAL,IR_SE_50,FairFace,RACE,gender,512,2d7473,40,True,False,CosFace,CrossEntropy,SGD,35,0.001619944875,0.0003999755468,0.42126414841006254,0.7136627549174696,0.21366275491746956
hpo-resnet-race-gender-REBUTTAL,IR_SE_50,FairFace,RACE,gender,512,329d69,40,True,False,Linear,CrossEntropy,Adam,96,3.54365987e-05,0.0035096765063,0.6478435380835282,0.6340285054296056,0.13402850542960565
hpo-resnet-race-gender-REBUTTAL,IR_SE_50,FairFace,RACE,gender,512,32bc05,13,True,False,CosFace,Focal,Adam,32,0.0008988538846,0.000805980467,0.011787280701754388,0.6342724992026303,0.1342724992026303
hpo-resnet-race-gender-REBUTTAL,IR_SE_50,FairFace,RACE,gender,512,32de55,13,True,False,Linear,CrossEntropy,Adam,48,0.0032236088712,0.0037915561282,0.2549342036247253,0.6001310642904695,0.10013106429046947
hpo-resnet-race-gender-REBUTTAL,IR_SE_50,FairFace,RACE,gender,512,32ed91,13,True,False,CosFace,CrossEntropy,SGD,100,0.0073167609496,0.0763255549635,0.0,0.6177415949747518,0.11774159497475178
hpo-resnet-race-gender-REBUTTAL,IR_SE_50,FairFace,RACE,gender,512,336dd2,13,True,False,Linear,Focal,SGD,99,2.1636942e-06,0.1410527217735,0.581129308794646,0.6315056532972573,0.13150565329725727
hpo-resnet-race-gender-REBUTTAL,IR_SE_50,FairFace,RACE,gender,512,33f68c,13,True,False,Linear,CrossEntropy,SGD,48,3.19022821e-05,0.8095251273437,0.19051534502129808,0.5,0.0
hpo-resnet-race-gender-REBUTTAL,IR_SE_50,FairFace,RACE,gender,512,34571e,120,True,True,Linear,Focal,Adam,95,8.678542e-06,0.0023664298683,0.6402154979787672,0.6001017649696785,0.10010176496967849
hpo-resnet-race-gender-REBUTTAL,IR_SE_50,FairFace,RACE,gender,512,34ac91,40,True,False,Linear,Focal,Adam,95,0.0001068728421,0.0003664745033,0.6707149988591926,0.6555124999732427,0.15551249997324268
hpo-resnet-race-gender-REBUTTAL,IR_SE_50,FairFace,RACE,gender,512,360867,120,True,True,Linear,CrossEntropy,Adam,94,9.31942662e-05,0.0004967200375,0.6427723410610477,0.6706378060775622,0.17063780607756218
hpo-resnet-race-gender-REBUTTAL,IR_SE_50,FairFace,RACE,gender,512,3e9030,120,True,True,CosFace,CrossEntropy,Adam,98,7.77978331e-05,6.60603306e-05,0.5000457535303228,0.6637310932419445,0.16373109324194446
hpo-resnet-race-gender-REBUTTAL,IR_SE_50,FairFace,RACE,gender,512,42a2c5,40,True,False,CosFace,CrossEntropy,Adam,97,0.0001640678147,0.0021049459401,0.39208697436148654,0.6321802400564259,0.13218024005642592
hpo-resnet-race-gender-REBUTTAL,IR_SE_50,FairFace,RACE,gender,512,43840f,40,True,False,Linear,CrossEntropy,SGD,97,7.46462153e-05,0.6484564829007,0.19033259747321152,0.5,0.0
hpo-resnet-race-gender-REBUTTAL,IR_SE_50,FairFace,RACE,gender,512,43b81a,13,False,False,Linear,CrossEntropy,Adam,38,0.0022100808414,0.0026321600344,0.3444809896250567,0.6325225337196384,0.1325225337196384
hpo-resnet-race-gender-REBUTTAL,IR_SE_50,FairFace,RACE,gender,512,43b81a,40,True,False,Linear,CrossEntropy,Adam,38,0.0022100808414,0.0026321600344,0.46290203920669026,0.6342042010142114,0.13420420101421138
hpo-resnet-race-gender-REBUTTAL,IR_SE_50,FairFace,RACE,gender,512,47e23c,40,True,False,Linear,CrossEntropy,SGD,52,0.0012998781491,0.0013421207336,0.6674584063894674,0.7292996619473799,0.22929966194737994
hpo-resnet-race-gender-REBUTTAL,IR_SE_50,FairFace,RACE,gender,512,484814,13,True,False,ArcFace,Focal,Adam,93,0.0137148648048,0.006144681793,0.0,0.6145314797789199,0.11453147977891986
hpo-resnet-race-gender-REBUTTAL,IR_SE_50,FairFace,RACE,gender,512,48920f,40,True,False,CosFace,Focal,Adam,98,7.5943951e-06,0.001368330434,0.431591466296414,0.6411724892488885,0.14117248924888848
hpo-resnet-race-gender-REBUTTAL,IR_SE_50,FairFace,RACE,gender,512,4d164f,13,False,False,ArcFace,Focal,Adam,71,0.0386259679513,0.000827021461,0.19047619384068715,0.5,0.0
hpo-resnet-race-gender-REBUTTAL,IR_SE_50,FairFace,RACE,gender,512,4d164f,40,True,False,ArcFace,Focal,Adam,71,0.0386259679513,0.000827021461,0.1901098930224394,0.5,0.0
hpo-resnet-race-gender-REBUTTAL,IR_SE_50,FairFace,RACE,gender,512,52113a,40,True,False,Linear,CrossEntropy,SGD,82,0.0013739798268,0.1,0.6214488158779644,0.6537736722457568,0.15377367224575678
hpo-resnet-race-gender-REBUTTAL,IR_SE_50,FairFace,RACE,gender,512,5217aa,40,True,False,Linear,Focal,SGD,90,1.39295037e-05,0.1105251805119,0.623959795319985,0.6642211544842143,0.16422115448421426
hpo-resnet-race-gender-REBUTTAL,IR_SE_50,FairFace,RACE,gender,512,5626c5,13,False,False,Linear,Focal,SGD,94,4.86385705e-05,0.0763010683526,0.5879828249231429,0.7087744843319541,0.2087744843319541
hpo-resnet-race-gender-REBUTTAL,IR_SE_50,FairFace,RACE,gender,512,5626c5,40,True,False,Linear,Focal,SGD,94,4.86385705e-05,0.0763010683526,0.6388457606892729,0.6961209572288782,0.19612095722887823
hpo-resnet-race-gender-REBUTTAL,IR_SE_50,FairFace,RACE,gender,512,5785c6,13,True,False,CosFace,Focal,Adam,99,3.909152e-06,0.0006631397287,0.25954058570177563,0.6665285094432112,0.16652850944321118
hpo-resnet-race-gender-REBUTTAL,IR_SE_50,FairFace,RACE,gender,512,57a58f,120,True,True,Linear,CrossEntropy,Adam,97,1.75911518e-05,0.0012157001807,0.6465642994328549,0.5870128954471799,0.08701289544717994
hpo-resnet-race-gender-REBUTTAL,IR_SE_50,FairFace,RACE,gender,512,5b12b8,13,False,False,Linear,Focal,SGD,44,2.16497578e-05,0.0013083690547,0.5957563536123971,0.7416969203336752,0.24169692033367518
hpo-resnet-race-gender-REBUTTAL,IR_SE_50,FairFace,RACE,gender,512,5b12b8,40,True,False,Linear,Focal,SGD,44,2.16497578e-05,0.0013083690547,0.6589537181892625,0.7327302578768348,0.23273025787683477
hpo-resnet-race-gender-REBUTTAL,IR_SE_50,FairFace,RACE,gender,512,5c678d,13,True,False,ArcFace,CrossEntropy,SGD,33,0.0023350605905,0.0083863720107,0.19033260233918126,0.5,0.0
hpo-resnet-race-gender-REBUTTAL,IR_SE_50,FairFace,RACE,gender,512,5c6f70,40,True,False,Linear,Focal,Adam,96,0.0054634465259,1.95109107e-05,0.6527777494464004,0.6051897793266132,0.10518977932661322
hpo-resnet-race-gender-REBUTTAL,IR_SE_50,FairFace,RACE,gender,512,5f6098,40,True,False,Linear,CrossEntropy,Adam,96,8.4789453e-06,0.001,0.6347770209061472,0.6344482951273758,0.13444829512737577
hpo-resnet-race-gender-REBUTTAL,IR_SE_50,FairFace,RACE,gender,512,60f99d,13,True,False,CosFace,CrossEntropy,Adam,99,2.0381346e-06,9.55848824e-05,0.26283517764822784,0.6622299378586826,0.16222993785868256
hpo-resnet-race-gender-REBUTTAL,IR_SE_50,FairFace,RACE,gender,512,626983,120,True,True,Linear,CrossEntropy,Adam,40,3.1560652e-06,0.0024400622416,0.6371115173674589,0.6359225927999127,0.1359225927999127
hpo-resnet-race-gender-REBUTTAL,IR_SE_50,FairFace,RACE,gender,512,635775,13,True,False,CosFace,CrossEntropy,SGD,45,0.0015132749963,0.0171408127549,0.1433144318793621,0.6565408526182622,0.15654085261826223
hpo-resnet-race-gender-REBUTTAL,IR_SE_50,FairFace,RACE,gender,512,63d557,120,True,True,Linear,Focal,SGD,91,2.031795e-06,0.2807489085931,0.6128029598032005,0.6985180162727624,0.19851801627276244
hpo-resnet-race-gender-REBUTTAL,IR_SE_50,FairFace,RACE,gender,512,648b57,13,True,False,ArcFace,CrossEntropy,SGD,81,0.0016733032997,0.0583040514243,0.19038461538461537,0.5,0.0
hpo-resnet-race-gender-REBUTTAL,IR_SE_50,FairFace,RACE,gender,512,6728c2,13,True,False,Linear,CrossEntropy,SGD,74,0.0013518925299,0.214746854261,0.42448868803075834,0.647218986066902,0.14721898606690198
hpo-resnet-race-gender-REBUTTAL,IR_SE_50,FairFace,RACE,gender,512,6942b9,40,True,False,CosFace,CrossEntropy,Adam,98,8.4272775e-05,3.62434676e-05,0.4627070521880693,0.6751970947917314,0.1751970947917314
hpo-resnet-race-gender-REBUTTAL,IR_SE_50,FairFace,RACE,gender,512,694ec6,40,True,False,CosFace,Focal,Adam,90,0.0124459416892,0.000263243157,0.3030635706976117,0.6793210410864776,0.17932104108647762
hpo-resnet-race-gender-REBUTTAL,IR_SE_50,FairFace,RACE,gender,512,6962b4,40,True,False,ArcFace,CrossEntropy,Adam,92,0.0001100034712,0.0092955459436,0.1903543979580663,0.5,0.0
hpo-resnet-race-gender-REBUTTAL,IR_SE_50,FairFace,RACE,gender,512,6bcf85,120,True,True,Linear,Focal,SGD,99,2.0839135e-06,0.2181915051734,0.6176443638822957,0.6604244508317261,0.16042445083172607
hpo-resnet-race-gender-REBUTTAL,IR_SE_50,FairFace,RACE,gender,512,6ca6bd,13,True,False,CosFace,CrossEntropy,SGD,37,4.70786744e-05,0.976240534843,0.05866227846396599,0.6370273377379533,0.13702733773795328
hpo-resnet-race-gender-REBUTTAL,IR_SE_50,FairFace,RACE,gender,512,6f6912,40,True,False,ArcFace,CrossEntropy,Adam,94,0.002512641101,0.0086064711041,0.0,0.625398684821721,0.125398684821721
hpo-resnet-race-gender-REBUTTAL,IR_SE_50,FairFace,RACE,gender,512,6febcb,40,False,False,CosFace,CrossEntropy,Adam,97,0.0001494966133,0.0007237777594,0.44663741295797776,0.6241425266128808,0.12414252661288083
hpo-resnet-race-gender-REBUTTAL,IR_SE_50,FairFace,RACE,gender,512,6febcb,120,True,True,CosFace,CrossEntropy,Adam,97,0.0001494966133,0.0007237777594,0.5440423761334335,0.6402520691474674,0.14025206914746735
hpo-resnet-race-gender-REBUTTAL,IR_SE_50,FairFace,RACE,gender,512,709305,40,True,False,CosFace,CrossEntropy,Adam,98,0.0001516383941,5.23078011e-05,0.4362588038252073,0.673614730788743,0.173614730788743
hpo-resnet-race-gender-REBUTTAL,IR_SE_50,FairFace,RACE,gender,512,71e963,40,True,False,Linear,CrossEntropy,Adam,96,2.0705296e-06,0.0050059604439,0.6660270185637893,0.6681136160766845,0.1681136160766845
hpo-resnet-race-gender-REBUTTAL,IR_SE_50,FairFace,RACE,gender,512,72298a,120,True,True,CosFace,CrossEntropy,Adam,97,9.93814415e-05,0.0029511963845,0.4781615344265051,0.6292152558218687,0.12921525582186866
hpo-resnet-race-gender-REBUTTAL,IR_SE_50,FairFace,RACE,gender,512,749981,13,True,False,CosFace,Focal,Adam,99,1.848982e-06,0.0005115835189,0.19053719995267726,0.6594191764188364,0.1594191764188364
hpo-resnet-race-gender-REBUTTAL,IR_SE_50,FairFace,RACE,gender,512,749a4a,13,False,False,ArcFace,CrossEntropy,Adam,34,0.0003884443718,0.0054843228275,0.1902630577916684,0.5,0.0
hpo-resnet-race-gender-REBUTTAL,IR_SE_50,FairFace,RACE,gender,512,749a4a,40,True,False,ArcFace,CrossEntropy,Adam,34,0.0003884443718,0.0054843228275,0.19044573949730914,0.5,0.0
hpo-resnet-race-gender-REBUTTAL,IR_SE_50,FairFace,RACE,gender,512,76973d,40,True,False,CosFace,CrossEntropy,Adam,98,9.98870432e-05,0.0002156066517,0.4433055695503816,0.6584603929373385,0.1584603929373385
hpo-resnet-race-gender-REBUTTAL,IR_SE_50,FairFace,RACE,gender,512,7874a5,120,True,True,Linear,CrossEntropy,Adam,96,0.0001200086308,0.000754749848,0.6380664925826224,0.6277835023685625,0.1277835023685625
hpo-resnet-race-gender-REBUTTAL,IR_SE_50,FairFace,RACE,gender,512,79304a,13,True,False,ArcFace,Focal,SGD,76,2.10693347e-05,0.1057856540281,0.0,0.6278799961362358,0.1278799961362358
hpo-resnet-race-gender-REBUTTAL,IR_SE_50,FairFace,RACE,gender,512,7d6124,40,False,False,Linear,Focal,SGD,98,3.1032607e-05,0.5844945157093,0.19044568361188263,0.5,0.0
hpo-resnet-race-gender-REBUTTAL,IR_SE_50,FairFace,RACE,gender,512,7d6124,120,True,True,Linear,Focal,SGD,98,3.1032607e-05,0.5844945157093,0.19044568421060193,0.5,0.0
hpo-resnet-race-gender-REBUTTAL,IR_SE_50,FairFace,RACE,gender,512,808b31,40,True,False,CosFace,Focal,Adam,99,5.4596022e-06,0.0022770638954,0.4464171285586507,0.6421169240904099,0.14211692409040988
hpo-resnet-race-gender-REBUTTAL,IR_SE_50,FairFace,RACE,gender,512,821e73,40,True,False,CosFace,CrossEntropy,Adam,100,4.7361609e-06,0.0007141781611,0.46310502283105026,0.6788170325647903,0.1788170325647903
hpo-resnet-race-gender-REBUTTAL,IR_SE_50,FairFace,RACE,gender,512,84d418,13,True,False,Linear,CrossEntropy,SGD,36,0.0013414310602,0.4581327609697,0.17799706895100442,0.5314591422978374,0.03145914229783742
hpo-resnet-race-gender-REBUTTAL,IR_SE_50,FairFace,RACE,gender,512,86a540,120,True,True,Linear,CrossEntropy,Adam,98,3.4817001e-06,0.0014645213977,0.6500411788872005,0.6184127032757443,0.11841270327574427
hpo-resnet-race-gender-REBUTTAL,IR_SE_50,FairFace,RACE,gender,512,86f137,40,True,False,Linear,Focal,SGD,100,2.1128829e-06,0.0189697425173,0.6188127853881279,0.7096033942259734,0.2096033942259734
hpo-resnet-race-gender-REBUTTAL,IR_SE_50,FairFace,RACE,gender,512,8ad241,40,True,False,Linear,Focal,SGD,98,8.4007632e-06,0.1296751903772,0.6154479701636618,0.6032030111139415,0.10320301111394148
hpo-resnet-race-gender-REBUTTAL,IR_SE_50,FairFace,RACE,gender,512,8b20d5,120,True,True,CosFace,CrossEntropy,Adam,99,0.0001354784427,0.0081973000145,0.3640523452074538,0.6314255149723542,0.13142551497235422
hpo-resnet-race-gender-REBUTTAL,IR_SE_50,FairFace,RACE,gender,512,8e3765,40,True,False,Linear,CrossEntropy,Adam,99,7.7869727e-06,0.0035979800328,0.6559897485228398,0.6465348669944623,0.14653486699446228
hpo-resnet-race-gender-REBUTTAL,IR_SE_50,FairFace,RACE,gender,512,8eafc0,40,True,False,Linear,Focal,Adam,35,0.0127479203349,0.001,0.4561563648792527,0.6307215954456815,0.13072159544568152
hpo-resnet-race-gender-REBUTTAL,IR_SE_50,FairFace,RACE,gender,512,8f94c6,120,True,True,CosFace,CrossEntropy,SGD,41,2.66404683e-05,0.6656090532947,0.5048446069469835,0.6410025799456718,0.14100257994567178
hpo-resnet-race-gender-REBUTTAL,IR_SE_50,FairFace,RACE,gender,512,97ccff,120,True,True,Linear,CrossEntropy,SGD,40,2.69168786e-05,0.8432944710903,0.19049360146252292,0.5,0.0
hpo-resnet-race-gender-REBUTTAL,IR_SE_50,FairFace,RACE,gender,512,9b0065,13,True,False,Linear,CrossEntropy,SGD,31,0.0986813387889,0.0001890897475,0.553607290503097,0.6619552734496243,0.16195527344962435
hpo-resnet-race-gender-REBUTTAL,IR_SE_50,FairFace,RACE,gender,512,a23abf,13,True,False,CosFace,CrossEntropy,SGD,91,0.0019876598277,0.0992383074541,0.04545039082750857,0.6302199950873468,0.13021999508734683
hpo-resnet-race-gender-REBUTTAL,IR_SE_50,FairFace,RACE,gender,512,a68daa,40,True,False,ArcFace,CrossEntropy,Adam,39,0.065052765064,0.0010291939153,0.19042397366629704,0.5,0.0
hpo-resnet-race-gender-REBUTTAL,IR_SE_50,FairFace,RACE,gender,512,a7bfd9,13,True,False,CosFace,CrossEntropy,Adam,99,4.3502236e-06,0.0010574078887,0.19465543986435963,0.6855150713565559,0.18551507135655587
hpo-resnet-race-gender-REBUTTAL,IR_SE_50,FairFace,RACE,gender,512,ac6101,40,True,False,Linear,CrossEntropy,Adam,39,4.02331272e-05,0.0059051520777,0.5965825940834152,0.6657121420666536,0.16571214206665363
hpo-resnet-race-gender-REBUTTAL,IR_SE_50,FairFace,RACE,gender,512,adc25c,13,False,False,Linear,Focal,Adam,50,5.27168976e-05,0.0027223728601,0.5589954337899543,0.6644505654902699,0.16445056549026993
hpo-resnet-race-gender-REBUTTAL,IR_SE_50,FairFace,RACE,gender,512,adc25c,40,True,False,Linear,Focal,Adam,50,5.27168976e-05,0.0027223728601,0.6247488584474886,0.6407710952433958,0.14077109524339582
hpo-resnet-race-gender-REBUTTAL,IR_SE_50,FairFace,RACE,gender,512,b28ce7,40,True,False,CosFace,CrossEntropy,Adam,50,0.068841515049,0.0007390943216,0.04109589041095896,0.6168925167126537,0.11689251671265366
hpo-resnet-race-gender-REBUTTAL,IR_SE_50,FairFace,RACE,gender,512,b4f718,40,True,False,Linear,Focal,Adam,98,0.0003655661112,0.0010052336766,0.6288093678085258,0.6245570651766736,0.12455706517667364
hpo-resnet-race-gender-REBUTTAL,IR_SE_50,FairFace,RACE,gender,512,b64de0,40,True,False,Linear,CrossEntropy,Adam,85,1.71887698e-05,0.0027274667101,0.6580585999122033,0.6429292444146665,0.14292924441466648
hpo-resnet-race-gender-REBUTTAL,IR_SE_50,FairFace,RACE,gender,512,b8f521,40,True,False,Linear,CrossEntropy,Adam,43,0.0014357408645,0.0011775695651,0.5737135523248772,0.6306747031537308,0.13067470315373075
hpo-resnet-race-gender-REBUTTAL,IR_SE_50,FairFace,RACE,gender,512,be171c,120,True,True,Linear,CrossEntropy,SGD,90,2.0145568e-06,0.4042111228212,0.6127115102069368,0.6739307687820688,0.1739307687820688
hpo-resnet-race-gender-REBUTTAL,IR_SE_50,FairFace,RACE,gender,512,be62e0,120,True,True,ArcFace,CrossEntropy,Adam,92,6.59197832e-05,0.0069020371808,0.19044573952169985,0.5,0.0
hpo-resnet-race-gender-REBUTTAL,IR_SE_50,FairFace,RACE,gender,512,bf67b2,40,True,False,Linear,CrossEntropy,Adam,97,0.0007502804564,0.0009588214777,0.6176900324905128,0.6442938034210903,0.14429380342109033
hpo-resnet-race-gender-REBUTTAL,IR_SE_50,FairFace,RACE,gender,512,c3a193,13,True,False,CosFace,Focal,SGD,98,0.013240810393,0.3469853659189,0.0,0.6144580307966632,0.11445803079666317
hpo-resnet-race-gender-REBUTTAL,IR_SE_50,FairFace,RACE,gender,512,c85e29,13,True,False,Linear,CrossEntropy,Adam,99,0.0017427036879,0.0001593449906,0.6028187030740918,0.6240578729816915,0.12405787298169146
hpo-resnet-race-gender-REBUTTAL,IR_SE_50,FairFace,RACE,gender,512,c986a0,13,True,False,Linear,CrossEntropy,SGD,97,0.0013829068158,0.1684710932624,0.46171416709297586,0.6507920315480102,0.15079203154801024
hpo-resnet-race-gender-REBUTTAL,IR_SE_50,FairFace,RACE,gender,512,cbf0e5,120,True,True,Linear,CrossEntropy,Adam,67,1.4280755e-05,0.0036683323842,0.6339833313172677,0.6231358474380353,0.1231358474380353
hpo-resnet-race-gender-REBUTTAL,IR_SE_50,FairFace,RACE,gender,512,ccdc1f,120,True,True,CosFace,Focal,Adam,99,3.5502046e-06,0.0011808347726,0.5285073625025728,0.6864490708235491,0.1864490708235491
hpo-resnet-race-gender-REBUTTAL,IR_SE_50,FairFace,RACE,gender,512,cdddf8,13,True,False,Linear,Focal,Adam,60,0.0014781707101,0.0011834896653,0.47278537588250147,0.6531421314065173,0.15314213140651733
hpo-resnet-race-gender-REBUTTAL,IR_SE_50,FairFace,RACE,gender,512,cfc11d,13,True,False,ArcFace,Focal,Adam,100,0.0011000573152,0.0063256494335,0.19022831050228306,0.5,0.0
hpo-resnet-race-gender-REBUTTAL,IR_SE_50,FairFace,RACE,gender,512,d1c3f6,40,True,False,CosFace,Focal,Adam,55,0.0224037883369,0.0008391310291,0.07306812807365703,0.6435910210826674,0.1435910210826674
hpo-resnet-race-gender-REBUTTAL,IR_SE_50,FairFace,RACE,gender,512,d3dbdf,40,True,False,ArcFace,CrossEntropy,Adam,91,0.0003513926728,0.0095665584787,0.1903978136243153,0.5,0.0
hpo-resnet-race-gender-REBUTTAL,IR_SE_50,FairFace,RACE,gender,512,d77802,13,True,False,Linear,CrossEntropy,SGD,37,0.0014471278174,0.0002625372297,0.5492507086615813,0.7206582018832908,0.22065820188329077
hpo-resnet-race-gender-REBUTTAL,IR_SE_50,FairFace,RACE,gender,512,d77b98,13,True,False,CosFace,Focal,SGD,100,0.002291804006,0.6550771157473,0.0,0.6359980485849632,0.13599804858496323
hpo-resnet-race-gender-REBUTTAL,IR_SE_50,FairFace,RACE,gender,512,db0670,13,False,False,Linear,CrossEntropy,Adam,97,6.93757513e-05,0.002527739156,0.5572002700337193,0.6504762611283904,0.1504762611283904
hpo-resnet-race-gender-REBUTTAL,IR_SE_50,FairFace,RACE,gender,512,db0670,40,True,False,Linear,CrossEntropy,Adam,97,6.93757513e-05,0.002527739156,0.6403508500885544,0.6160852802888084,0.11608528028880838
hpo-resnet-race-gender-REBUTTAL,IR_SE_50,FairFace,RACE,gender,512,de5a62,40,False,False,Linear,Focal,Adam,31,1.95327614e-05,1.08528732e-05,0.6425570578640455,0.6985870168421593,0.1985870168421593
hpo-resnet-race-gender-REBUTTAL,IR_SE_50,FairFace,RACE,gender,512,de5a62,120,True,True,Linear,Focal,Adam,31,1.95327614e-05,1.08528732e-05,0.6321460996915217,0.6880980272325814,0.1880980272325814
hpo-resnet-race-gender-REBUTTAL,IR_SE_50,FairFace,RACE,gender,512,e0f99e,13,True,False,CosFace,Focal,SGD,99,0.011173967665,0.1038510226588,0.0,0.628711347640321,0.128711347640321
hpo-resnet-race-gender-REBUTTAL,IR_SE_50,FairFace,RACE,gender,512,e446e8,40,True,False,Linear,Focal,Adam,99,0.006737002043,0.0034357148497,0.4642628305375309,0.6253418254092272,0.12534182540922723
hpo-resnet-race-gender-REBUTTAL,IR_SE_50,FairFace,RACE,gender,512,e49317,13,True,False,Linear,CrossEntropy,SGD,32,4.77469974e-05,0.6045976757828,0.1904239766081871,0.5,0.0
hpo-resnet-race-gender-REBUTTAL,IR_SE_50,FairFace,RACE,gender,512,e55043,40,True,False,ArcFace,CrossEntropy,Adam,91,0.002275216458,0.0080940992521,0.19030636379257637,0.5,0.0
hpo-resnet-race-gender-REBUTTAL,IR_SE_50,FairFace,RACE,gender,512,e5eb98,13,True,False,Linear,Focal,SGD,100,2.1544273e-06,0.3362098676356,0.5003652968036529,0.6289066429988805,0.12890664299888055
hpo-resnet-race-gender-REBUTTAL,IR_SE_50,FairFace,RACE,gender,512,e83968,13,False,False,Linear,CrossEntropy,Adam,59,0.0077018860413,0.001,0.3979694459545833,0.6485424390627642,0.1485424390627642
hpo-resnet-race-gender-REBUTTAL,IR_SE_50,FairFace,RACE,gender,512,e83968,40,True,False,Linear,CrossEntropy,Adam,59,0.0077018860413,0.001,0.5255647976518626,0.6243643786617462,0.12436437866174621
hpo-resnet-race-gender-REBUTTAL,IR_SE_50,FairFace,RACE,gender,512,eb1785,120,True,True,CosFace,CrossEntropy,Adam,100,4.1517979e-06,3.40150391e-05,0.49616438356164383,0.6924843629926299,0.19248436299262994
hpo-resnet-race-gender-REBUTTAL,IR_SE_50,FairFace,RACE,gender,512,eb2a27,40,True,False,Linear,CrossEntropy,Adam,67,6.75373375e-05,0.0042338415112,0.6211663408077736,0.6396862845464412,0.13968628454644116
hpo-resnet-race-gender-REBUTTAL,IR_SE_50,FairFace,RACE,gender,512,ec469e,40,True,False,Linear,CrossEntropy,Adam,97,0.000206764722,0.0037367103762,0.6047148866820753,0.6298817819231486,0.1298817819231486
hpo-resnet-race-gender-REBUTTAL,IR_SE_50,FairFace,RACE,gender,512,f0cb1c,13,True,False,ArcFace,Focal,SGD,77,0.0151493436634,0.0519419345275,0.0,0.6077733037967639,0.10777330379676386
hpo-resnet-race-gender-REBUTTAL,IR_SE_50,FairFace,RACE,gender,512,f0cfe0,13,True,False,ArcFace,CrossEntropy,Adam,46,0.0014469903357,0.0007618515871,0.19026305791710607,0.5,0.0
hpo-resnet-race-gender-REBUTTAL,IR_SE_50,FairFace,RACE,gender,512,f13990,13,True,False,CosFace,CrossEntropy,Adam,31,0.0568125523265,0.001032045944,0.0,0.607319197771218,0.10731919777121801
hpo-resnet-race-gender-REBUTTAL,IR_SE_50,FairFace,RACE,gender,512,f1553b,40,False,False,CosFace,Focal,Adam,100,2.8295795e-06,0.0017144234842,0.4677625570776256,0.656994958643808,0.15699495864380797
hpo-resnet-race-gender-REBUTTAL,IR_SE_50,FairFace,RACE,gender,512,f1553b,120,True,True,CosFace,Focal,Adam,100,2.8295795e-06,0.0017144234842,0.5406392694063927,0.6621602349083078,0.16216023490830778
hpo-resnet-race-gender-REBUTTAL,IR_SE_50,FairFace,RACE,gender,512,f306b2,13,True,False,Linear,CrossEntropy,SGD,78,0.0015528590553,0.0824547907349,0.5182234593118941,0.6482062661480732,0.1482062661480732
hpo-resnet-race-gender-REBUTTAL,IR_SE_50,FairFace,RACE,gender,512,f4bd50,13,True,False,Linear,Focal,Adam,48,1.047596e-06,0.0021677240041,0.6098318483536703,0.6846117425255961,0.1846117425255961
hpo-resnet-race-gender-REBUTTAL,IR_SE_50,FairFace,RACE,gender,512,f6f715,13,False,False,Linear,Focal,Adam,67,1.3991094e-06,0.0020871033936,0.6136592453556119,0.6641497791981779,0.16414977919817786
hpo-resnet-race-gender-REBUTTAL,IR_SE_50,FairFace,RACE,gender,512,f6f715,40,False,False,Linear,Focal,Adam,67,1.3991094e-06,0.0020871033936,0.6424974764221745,0.7045445119562634,0.20454451195626344
hpo-resnet-race-gender-REBUTTAL,IR_SE_50,FairFace,RACE,gender,512,f6f715,120,True,True,Linear,Focal,Adam,67,1.3991094e-06,0.0020871033936,0.6233635392433927,0.583164249049043,0.08316424904904296
hpo-resnet-race-gender-REBUTTAL,IR_SE_50,FairFace,RACE,gender,512,f8a4e1,40,True,False,Linear,Focal,SGD,95,1.5333914e-06,0.4609907034842,0.18235777191849745,0.5471575243866675,0.04715752438666754
hpo-resnet-race-gender-REBUTTAL,IR_SE_50,FairFace,RACE,gender,512,f92b85,13,True,False,CosFace,Focal,SGD,95,0.0179663842423,0.098845491144,0.0,0.588300660800024,0.08830066080002397
hpo-resnet-race-gender-REBUTTAL,IR_SE_50,FairFace,RACE,gender,512,fd5ce9,40,True,False,Linear,Focal,Adam,96,0.0056840903673,3.04775505e-05,0.6642909066718922,0.6121041180128478,0.11210411801284781
hpo-resnet-race-gender-REBUTTAL,IR_SE_50,FairFace,RACE,gender,512,fd9ded,13,True,False,CosFace,Focal,SGD,97,0.0007126637507,0.409627301593,0.03673245510511236,0.5938697726800825,0.09386977268008245
hpo-resnet-race-gender-REBUTTAL,IR_SE_50,FairFace,RACE,gender,512,ffa5b1,13,True,False,CosFace,Focal,SGD,97,0.0235454687784,0.401341544592,0.0,0.5995097581454787,0.09950975814547869
hpo-resnet-race-age-REBUTTAL,IR_SE_50,FairFace,RACE,age,512,00a44f,13,True,False,CosFace,Focal,Adam,77,0.0191664819101,0.0012171288037,0.0,0.12577563105395984,0.01466451994284873
hpo-resnet-race-age-REBUTTAL,IR_SE_50,FairFace,RACE,age,512,010bc6,13,False,False,ArcFace,Focal,Adam,74,9.20288469e-05,0.0074381593279,0.19037619109894777,0.1111111111111111,0.0
hpo-resnet-race-age-REBUTTAL,IR_SE_50,FairFace,RACE,age,512,010bc6,40,False,False,ArcFace,Focal,Adam,74,9.20288469e-05,0.0074381593279,0.19037619087341673,0.1111111111111111,0.0
hpo-resnet-race-age-REBUTTAL,IR_SE_50,FairFace,RACE,age,512,010bc6,120,True,True,ArcFace,Focal,Adam,74,9.20288469e-05,0.0074381593279,0.19037619131642414,0.1111111111111111,0.0
hpo-resnet-race-age-REBUTTAL,IR_SE_50,FairFace,RACE,age,512,011794,120,True,True,Linear,CrossEntropy,Adam,100,0.0087459372862,0.000317262985,0.6562557077625571,0.14484338703659821,0.03373227592548711
hpo-resnet-race-age-REBUTTAL,IR_SE_50,FairFace,RACE,age,512,05366c,13,True,False,ArcFace,CrossEntropy,Adam,65,0.0470986760781,0.001,0.0,0.11189007208058814,0.0007789609694770355
hpo-resnet-race-age-REBUTTAL,IR_SE_50,FairFace,RACE,age,512,054df5,40,True,False,Linear,CrossEntropy,SGD,62,3.60081153e-05,0.0428557666857,0.637667922001047,0.3026331262123196,0.19152201510120848
hpo-resnet-race-age-REBUTTAL,IR_SE_50,FairFace,RACE,age,512,05c7a0,40,True,False,Linear,CrossEntropy,Adam,80,0.0002216694316,0.0030420793977,0.6115384615384616,0.21395292034527735,0.10284180923416625
hpo-resnet-race-age-REBUTTAL,IR_SE_50,FairFace,RACE,age,512,063d47,40,True,False,CosFace,Focal,Adam,97,0.0006295778707,0.0005844153932,0.4234283503314905,0.17561844994651896,0.06450733883540785
hpo-resnet-race-age-REBUTTAL,IR_SE_50,FairFace,RACE,age,512,0a6829,40,True,False,CosFace,CrossEntropy,Adam,98,0.0006402599869,0.0013679117844,0.3298252021036875,0.14518485794752592,0.034073746836414814
hpo-resnet-race-age-REBUTTAL,IR_SE_50,FairFace,RACE,age,512,0aa01b,40,True,False,Linear,CrossEntropy,SGD,88,3.00104249e-05,0.3048276120815,0.6462609880201278,0.1631419926561442,0.0520308815450331
hpo-resnet-race-age-REBUTTAL,IR_SE_50,FairFace,RACE,age,512,0b1d8b,13,True,False,ArcFace,Focal,Adam,98,0.015398195617,5.78788126e-05,0.0,0.17832161855347894,0.06721050744236784
hpo-resnet-race-age-REBUTTAL,IR_SE_50,FairFace,RACE,age,512,0c4627,120,True,True,Linear,Focal,SGD,81,0.0036565689087,0.0359711254525,0.6495421245421246,0.19080573563513656,0.07969462452402545
hpo-resnet-race-age-REBUTTAL,IR_SE_50,FairFace,RACE,age,512,0cea81,13,True,False,CosFace,Focal,Adam,58,0.0964040692962,0.0009600938188,0.0,0.1496251672058332,0.03851405609472208
hpo-resnet-race-age-REBUTTAL,IR_SE_50,FairFace,RACE,age,512,0dda15,40,True,False,ArcFace,CrossEntropy,SGD,70,0.0351835432596,0.1194785940325,0.18992674320172043,0.1111111111111111,0.0
hpo-resnet-race-age-REBUTTAL,IR_SE_50,FairFace,RACE,age,512,0f2f19,40,True,False,Linear,CrossEntropy,Adam,99,3.04469991e-05,0.0004632409573,0.6520545420625286,0.19954046817812032,0.08842935706700922
hpo-resnet-race-age-REBUTTAL,IR_SE_50,FairFace,RACE,age,512,11f8e0,40,True,False,Linear,Focal,Adam,46,0.0443627623109,0.0001347184595,0.5556265867056966,0.1898380821806257,0.0787269710695146
hpo-resnet-race-age-REBUTTAL,IR_SE_50,FairFace,RACE,age,512,11feec,13,False,False,Linear,CrossEntropy,SGD,71,0.0012728514405,0.001015753153,0.595970707245362,0.26906811569783334,0.15795700458672224
hpo-resnet-race-age-REBUTTAL,IR_SE_50,FairFace,RACE,age,512,11feec,40,False,False,Linear,CrossEntropy,SGD,71,0.0012728514405,0.001015753153,0.6652930466334026,0.253345380861228,0.14223426975011688
hpo-resnet-race-age-REBUTTAL,IR_SE_50,FairFace,RACE,age,512,11feec,120,True,True,Linear,CrossEntropy,SGD,71,0.0012728514405,0.001015753153,0.6507326101645445,0.2465678944523514,0.13545678334124028
hpo-resnet-race-age-REBUTTAL,IR_SE_50,FairFace,RACE,age,512,13d99f,13,True,False,Linear,Focal,Adam,40,0.0903772798089,0.0013856251329,0.25539305301645343,0.196101903154032,0.0849907920429209
hpo-resnet-race-age-REBUTTAL,IR_SE_50,FairFace,RACE,age,512,1dbd2f,13,False,False,CosFace,Focal,Adam,97,0.0017412429067,0.000263526404,0.2316337651118897,0.15941241793244432,0.04830130682133321
hpo-resnet-race-age-REBUTTAL,IR_SE_50,FairFace,RACE,age,512,1dbd2f,40,True,False,CosFace,Focal,Adam,97,0.0017412429067,0.000263526404,0.4240679700751053,0.17677304403721047,0.06566193292609937
hpo-resnet-race-age-REBUTTAL,IR_SE_50,FairFace,RACE,age,512,1e4639,13,True,False,CosFace,Focal,Adam,39,0.0622606311548,0.0005840992784,0.0,0.15169218806141505,0.04058107695030394
hpo-resnet-race-age-REBUTTAL,IR_SE_50,FairFace,RACE,age,512,1ebe08,40,True,False,ArcFace,CrossEntropy,Adam,65,0.0428618291134,0.001,0.19051535087719296,0.1111111111111111,0.0
hpo-resnet-race-age-REBUTTAL,IR_SE_50,FairFace,RACE,age,512,204022,40,True,False,ArcFace,CrossEntropy,SGD,64,0.0773232477351,0.1,0.1900584795321637,0.1111111111111111,0.0
hpo-resnet-race-age-REBUTTAL,IR_SE_50,FairFace,RACE,age,512,251eaa,13,True,False,ArcFace,CrossEntropy,Adam,58,0.0004961229839,0.0057669033841,0.19024969945219528,0.1111111111111111,0.0
hpo-resnet-race-age-REBUTTAL,IR_SE_50,FairFace,RACE,age,512,27945b,13,True,False,ArcFace,CrossEntropy,Adam,82,0.0001569749048,0.0029473907849,0.1903717950935221,0.1111111111111111,0.0
hpo-resnet-race-age-REBUTTAL,IR_SE_50,FairFace,RACE,age,512,287f85,13,True,False,Linear,Focal,Adam,46,0.0333294595196,0.0001843421637,0.44647423259350427,0.24858883812655186,0.13747772701544075
hpo-resnet-race-age-REBUTTAL,IR_SE_50,FairFace,RACE,age,512,29d7fb,40,True,False,ArcFace,Focal,SGD,35,0.0435815434585,0.0225507137772,0.19026305788052,0.1111111111111111,0.0
hpo-resnet-race-age-REBUTTAL,IR_SE_50,FairFace,RACE,age,512,2ae276,13,True,False,CosFace,CrossEntropy,Adam,80,0.000159679948,0.0029507208122,0.19908424908424904,0.16174472749676133,0.050633616385650226
hpo-resnet-race-age-REBUTTAL,IR_SE_50,FairFace,RACE,age,512,2af694,13,True,False,ArcFace,Focal,Adam,42,0.0978085327911,0.0061702677025,0.0,0.12235699683357788,0.011245885722466778
hpo-resnet-race-age-REBUTTAL,IR_SE_50,FairFace,RACE,age,512,2c67b6,120,True,True,CosFace,Focal,SGD,94,0.0001553247098,0.0001406157744,0.44735640292515577,0.241187659216005,0.13007654810489389
hpo-resnet-race-age-REBUTTAL,IR_SE_50,FairFace,RACE,age,512,2ebc86,13,False,False,Linear,Focal,Adam,50,0.0189425189033,0.00018953461,0.4854794520547945,0.17610298391402546,0.06499187280291435
hpo-resnet-race-age-REBUTTAL,IR_SE_50,FairFace,RACE,age,512,2ebc86,40,True,False,Linear,Focal,Adam,50,0.0189425189033,0.00018953461,0.5757077625570777,0.18843718614128024,0.07732607503016914
hpo-resnet-race-age-REBUTTAL,IR_SE_50,FairFace,RACE,age,512,2f3669,13,True,False,Linear,Focal,Adam,35,0.093098582066,0.0002396112017,0.25374497034534904,0.20891315209918135,0.09780204098807024
hpo-resnet-race-age-REBUTTAL,IR_SE_50,FairFace,RACE,age,512,2f7c28,120,True,True,Linear,CrossEntropy,Adam,66,6.31743978e-05,0.0074381593279,0.636455179658181,0.22418608055255568,0.11307496944144457
hpo-resnet-race-age-REBUTTAL,IR_SE_50,FairFace,RACE,age,512,31366e,40,True,False,CosFace,Focal,Adam,95,0.0018017107453,0.0002584890143,0.43493744453135474,0.14385199584661634,0.03274088473550524
hpo-resnet-race-age-REBUTTAL,IR_SE_50,FairFace,RACE,age,512,330b11,40,True,False,CosFace,Focal,Adam,94,0.0028588260656,0.0003103957094,0.41137795419652057,0.17174856008113082,0.060637448970019714
hpo-resnet-race-age-REBUTTAL,IR_SE_50,FairFace,RACE,age,512,343563,40,True,False,Linear,Focal,Adam,97,7.4298391e-06,0.0024474901206,0.6578947092357434,0.23787758890371316,0.12676647779260206
hpo-resnet-race-age-REBUTTAL,IR_SE_50,FairFace,RACE,age,512,34699b,40,True,False,Linear,CrossEntropy,SGD,59,1.30434262e-05,0.0335181522449,0.6208725837687282,0.3162954261585171,0.20518431504740597
hpo-resnet-race-age-REBUTTAL,IR_SE_50,FairFace,RACE,age,512,34d01c,13,True,False,ArcFace,CrossEntropy,Adam,53,0.0482547815721,0.0007205800979,0.19020646407881714,0.1111111111111111,0.0
hpo-resnet-race-age-REBUTTAL,IR_SE_50,FairFace,RACE,age,512,37ee8d,13,True,False,Linear,Focal,Adam,49,0.0145025815074,0.0001429820517,0.49342103744807986,0.18669704470597698,0.07558593359486587
hpo-resnet-race-age-REBUTTAL,IR_SE_50,FairFace,RACE,age,512,3a0821,40,True,False,Linear,Focal,Adam,51,0.0856650541528,0.0078966643106,0.2625570776255708,0.1632928533543263,0.0521817422432152
hpo-resnet-race-age-REBUTTAL,IR_SE_50,FairFace,RACE,age,512,3b709e,13,False,False,CosFace,CrossEntropy,Adam,100,0.013241898816,5.98605982e-05,0.27570776255707763,0.20687013619793168,0.09575902508682058
hpo-resnet-race-age-REBUTTAL,IR_SE_50,FairFace,RACE,age,512,3b709e,40,True,False,CosFace,CrossEntropy,Adam,100,0.013241898816,5.98605982e-05,0.46977168949771686,0.16964873205095635,0.05853762093984524
hpo-resnet-race-age-REBUTTAL,IR_SE_50,FairFace,RACE,age,512,3c7c37,40,False,False,Linear,CrossEntropy,Adam,99,0.0153603595569,4.99408277e-05,0.6743845521388033,0.12082903604174813,0.009717924930637029
hpo-resnet-race-age-REBUTTAL,IR_SE_50,FairFace,RACE,age,512,3c7c37,120,True,True,Linear,CrossEntropy,Adam,99,0.0153603595569,4.99408277e-05,0.6428113833029708,0.15268085023291914,0.04156973912180803
hpo-resnet-race-age-REBUTTAL,IR_SE_50,FairFace,RACE,age,512,3c976b,120,True,True,Linear,Focal,Adam,33,8.51127803e-05,0.0035077895806,0.6348684210526315,0.23740789470349266,0.12629678359238156
hpo-resnet-race-age-REBUTTAL,IR_SE_50,FairFace,RACE,age,512,3d7647,120,True,True,Linear,Focal,Adam,89,8.57763861e-05,0.0050868778697,0.6533174396330311,0.20670651692859254,0.09559540581748144
hpo-resnet-race-age-REBUTTAL,IR_SE_50,FairFace,RACE,age,512,3dc13c,40,True,False,Linear,CrossEntropy,SGD,82,0.0001146787066,0.0366621097793,0.6499497765816106,0.2703666921974514,0.1592555810863403
hpo-resnet-race-age-REBUTTAL,IR_SE_50,FairFace,RACE,age,512,3efafa,13,True,False,Linear,Focal,Adam,47,0.0402149005075,0.0001491219463,0.4594446382602724,0.2277879102832829,0.1166767991721718
hpo-resnet-race-age-REBUTTAL,IR_SE_50,FairFace,RACE,age,512,3f6bb3,13,True,False,CosFace,CrossEntropy,Adam,79,0.0001557671372,0.002929033343,0.19322344936643332,0.162731588978174,0.05162047786706289
hpo-resnet-race-age-REBUTTAL,IR_SE_50,FairFace,RACE,age,512,40a840,120,True,True,Linear,CrossEntropy,Adam,97,0.0599327869733,0.0009783036596,0.6274670766529283,0.1347396014807315,0.023628490369620392
hpo-resnet-race-age-REBUTTAL,IR_SE_50,FairFace,RACE,age,512,40c165,40,True,False,Linear,CrossEntropy,Adam,79,1.3842771e-06,0.0003703388801,0.6416667037691388,0.19930858244923766,0.08819747133812655
hpo-resnet-race-age-REBUTTAL,IR_SE_50,FairFace,RACE,age,512,429749,120,True,True,Linear,CrossEntropy,Adam,99,0.014548824672,4.45958727e-05,0.6412556040126647,0.14321592165590527,0.032104810544794166
hpo-resnet-race-age-REBUTTAL,IR_SE_50,FairFace,RACE,age,512,45e257,13,True,False,ArcFace,Focal,Adam,48,2.9000756e-05,0.0096546466377,0.19042397130999644,0.1111111111111111,0.0
hpo-resnet-race-age-REBUTTAL,IR_SE_50,FairFace,RACE,age,512,5039d1,40,True,False,ArcFace,Focal,Adam,51,0.0647753717257,0.0024795000818,0.0,0.13790736808601375,0.02679625697490265
hpo-resnet-race-age-REBUTTAL,IR_SE_50,FairFace,RACE,age,512,51a3e9,40,True,False,Linear,CrossEntropy,Adam,51,8.4250655e-06,0.0032418231642,0.6596347031963471,0.2428307596166807,0.1317196485055696
hpo-resnet-race-age-REBUTTAL,IR_SE_50,FairFace,RACE,age,512,51f085,13,True,False,ArcFace,CrossEntropy,SGD,60,0.0523760057869,0.1673448875899,0.1903196301264306,0.1111111111111111,0.0
hpo-resnet-race-age-REBUTTAL,IR_SE_50,FairFace,RACE,age,512,524bc0,40,True,False,Linear,Focal,Adam,48,0.0351211564271,0.0001935988503,0.5493420852694595,0.17980501150549266,0.06869390039438156
hpo-resnet-race-age-REBUTTAL,IR_SE_50,FairFace,RACE,age,512,5626c5,13,False,False,Linear,Focal,SGD,94,4.86385705e-05,0.0763010683526,0.5645146491906162,0.27155124480794013,0.16044013369682902
hpo-resnet-race-age-REBUTTAL,IR_SE_50,FairFace,RACE,age,512,5626c5,40,True,False,Linear,Focal,SGD,94,4.86385705e-05,0.0763010683526,0.6476120831731051,0.2794007849590629,0.1682896738479518
hpo-resnet-race-age-REBUTTAL,IR_SE_50,FairFace,RACE,age,512,57313b,40,True,False,Linear,CrossEntropy,Adam,70,3.6277572e-06,0.0043009729278,0.6590659414193568,0.2438878966445679,0.1327767855334568
hpo-resnet-race-age-REBUTTAL,IR_SE_50,FairFace,RACE,age,512,578da8,13,True,False,CosFace,Focal,Adam,36,0.0347366174466,6.87968554e-05,0.20422148324941336,0.16740467491446112,0.056293563803350016
hpo-resnet-race-age-REBUTTAL,IR_SE_50,FairFace,RACE,age,512,596a5c,40,True,False,Linear,Focal,Adam,50,1.0024176e-06,0.0038742059305,0.6572602739726027,0.29354934133210553,0.18243823022099442
hpo-resnet-race-age-REBUTTAL,IR_SE_50,FairFace,RACE,age,512,59aa28,40,True,False,CosFace,Focal,Adam,98,0.0154401906385,5.98794891e-05,0.4626155352057897,0.14994852604064537,0.03883741492953427
hpo-resnet-race-age-REBUTTAL,IR_SE_50,FairFace,RACE,age,512,59eb31,40,True,False,CosFace,Focal,Adam,48,0.0581859935864,0.0001695116832,0.1383406390223587,0.19878614410146703,0.08767503299035592
hpo-resnet-race-age-REBUTTAL,IR_SE_50,FairFace,RACE,age,512,5b12b8,13,True,False,Linear,Focal,SGD,44,2.16497578e-05,0.0013083690547,0.5898115939057809,0.29396401472821476,0.18285290361710366
hpo-resnet-race-age-REBUTTAL,IR_SE_50,FairFace,RACE,age,512,5c678d,13,False,False,ArcFace,CrossEntropy,SGD,33,0.0023350605905,0.0083863720107,0.19033260233918126,0.1111111111111111,0.0
hpo-resnet-race-age-REBUTTAL,IR_SE_50,FairFace,RACE,age,512,5c678d,40,True,False,ArcFace,CrossEntropy,SGD,33,0.0023350605905,0.0083863720107,0.1902412280701754,0.1111111111111111,0.0
hpo-resnet-race-age-REBUTTAL,IR_SE_50,FairFace,RACE,age,512,5eff24,40,True,False,Linear,CrossEntropy,Adam,37,0.0268146775053,0.0001098632491,0.5984100631036257,0.19822501038284054,0.08711389927172944
hpo-resnet-race-age-REBUTTAL,IR_SE_50,FairFace,RACE,age,512,5f96a7,40,True,False,Linear,Focal,Adam,46,0.0557208941294,0.0001787067455,0.5291377313998568,0.18919118271683832,0.07808007160572722
hpo-resnet-race-age-REBUTTAL,IR_SE_50,FairFace,RACE,age,512,5fa4e3,40,True,False,CosFace,Focal,Adam,97,0.0005216698999,0.0033925477478,0.29057016498164123,0.12785143989114842,0.01674032878003731
hpo-resnet-race-age-REBUTTAL,IR_SE_50,FairFace,RACE,age,512,5ffc27,40,True,False,Linear,CrossEntropy,SGD,79,9.0642044e-06,0.0001300960834,0.5811355581283569,0.20981452046829763,0.09870340935718652
hpo-resnet-race-age-REBUTTAL,IR_SE_50,FairFace,RACE,age,512,60626a,120,True,True,ArcFace,Focal,Adam,100,0.0124925732831,4.35394222e-05,0.0,0.12113787480566966,0.010026763694558558
hpo-resnet-race-age-REBUTTAL,IR_SE_50,FairFace,RACE,age,512,60d9af,13,False,False,ArcFace,Focal,Adam,63,0.0730366626598,4.80184283e-05,0.19025861440907121,0.1111111111111111,0.0
hpo-resnet-race-age-REBUTTAL,IR_SE_50,FairFace,RACE,age,512,60d9af,40,False,False,ArcFace,Focal,Adam,63,0.0730366626598,4.80184283e-05,0.1904413791756454,0.1111111111111111,0.0
hpo-resnet-race-age-REBUTTAL,IR_SE_50,FairFace,RACE,age,512,60d9af,120,True,True,ArcFace,Focal,Adam,63,0.0730366626598,4.80184283e-05,0.19034999640062233,0.1111111111111111,0.0
hpo-resnet-race-age-REBUTTAL,IR_SE_50,FairFace,RACE,age,512,62da86,13,True,False,Linear,CrossEntropy,Adam,96,0.0912886029292,0.0006105630692,0.25210160037927465,0.16463579084042557,0.05352467972931446
hpo-resnet-race-age-REBUTTAL,IR_SE_50,FairFace,RACE,age,512,6334fa,13,True,False,CosFace,CrossEntropy,Adam,51,0.0934412452934,0.0071745380182,0.0,0.14698699127756784,0.035875880166456736
hpo-resnet-race-age-REBUTTAL,IR_SE_50,FairFace,RACE,age,512,64919b,120,True,True,Linear,CrossEntropy,Adam,97,0.0280948890738,0.0013227363311,0.6197002661855597,0.13507491736330676,0.023963806252195657
hpo-resnet-race-age-REBUTTAL,IR_SE_50,FairFace,RACE,age,512,64a0a2,40,True,False,CosFace,CrossEntropy,Adam,91,0.0050347174393,0.0004372459563,0.2918152849958757,0.22975095480575092,0.11863984369463981
hpo-resnet-race-age-REBUTTAL,IR_SE_50,FairFace,RACE,age,512,65a330,40,True,False,ArcFace,CrossEntropy,Adam,98,0.0005020574894,0.0002469673735,0.19035416697172836,0.1111111111111111,0.0
hpo-resnet-race-age-REBUTTAL,IR_SE_50,FairFace,RACE,age,512,694ec6,40,True,False,CosFace,Focal,Adam,90,0.0124459416892,0.000263243157,0.3151349022555253,0.22038636329876593,0.10927525218765483
hpo-resnet-race-age-REBUTTAL,IR_SE_50,FairFace,RACE,age,512,6ab253,40,True,False,Linear,Focal,Adam,80,0.0033401979862,0.0007520863446,0.5811355311355312,0.21224505557952794,0.10113394446841684
hpo-resnet-race-age-REBUTTAL,IR_SE_50,FairFace,RACE,age,512,6d845d,13,False,False,CosFace,Focal,Adam,49,0.0503233497075,0.0001627306378,0.0,0.1106176172960218,0.0
hpo-resnet-race-age-REBUTTAL,IR_SE_50,FairFace,RACE,age,512,6d845d,40,True,False,CosFace,Focal,Adam,49,0.0503233497075,0.0001627306378,0.1568896153726076,0.21730345798432285,0.10619234687321175
hpo-resnet-race-age-REBUTTAL,IR_SE_50,FairFace,RACE,age,512,6e6422,13,True,False,ArcFace,CrossEntropy,Adam,88,9.96465708e-05,0.0023870317031,0.19006598230331173,0.1111111111111111,0.0
hpo-resnet-race-age-REBUTTAL,IR_SE_50,FairFace,RACE,age,512,6e9a6b,40,True,False,Linear,CrossEntropy,Adam,99,0.0164701104698,0.0029574121797,0.3676214853637422,0.17102835702854305,0.059917245917431944
hpo-resnet-race-age-REBUTTAL,IR_SE_50,FairFace,RACE,age,512,725441,40,True,False,Linear,CrossEntropy,Adam,99,0.0646989421516,1.50670361e-05,0.6698087297106002,0.1658708980942058,0.054759786983094694
hpo-resnet-race-age-REBUTTAL,IR_SE_50,FairFace,RACE,age,512,7830a0,40,True,False,Linear,Focal,Adam,53,0.0010118421908,0.0020099903287,0.5642243594171882,0.21562703056060603,0.10451591944949493
hpo-resnet-race-age-REBUTTAL,IR_SE_50,FairFace,RACE,age,512,7850d1,40,True,False,ArcFace,CrossEntropy,Adam,80,0.000226745274,0.0029712608614,0.1901098901098901,0.1111111111111111,0.0
hpo-resnet-race-age-REBUTTAL,IR_SE_50,FairFace,RACE,age,512,79304a,13,True,False,ArcFace,Focal,SGD,76,2.10693347e-05,0.1057856540281,0.0,0.11216649185700048,0.0010553807458893727
hpo-resnet-race-age-REBUTTAL,IR_SE_50,FairFace,RACE,age,512,7b5a75,120,True,True,ArcFace,CrossEntropy,Adam,60,0.033387032183,0.001,0.19041095410307796,0.1111111111111111,0.0
hpo-resnet-race-age-REBUTTAL,IR_SE_50,FairFace,RACE,age,512,7bcac6,13,True,False,ArcFace,CrossEntropy,Adam,51,0.0001502031689,0.0092735262962,0.19031963470319635,0.1111111111111111,0.0
hpo-resnet-race-age-REBUTTAL,IR_SE_50,FairFace,RACE,age,512,7cfdfb,13,False,False,Linear,Focal,Adam,70,0.0171468598353,0.001028643606,0.32756410494828836,0.23375010670374496,0.12263899559263386
hpo-resnet-race-age-REBUTTAL,IR_SE_50,FairFace,RACE,age,512,7cfdfb,40,True,False,Linear,Focal,Adam,70,0.0171468598353,0.001028643606,0.46776557775644156,0.20941817227404855,0.09830706116293744
hpo-resnet-race-age-REBUTTAL,IR_SE_50,FairFace,RACE,age,512,812110,40,True,False,Linear,Focal,Adam,94,0.0008758351549,0.0005731167371,0.6335494415545156,0.21755419462103814,0.10644308350992704
hpo-resnet-race-age-REBUTTAL,IR_SE_50,FairFace,RACE,age,512,83beaa,40,True,False,Linear,CrossEntropy,SGD,79,0.0009151834816,0.0577683040448,0.657051318849836,0.23258868187702936,0.12147757076591825
hpo-resnet-race-age-REBUTTAL,IR_SE_50,FairFace,RACE,age,512,8d3ee6,120,True,True,Linear,Focal,Adam,47,0.0439716871073,0.0001393242474,0.6441359010263652,0.15068797223154717,0.03957686112043607
hpo-resnet-race-age-REBUTTAL,IR_SE_50,FairFace,RACE,age,512,93b2fd,120,True,True,Linear,Focal,Adam,53,7.1265157e-06,0.0048943308759,0.6409647137422176,0.2585151656078685,0.14740405449675742
hpo-resnet-race-age-REBUTTAL,IR_SE_50,FairFace,RACE,age,512,947ff2,40,True,False,Linear,CrossEntropy,Adam,95,0.0001796419081,0.0040995034362,0.6071591572904791,0.19600040406219582,0.08488929295108472
hpo-resnet-race-age-REBUTTAL,IR_SE_50,FairFace,RACE,age,512,9918b9,40,False,False,ArcFace,CrossEntropy,Adam,98,0.0151886291669,4.48601108e-05,0.1904456838684766,0.1111111111111111,0.0
hpo-resnet-race-age-REBUTTAL,IR_SE_50,FairFace,RACE,age,512,9918b9,120,True,True,ArcFace,CrossEntropy,Adam,98,0.0151886291669,4.48601108e-05,0.19026265161454414,0.1111111111111111,0.0
hpo-resnet-race-age-REBUTTAL,IR_SE_50,FairFace,RACE,age,512,9b0065,13,True,False,Linear,CrossEntropy,SGD,31,0.0986813387889,0.0001890897475,0.5513241861225808,0.23987074868767305,0.12875963757656195
hpo-resnet-race-age-REBUTTAL,IR_SE_50,FairFace,RACE,age,512,9b97d9,120,True,True,Linear,Focal,Adam,71,0.0921584472488,0.0016131774071,0.5940476312392797,0.14280210364079365,0.03169099252968255
hpo-resnet-race-age-REBUTTAL,IR_SE_50,FairFace,RACE,age,512,9e47a8,40,True,False,Linear,Focal,Adam,75,0.0005568183604,0.0030299779994,0.5871986973607862,0.20489804709533488,0.09378693598422377
hpo-resnet-race-age-REBUTTAL,IR_SE_50,FairFace,RACE,age,512,a23abf,13,True,False,CosFace,CrossEntropy,SGD,91,0.0019876598277,0.0992383074541,0.054595338680126004,0.14161730483694876,0.030506193725837655
hpo-resnet-race-age-REBUTTAL,IR_SE_50,FairFace,RACE,age,512,a728d0,120,True,True,Linear,Focal,Adam,94,8.80624448e-05,0.0021129038969,0.6444160282969986,0.18351437479037247,0.07240326367926136
hpo-resnet-race-age-REBUTTAL,IR_SE_50,FairFace,RACE,age,512,aa4cb5,40,False,False,Linear,Focal,Adam,48,0.0226401033406,0.0001875741525,0.5714546581736782,0.19269008967884363,0.08157897856773252
hpo-resnet-race-age-REBUTTAL,IR_SE_50,FairFace,RACE,age,512,aa4cb5,120,True,True,Linear,Focal,Adam,48,0.0226401033406,0.0001875741525,0.6324012906091255,0.15118891761840658,0.04007780650729548
hpo-resnet-race-age-REBUTTAL,IR_SE_50,FairFace,RACE,age,512,adaf14,13,True,False,Linear,Focal,Adam,36,0.0940888710693,0.0008676363839,0.25941153824329377,0.21391103225825,0.1027999211471389
hpo-resnet-race-age-REBUTTAL,IR_SE_50,FairFace,RACE,age,512,adc25c,13,True,False,Linear,Focal,Adam,50,5.27168976e-05,0.0027223728601,0.5602739726027397,0.27472172482664425,0.16361061371553315
hpo-resnet-race-age-REBUTTAL,IR_SE_50,FairFace,RACE,age,512,adf58b,40,True,False,CosFace,CrossEntropy,Adam,98,0.0153465545053,5.33256693e-05,0.45584331940107814,0.16502918104522718,0.053918069934116075
hpo-resnet-race-age-REBUTTAL,IR_SE_50,FairFace,RACE,age,512,af11f9,13,True,False,ArcFace,CrossEntropy,Adam,98,0.0153603595569,4.29930129e-05,0.0,0.15039362425474195,0.03928251314363085
hpo-resnet-race-age-REBUTTAL,IR_SE_50,FairFace,RACE,age,512,afe430,40,True,False,Linear,Focal,Adam,64,0.0682423515026,0.0021512252649,0.29678362573099415,0.17496667557520007,0.06385556446408897
hpo-resnet-race-age-REBUTTAL,IR_SE_50,FairFace,RACE,age,512,b4fcb8,120,True,True,Linear,Focal,Adam,96,2.54920675e-05,0.0012408012704,0.6366045061747233,0.1667486622901331,0.055637551179022
hpo-resnet-race-age-REBUTTAL,IR_SE_50,FairFace,RACE,age,512,b8c0d6,120,True,True,Linear,Focal,Adam,48,0.02631760611,0.0001340834157,0.6563413485309533,0.18851907161670123,0.07740796050559012
hpo-resnet-race-age-REBUTTAL,IR_SE_50,FairFace,RACE,age,512,b98ffc,40,True,False,Linear,CrossEntropy,Adam,98,0.0072135996164,0.0004124734772,0.599432594915142,0.23059830565379938,0.11948719454268827
hpo-resnet-race-age-REBUTTAL,IR_SE_50,FairFace,RACE,age,512,ba1817,13,True,False,Linear,Focal,Adam,51,0.0526560206097,0.0032513415162,0.2510502283105023,0.15906805202224594,0.04795694091113484
hpo-resnet-race-age-REBUTTAL,IR_SE_50,FairFace,RACE,age,512,ba9a86,13,True,False,ArcFace,CrossEntropy,Adam,85,4.65934019e-05,0.0041350930379,0.19038461477939905,0.1111111111111111,0.0
hpo-resnet-race-age-REBUTTAL,IR_SE_50,FairFace,RACE,age,512,bfdb83,40,True,False,Linear,CrossEntropy,Adam,87,2.91966024e-05,0.0058719373115,0.6404504468121867,0.21595069306314568,0.10483958195203458
hpo-resnet-race-age-REBUTTAL,IR_SE_50,FairFace,RACE,age,512,c07cb6,13,True,False,Linear,CrossEntropy,Adam,87,0.05643080747,0.000994838323,0.2636879601065568,0.1739326314709838,0.0628215203598727
hpo-resnet-race-age-REBUTTAL,IR_SE_50,FairFace,RACE,age,512,c104cd,40,True,False,ArcFace,CrossEntropy,Adam,72,6.33347547e-05,0.0099623615308,0.19042396837159203,0.1111111111111111,0.0
hpo-resnet-race-age-REBUTTAL,IR_SE_50,FairFace,RACE,age,512,c238ab,13,True,False,ArcFace,CrossEntropy,Adam,38,0.0002454349189,0.0021267150332,0.190423973782195,0.1111111111111111,0.0
hpo-resnet-race-age-REBUTTAL,IR_SE_50,FairFace,RACE,age,512,c3c042,40,True,False,CosFace,CrossEntropy,Adam,91,0.0006170915273,0.0005683731334,0.40228625387811867,0.17258720093617141,0.06147608982506031
hpo-resnet-race-age-REBUTTAL,IR_SE_50,FairFace,RACE,age,512,c7a5f5,40,True,False,Linear,Focal,SGD,41,5.1093669e-06,0.0177482263609,0.6361974405850092,0.33020640392847306,0.21909529281736195
hpo-resnet-race-age-REBUTTAL,IR_SE_50,FairFace,RACE,age,512,c7e74f,40,True,False,ArcFace,Focal,Adam,99,0.0004447194027,0.0001307454409,0.19035416757044765,0.1111111111111111,0.0
hpo-resnet-race-age-REBUTTAL,IR_SE_50,FairFace,RACE,age,512,c85e29,13,True,False,Linear,CrossEntropy,Adam,99,0.0017427036879,0.0001593449906,0.5437906058272973,0.24451061275353453,0.13339950164242342
hpo-resnet-race-age-REBUTTAL,IR_SE_50,FairFace,RACE,age,512,cb1b5b,40,True,False,Linear,Focal,SGD,100,4.65489008e-05,0.0005251781836,0.6357990867579909,0.29839455943693394,0.18728344832582283
hpo-resnet-race-age-REBUTTAL,IR_SE_50,FairFace,RACE,age,512,ccd028,40,False,False,Linear,Focal,Adam,96,9.5942783e-06,0.0023173830457,0.664199533797147,0.2401392787536203,0.12902816764250918
hpo-resnet-race-age-REBUTTAL,IR_SE_50,FairFace,RACE,age,512,ccd028,120,True,True,Linear,Focal,Adam,96,9.5942783e-06,0.0023173830457,0.6366045021592526,0.2174445343476036,0.1063334232364925
hpo-resnet-race-age-REBUTTAL,IR_SE_50,FairFace,RACE,age,512,cf430c,13,True,False,Linear,CrossEntropy,Adam,94,0.0002228944363,0.0029813700684,0.5348369937290961,0.25433457879231425,0.14322346768120314
hpo-resnet-race-age-REBUTTAL,IR_SE_50,FairFace,RACE,age,512,d15764,40,True,False,Linear,CrossEntropy,Adam,97,0.0076609238659,0.0006299126428,0.5632309701149923,0.2101345978483918,0.0990234867372807
hpo-resnet-race-age-REBUTTAL,IR_SE_50,FairFace,RACE,age,512,d66d9c,40,True,False,Linear,Focal,Adam,80,6.08559916e-05,0.0031390827711,0.629029304029304,0.2094428150069611,0.09833170389585
hpo-resnet-race-age-REBUTTAL,IR_SE_50,FairFace,RACE,age,512,d691b8,40,True,False,Linear,CrossEntropy,Adam,96,0.000203306104,0.0026254263053,0.6232638610036749,0.19568008908442713,0.08456897797331603
hpo-resnet-race-age-REBUTTAL,IR_SE_50,FairFace,RACE,age,512,d74ef8,40,True,False,ArcFace,CrossEntropy,Adam,98,0.0154481749158,6.85982121e-05,0.19007961820593866,0.1111111111111111,0.0
hpo-resnet-race-age-REBUTTAL,IR_SE_50,FairFace,RACE,age,512,da4c4b,120,True,True,Linear,CrossEntropy,Adam,35,4.4087797e-06,0.0050689684753,0.6303434273322917,0.2569431091894049,0.14583199807829378
hpo-resnet-race-age-REBUTTAL,IR_SE_50,FairFace,RACE,age,512,db0670,13,False,False,Linear,CrossEntropy,Adam,97,6.93757513e-05,0.002527739156,0.5564692756585907,0.25582887222649375,0.14471776111538265
hpo-resnet-race-age-REBUTTAL,IR_SE_50,FairFace,RACE,age,512,db0670,40,False,False,Linear,CrossEntropy,Adam,97,6.93757513e-05,0.002527739156,0.6260964662986889,0.22936494205115915,0.11825383094004804
hpo-resnet-race-age-REBUTTAL,IR_SE_50,FairFace,RACE,age,512,db0670,120,True,True,Linear,CrossEntropy,Adam,97,6.93757513e-05,0.002527739156,0.6404422258075916,0.18331472579318867,0.07220361468207756
hpo-resnet-race-age-REBUTTAL,IR_SE_50,FairFace,RACE,age,512,dd31fb,13,True,False,ArcFace,Focal,Adam,91,0.0785264471051,0.0007521850218,0.0,0.11714396976423089,0.0060328586531197825
hpo-resnet-race-age-REBUTTAL,IR_SE_50,FairFace,RACE,age,512,ddb978,40,True,False,CosFace,Focal,Adam,89,0.0014464002264,0.0007575867705,0.36766861873288303,0.20416563501963317,0.09305452390852206
hpo-resnet-race-age-REBUTTAL,IR_SE_50,FairFace,RACE,age,512,de5a62,40,False,False,Linear,Focal,Adam,31,1.95327614e-05,1.08528732e-05,0.6448401621727095,0.18700248869161792,0.07589137758050682
hpo-resnet-race-age-REBUTTAL,IR_SE_50,FairFace,RACE,age,512,de5a62,120,True,True,Linear,Focal,Adam,31,1.95327614e-05,1.08528732e-05,0.6303196152464985,0.21125112388925554,0.10014001277814444
hpo-resnet-race-age-REBUTTAL,IR_SE_50,FairFace,RACE,age,512,dec4ef,13,False,False,ArcFace,Focal,Adam,98,0.0935779124756,0.0012579710407,0.0,0.11064684604696264,0.0
hpo-resnet-race-age-REBUTTAL,IR_SE_50,FairFace,RACE,age,512,dec4ef,40,True,False,ArcFace,Focal,Adam,98,0.0935779124756,0.0012579710407,0.0,0.11288932427981174,0.0017782131687006375
hpo-resnet-race-age-REBUTTAL,IR_SE_50,FairFace,RACE,age,512,dfd3a4,13,True,False,CosFace,Focal,Adam,35,0.0553893371692,4.53056466e-05,0.1837778553755387,0.15979761001282164,0.048686498901710534
hpo-resnet-race-age-REBUTTAL,IR_SE_50,FairFace,RACE,age,512,e193c2,13,True,False,CosFace,CrossEntropy,Adam,80,0.0668888634588,0.0007757442528,0.0,0.16570152951616243,0.05459041840505133
hpo-resnet-race-age-REBUTTAL,IR_SE_50,FairFace,RACE,age,512,e21942,13,True,False,Linear,CrossEntropy,Adam,84,0.0861517850795,0.0011411405725,0.2595238082592304,0.23685797082308804,0.12574685971197694
hpo-resnet-race-age-REBUTTAL,IR_SE_50,FairFace,RACE,age,512,e24c0c,13,True,False,ArcFace,CrossEntropy,Adam,35,0.0084386014302,0.0022791065595,0.19035439873334048,0.1111111111111111,0.0
hpo-resnet-race-age-REBUTTAL,IR_SE_50,FairFace,RACE,age,512,e3b760,120,True,True,CosFace,Focal,Adam,38,0.0926038026722,0.0006363148121,0.36092835812105073,0.19271213250047556,0.08160102138936445
hpo-resnet-race-age-REBUTTAL,IR_SE_50,FairFace,RACE,age,512,e6f63e,40,True,False,CosFace,CrossEntropy,Adam,85,0.0001644919831,0.0030375674583,0.33507325751964867,0.1310672645811483,0.019956153470037208
hpo-resnet-race-age-REBUTTAL,IR_SE_50,FairFace,RACE,age,512,e76ddc,13,True,False,Linear,Focal,Adam,71,0.0264465918453,0.0010135777017,0.31373626776230634,0.24604933068815318,0.13493821957704208
hpo-resnet-race-age-REBUTTAL,IR_SE_50,FairFace,RACE,age,512,ebd1af,120,True,True,Linear,Focal,Adam,42,0.0913459196629,0.0002443475975,0.6132894565047778,0.129151233128797,0.0180401220176859
hpo-resnet-race-age-REBUTTAL,IR_SE_50,FairFace,RACE,age,512,ed25ca,13,True,False,ArcFace,Focal,Adam,48,0.0034570962688,0.0068204168149,0.19024122221428053,0.1111111111111111,0.0
hpo-resnet-race-age-REBUTTAL,IR_SE_50,FairFace,RACE,age,512,eebb10,40,False,False,Linear,Focal,Adam,48,0.0265323123685,0.0001890183688,0.5694444241021809,0.14530201542678067,0.03419090431566957
hpo-resnet-race-age-REBUTTAL,IR_SE_50,FairFace,RACE,age,512,eebb10,120,True,True,Linear,Focal,Adam,48,0.0265323123685,0.0001890183688,0.634594272772471,0.17107703314576087,0.05996592203464976
hpo-resnet-race-age-REBUTTAL,IR_SE_50,FairFace,RACE,age,512,f0a42e,40,True,False,CosFace,CrossEntropy,Adam,98,0.015295774264,4.53182967e-05,0.463439182914426,0.17571527712033636,0.06460416600922525
hpo-resnet-race-age-REBUTTAL,IR_SE_50,FairFace,RACE,age,512,f0cb1c,13,True,False,ArcFace,Focal,SGD,77,0.0151493436634,0.0519419345275,0.0,0.1226968174204355,0.0115857063093244
hpo-resnet-race-age-REBUTTAL,IR_SE_50,FairFace,RACE,age,512,f1b0f1,40,True,False,ArcFace,CrossEntropy,Adam,64,0.0640273128765,0.0008654883582,0.0,0.15719004437651884,0.04607893326540774
hpo-resnet-race-age-REBUTTAL,IR_SE_50,FairFace,RACE,age,512,f253ab,40,True,False,Linear,Focal,Adam,76,1.05892384e-05,0.0026850727227,0.6605445798238118,0.23473265888152284,0.12362154777041173
hpo-resnet-race-age-REBUTTAL,IR_SE_50,FairFace,RACE,age,512,f37fc4,13,True,False,Linear,CrossEntropy,Adam,91,0.0001825785947,0.003038229026,0.5423868585908364,0.26220064738987614,0.15108953627876504
hpo-resnet-race-age-REBUTTAL,IR_SE_50,FairFace,RACE,age,512,f4bd50,13,True,False,Linear,Focal,Adam,48,1.047596e-06,0.0021677240041,0.6108369632352862,0.28214184983471724,0.17103073872360613
hpo-resnet-race-age-REBUTTAL,IR_SE_50,FairFace,RACE,age,512,f5b4fc,120,True,True,Linear,CrossEntropy,Adam,96,1.0777179e-06,0.0006430900921,0.6520467564097622,0.17314015791851511,0.06202904680740401
hpo-resnet-race-age-REBUTTAL,IR_SE_50,FairFace,RACE,age,512,f6f715,13,False,False,Linear,Focal,Adam,67,1.3991094e-06,0.0020871033936,0.6069760993888371,0.27536140944721443,0.16425029833610333
hpo-resnet-race-age-REBUTTAL,IR_SE_50,FairFace,RACE,age,512,f6f715,40,False,False,Linear,Focal,Adam,67,1.3991094e-06,0.0020871033936,0.6548567174352548,0.26959519394986997,0.15848408283875887
hpo-resnet-race-age-REBUTTAL,IR_SE_50,FairFace,RACE,age,512,f6f715,120,True,True,Linear,Focal,Adam,67,1.3991094e-06,0.0020871033936,0.6382861786810653,0.1993881515120809,0.08827704040096979
hpo-resnet-race-age-REBUTTAL,IR_SE_50,FairFace,RACE,age,512,f84bff,13,True,False,Linear,Focal,Adam,50,0.0553433808751,0.0081250386682,0.243013698630137,0.19134048086711675,0.08022936975600564
hpo-resnet-race-age-REBUTTAL,IR_SE_50,FairFace,RACE,age,512,fa2211,40,True,False,Linear,Focal,SGD,52,0.0004128035111,0.0839183655937,0.6589621534370187,0.24232080890235214,0.13120969779124103
hpo-resnet-race-age-REBUTTAL,IR_SE_50,FairFace,RACE,age,512,fb7237,13,True,False,Linear,CrossEntropy,Adam,78,0.0001577087764,0.0029680413605,0.5357143057414464,0.23482168110677662,0.12371056999566551
hpo-resnet-race-age-REBUTTAL,IR_SE_50,FairFace,RACE,age,512,fcf695,13,True,False,Linear,Focal,Adam,50,0.0249561508227,0.0001973091592,0.4884018264840183,0.19201516494089194,0.08090405382978083
hpo-resnet-race-age-REBUTTAL,IR_SE_50,FairFace,RACE,age,512,fe9f0d,40,True,False,Linear,Focal,Adam,98,3.72850211e-05,0.0013702019641,0.6569049140690688,0.21430107200410717,0.10318996089299606
hpo-resnet-age-gender-REBUTTAL,IR_SE_50,FairFace,AGE,gender,512,0010f3,13,False,False,Linear,CrossEntropy,SGD,90,0.023280045991,0.09860579037,0.3030635710508245,0.5913550815457627,0.09135508154576266
hpo-resnet-age-gender-REBUTTAL,IR_SE_50,FairFace,AGE,gender,512,0010f3,40,True,False,Linear,CrossEntropy,SGD,90,0.023280045991,0.09860579037,0.41280294449731647,0.6099266366413292,0.10992663664132918
hpo-resnet-age-gender-REBUTTAL,IR_SE_50,FairFace,AGE,gender,512,010bc6,13,True,False,ArcFace,Focal,Adam,74,9.20288469e-05,0.0074381593279,0.018170197662469523,0.5,0.0
hpo-resnet-age-gender-REBUTTAL,IR_SE_50,FairFace,AGE,gender,512,060329,13,True,False,Linear,CrossEntropy,Adam,99,0.0150340340416,0.0038625520979,0.3009060114702302,0.6098600107885719,0.10986001078857188
hpo-resnet-age-gender-REBUTTAL,IR_SE_50,FairFace,AGE,gender,512,07aa33,13,True,False,Linear,CrossEntropy,Adam,99,0.0102786628189,0.0020984741458,0.33421799137987895,0.6372073145018526,0.13720731450185264
hpo-resnet-age-gender-REBUTTAL,IR_SE_50,FairFace,AGE,gender,512,07fe92,13,True,False,CosFace,CrossEntropy,SGD,93,0.0127919082561,0.6481704663793,0.0,0.5920049846305664,0.09200498463056639
hpo-resnet-age-gender-REBUTTAL,IR_SE_50,FairFace,AGE,gender,512,08909b,40,True,False,CosFace,CrossEntropy,SGD,99,2.5229854e-06,0.0072501734808,0.2434336941124613,0.7300582334034733,0.2300582334034733
hpo-resnet-age-gender-REBUTTAL,IR_SE_50,FairFace,AGE,gender,512,096498,13,False,False,ArcFace,Focal,Adam,58,0.009087124469,0.0001797917534,0.01820177419748481,0.5,0.0
hpo-resnet-age-gender-REBUTTAL,IR_SE_50,FairFace,AGE,gender,512,096498,40,True,False,ArcFace,Focal,Adam,58,0.009087124469,0.0001797917534,0.018110307983125185,0.5,0.0
hpo-resnet-age-gender-REBUTTAL,IR_SE_50,FairFace,AGE,gender,512,0a00a2,40,True,False,Linear,CrossEntropy,SGD,98,1.25630064e-05,0.1135951295107,0.5151459638313327,0.7511350142135153,0.25113501421351525
hpo-resnet-age-gender-REBUTTAL,IR_SE_50,FairFace,AGE,gender,512,0d6c91,13,True,False,Linear,CrossEntropy,Adam,99,1.26683133e-05,0.0032865645319,0.5059028050717752,0.7409071096474235,0.24090710964742346
hpo-resnet-age-gender-REBUTTAL,IR_SE_50,FairFace,AGE,gender,512,0d9362,120,True,True,Linear,CrossEntropy,Adam,90,2.2947836e-06,0.000692946736,0.5354366994787145,0.7118988756017732,0.21189887560177323
hpo-resnet-age-gender-REBUTTAL,IR_SE_50,FairFace,AGE,gender,512,0d9bc4,40,True,False,Linear,CrossEntropy,Adam,97,0.0029293398732,0.0001925517057,0.548336967501724,0.6900907155134953,0.19009071551349532
hpo-resnet-age-gender-REBUTTAL,IR_SE_50,FairFace,AGE,gender,512,115367,13,False,False,Linear,CrossEntropy,Adam,75,3.0818183e-06,0.0004375323618,0.5202702825133865,0.7034345158842454,0.20343451588424544
hpo-resnet-age-gender-REBUTTAL,IR_SE_50,FairFace,AGE,gender,512,115367,40,False,False,Linear,CrossEntropy,Adam,75,3.0818183e-06,0.0004375323618,0.5481190775536202,0.7121143393284114,0.2121143393284114
hpo-resnet-age-gender-REBUTTAL,IR_SE_50,FairFace,AGE,gender,512,115367,120,True,True,Linear,CrossEntropy,Adam,75,3.0818183e-06,0.0004375323618,0.5353360259210741,0.6790399883551923,0.1790399883551923
hpo-resnet-age-gender-REBUTTAL,IR_SE_50,FairFace,AGE,gender,512,11feec,13,False,False,Linear,CrossEntropy,SGD,71,0.0012728514405,0.001015753153,0.505860818532797,0.754912619792748,0.25491261979274804
hpo-resnet-age-gender-REBUTTAL,IR_SE_50,FairFace,AGE,gender,512,11feec,40,True,False,Linear,CrossEntropy,SGD,71,0.0012728514405,0.001015753153,0.5526556917337271,0.7663018611356684,0.26630186113566845
hpo-resnet-age-gender-REBUTTAL,IR_SE_50,FairFace,AGE,gender,512,14a94f,40,True,False,Linear,CrossEntropy,SGD,97,4.50871963e-05,0.1,0.5295138685326828,0.7652496275374014,0.26524962753740144
hpo-resnet-age-gender-REBUTTAL,IR_SE_50,FairFace,AGE,gender,512,15c080,13,True,False,Linear,CrossEntropy,Adam,99,8.9425128e-06,0.0020368284102,0.4913516929865953,0.7334595969055636,0.23345959690556362
hpo-resnet-age-gender-REBUTTAL,IR_SE_50,FairFace,AGE,gender,512,18adb5,120,True,True,Linear,CrossEntropy,Adam,97,6.03156182e-05,0.0031628012993,0.5470577268433153,0.7104945484533169,0.21049454845331694
hpo-resnet-age-gender-REBUTTAL,IR_SE_50,FairFace,AGE,gender,512,1b001e,13,False,False,Linear,Focal,Adam,99,2.620729e-06,0.001,0.5125835042363325,0.723801958800071,0.22380195880007103
hpo-resnet-age-gender-REBUTTAL,IR_SE_50,FairFace,AGE,gender,512,1b001e,40,True,False,Linear,Focal,Adam,99,2.620729e-06,0.001,0.5398553979984848,0.7632583440184433,0.2632583440184433
hpo-resnet-age-gender-REBUTTAL,IR_SE_50,FairFace,AGE,gender,512,1b2044,120,True,True,Linear,CrossEntropy,Adam,78,0.0683733175089,0.0024337697487,0.5136447060448783,0.6502125672412723,0.1502125672412723
hpo-resnet-age-gender-REBUTTAL,IR_SE_50,FairFace,AGE,gender,512,1b79c4,13,True,False,Linear,CrossEntropy,Adam,63,2.2904297e-06,0.0004528927119,0.5189618974096715,0.7004147793801281,0.20041477938012808
hpo-resnet-age-gender-REBUTTAL,IR_SE_50,FairFace,AGE,gender,512,1d01e2,40,True,False,Linear,CrossEntropy,SGD,99,4.2610965e-06,0.0445285401579,0.5294225261671126,0.773906004835592,0.273906004835592
hpo-resnet-age-gender-REBUTTAL,IR_SE_50,FairFace,AGE,gender,512,1daf58,13,True,False,Linear,CrossEntropy,Adam,63,0.0711480397399,0.0044473275692,0.3013798820533429,0.61297486974512,0.11297486974512005
hpo-resnet-age-gender-REBUTTAL,IR_SE_50,FairFace,AGE,gender,512,1dbd2f,13,False,False,CosFace,Focal,Adam,97,0.0017412429067,0.000263526404,0.04861110964365167,0.671546620169492,0.17154662016949196
hpo-resnet-age-gender-REBUTTAL,IR_SE_50,FairFace,AGE,gender,512,1dbd2f,40,True,False,CosFace,Focal,Adam,97,0.0017412429067,0.000263526404,0.16456505411549616,0.6590633033900519,0.15906330339005192
hpo-resnet-age-gender-REBUTTAL,IR_SE_50,FairFace,AGE,gender,512,1f7f76,40,True,False,Linear,CrossEntropy,SGD,98,4.56803509e-05,0.0893121648052,0.5374759732233569,0.7733387820258968,0.2733387820258968
hpo-resnet-age-gender-REBUTTAL,IR_SE_50,FairFace,AGE,gender,512,20ddb2,40,True,False,Linear,CrossEntropy,Adam,36,0.0296524201764,0.0094489409865,0.3056469161886918,0.6001106283486849,0.1001106283486849
hpo-resnet-age-gender-REBUTTAL,IR_SE_50,FairFace,AGE,gender,512,21e6f5,40,True,False,Linear,Focal,Adam,74,3.1972612e-06,0.0006347268483,0.5380752508060352,0.7414563046786868,0.24145630467868684
hpo-resnet-age-gender-REBUTTAL,IR_SE_50,FairFace,AGE,gender,512,223462,40,True,False,ArcFace,CrossEntropy,Adam,37,0.0850900047558,0.001149119437,0.018183478838519007,0.5,0.0
hpo-resnet-age-gender-REBUTTAL,IR_SE_50,FairFace,AGE,gender,512,250147,13,True,False,CosFace,CrossEntropy,SGD,85,0.0143893854986,0.0694659026458,0.0,0.6506727605686262,0.15067276056862622
hpo-resnet-age-gender-REBUTTAL,IR_SE_50,FairFace,AGE,gender,512,2505de,13,True,False,Linear,Focal,Adam,35,0.0598335475451,0.001720787721,0.3014249100892441,0.5992632558689617,0.09926325586896168
hpo-resnet-age-gender-REBUTTAL,IR_SE_50,FairFace,AGE,gender,512,2522d1,13,True,False,ArcFace,Focal,Adam,82,0.0001220097665,0.0073758358915,0.01817849682511463,0.5,0.0
hpo-resnet-age-gender-REBUTTAL,IR_SE_50,FairFace,AGE,gender,512,28fa4f,40,True,False,Linear,CrossEntropy,SGD,100,1.10920415e-05,0.0358975291242,0.5246575342465754,0.7758802974242285,0.2758802974242285
hpo-resnet-age-gender-REBUTTAL,IR_SE_50,FairFace,AGE,gender,512,2917d8,120,True,True,Linear,CrossEntropy,SGD,94,4.56543943e-05,0.0710525502265,0.5054332881321723,0.7468530321987494,0.24685303219874943
hpo-resnet-age-gender-REBUTTAL,IR_SE_50,FairFace,AGE,gender,512,29d7fb,40,True,False,ArcFace,Focal,SGD,35,0.0435815434585,0.0225507137772,0.018176835605076436,0.5,0.0
hpo-resnet-age-gender-REBUTTAL,IR_SE_50,FairFace,AGE,gender,512,2a6ed1,13,True,False,Linear,Focal,Adam,38,7.0650119e-06,0.0070763112177,0.476425430542893,0.7525328861463179,0.25253288614631786
hpo-resnet-age-gender-REBUTTAL,IR_SE_50,FairFace,AGE,gender,512,2ba538,13,True,False,ArcFace,Focal,Adam,31,0.0190383236937,0.0040306634902,0.0,0.5464468820706352,0.04644688207063519
hpo-resnet-age-gender-REBUTTAL,IR_SE_50,FairFace,AGE,gender,512,2c67b6,120,True,True,CosFace,Focal,SGD,94,0.0001553247098,0.0001406157744,0.17760934803107264,0.7396699826184121,0.2396699826184121
hpo-resnet-age-gender-REBUTTAL,IR_SE_50,FairFace,AGE,gender,512,2ef685,40,True,False,Linear,CrossEntropy,Adam,97,6.93757513e-05,0.0055463804506,0.5213815605431272,0.7228534434595354,0.2228534434595354
hpo-resnet-age-gender-REBUTTAL,IR_SE_50,FairFace,AGE,gender,512,2f25d8,40,True,False,Linear,CrossEntropy,Adam,30,0.0161658072716,0.0055738154792,0.3109588968917115,0.6141209213740016,0.11412092137400165
hpo-resnet-age-gender-REBUTTAL,IR_SE_50,FairFace,AGE,gender,512,310cf2,40,False,False,Linear,CrossEntropy,Adam,86,2.1285117e-06,0.0004624573428,0.5444973253265141,0.7006601779151085,0.20066017791510848
hpo-resnet-age-gender-REBUTTAL,IR_SE_50,FairFace,AGE,gender,512,310cf2,120,True,True,Linear,CrossEntropy,Adam,86,2.1285117e-06,0.0004624573428,0.5361655167707309,0.6703288922341548,0.17032889223415482
hpo-resnet-age-gender-REBUTTAL,IR_SE_50,FairFace,AGE,gender,512,32aa6c,40,False,False,Linear,CrossEntropy,Adam,99,5.3330317e-06,6.71437566e-05,0.5568774557755133,0.7334946490610303,0.23349464906103035
hpo-resnet-age-gender-REBUTTAL,IR_SE_50,FairFace,AGE,gender,512,32aa6c,120,True,True,Linear,CrossEntropy,Adam,99,5.3330317e-06,6.71437566e-05,0.5327171173437829,0.6924939287526142,0.19249392875261417
hpo-resnet-age-gender-REBUTTAL,IR_SE_50,FairFace,AGE,gender,512,32bc0c,13,True,False,Linear,CrossEntropy,Adam,99,0.0062682711849,0.0020391919115,0.32891003749830305,0.6218841041953416,0.12188410419534157
hpo-resnet-age-gender-REBUTTAL,IR_SE_50,FairFace,AGE,gender,512,32ee90,40,True,False,Linear,CrossEntropy,Adam,100,2.10572857e-05,0.0017618637398,0.5562557077625571,0.7571951572905273,0.25719515729052733
hpo-resnet-age-gender-REBUTTAL,IR_SE_50,FairFace,AGE,gender,512,3303ed,13,True,False,ArcFace,CrossEntropy,Adam,67,2.2867187e-06,0.0004591589577,0.018218437984270586,0.5,0.0
hpo-resnet-age-gender-REBUTTAL,IR_SE_50,FairFace,AGE,gender,512,333a80,13,True,False,ArcFace,Focal,Adam,35,0.0018763353403,0.0022893948289,0.018176835605076436,0.5,0.0
hpo-resnet-age-gender-REBUTTAL,IR_SE_50,FairFace,AGE,gender,512,33ea42,13,False,False,Linear,CrossEntropy,Adam,38,0.0643649594994,0.0032687636563,0.3012609613935153,0.591331902973493,0.09133190297349303
hpo-resnet-age-gender-REBUTTAL,IR_SE_50,FairFace,AGE,gender,512,33ea42,40,False,False,Linear,CrossEntropy,Adam,38,0.0643649594994,0.0032687636563,0.3289473642739985,0.6271744711673277,0.12717447116732772
hpo-resnet-age-gender-REBUTTAL,IR_SE_50,FairFace,AGE,gender,512,33ea42,120,True,True,Linear,CrossEntropy,Adam,38,0.0643649594994,0.0032687636563,0.4478252856102254,0.6448100868865337,0.14481008688653374
hpo-resnet-age-gender-REBUTTAL,IR_SE_50,FairFace,AGE,gender,512,345379,40,True,False,Linear,CrossEntropy,Adam,97,2.31493244e-05,0.0016427804397,0.5526315582007693,0.7569973534284754,0.2569973534284754
hpo-resnet-age-gender-REBUTTAL,IR_SE_50,FairFace,AGE,gender,512,345cfc,120,True,True,Linear,Focal,SGD,96,9.69074814e-05,0.0010179087828,0.5399305358685945,0.7466504789034187,0.24665047890341874
hpo-resnet-age-gender-REBUTTAL,IR_SE_50,FairFace,AGE,gender,512,34ee13,40,True,False,Linear,Focal,SGD,96,2.18035529e-05,0.0253201588315,0.525767524033262,0.7657587534062132,0.26575875340621324
hpo-resnet-age-gender-REBUTTAL,IR_SE_50,FairFace,AGE,gender,512,396430,13,True,False,Linear,Focal,Adam,64,0.0051944632385,0.0098224026535,0.29148391812865504,0.6142313958678057,0.11423139586780573
hpo-resnet-age-gender-REBUTTAL,IR_SE_50,FairFace,AGE,gender,512,39b8b9,40,True,False,CosFace,CrossEntropy,SGD,100,1.9503364e-06,0.3445505393158,0.14995433789954338,0.724836565980465,0.22483656598046498
hpo-resnet-age-gender-REBUTTAL,IR_SE_50,FairFace,AGE,gender,512,3bbb69,40,True,False,Linear,Focal,SGD,97,7.5832698e-06,0.0005650165698,0.5331688380659672,0.7585032916917294,0.25850329169172936
hpo-resnet-age-gender-REBUTTAL,IR_SE_50,FairFace,AGE,gender,512,3c0ddc,40,True,False,Linear,CrossEntropy,Adam,91,2.6067789e-06,0.0004736495201,0.5567444287209845,0.7271306091475958,0.22713060914759575
hpo-resnet-age-gender-REBUTTAL,IR_SE_50,FairFace,AGE,gender,512,3c4636,13,True,False,ArcFace,Focal,Adam,38,2.7369826e-06,0.0089636366008,0.01818347935875253,0.5,0.0
hpo-resnet-age-gender-REBUTTAL,IR_SE_50,FairFace,AGE,gender,512,3dd189,40,True,False,Linear,Focal,SGD,98,1.99312993e-05,0.0064257700292,0.5355541265171204,0.7813130470544416,0.2813130470544416
hpo-resnet-age-gender-REBUTTAL,IR_SE_50,FairFace,AGE,gender,512,3eb22f,13,False,False,Linear,CrossEntropy,Adam,99,1.88119731e-05,0.0012957371579,0.47149262757579313,0.7012542584355286,0.20125425843552858
hpo-resnet-age-gender-REBUTTAL,IR_SE_50,FairFace,AGE,gender,512,3eb22f,40,True,False,Linear,CrossEntropy,Adam,99,1.88119731e-05,0.0012957371579,0.5499222072036811,0.7219460006828481,0.2219460006828481
hpo-resnet-age-gender-REBUTTAL,IR_SE_50,FairFace,AGE,gender,512,3fa5ad,40,True,False,Linear,Focal,Adam,94,3.62216532e-05,0.0070753339213,0.5251575132705623,0.7239192564233743,0.2239192564233743
hpo-resnet-age-gender-REBUTTAL,IR_SE_50,FairFace,AGE,gender,512,414841,13,True,False,ArcFace,Focal,Adam,30,0.0206326182139,0.0072661508454,0.0,0.6082691513204227,0.1082691513204227
hpo-resnet-age-gender-REBUTTAL,IR_SE_50,FairFace,AGE,gender,512,4375ce,40,False,False,Linear,CrossEntropy,Adam,57,0.0472000924346,0.0027814247701,0.3648154895323926,0.6444851855142018,0.14448518551420175
hpo-resnet-age-gender-REBUTTAL,IR_SE_50,FairFace,AGE,gender,512,4375ce,120,True,True,Linear,CrossEntropy,Adam,57,0.0472000924346,0.0027814247701,0.46930945842772187,0.6518364720620942,0.15183647206209416
hpo-resnet-age-gender-REBUTTAL,IR_SE_50,FairFace,AGE,gender,512,485485,40,True,False,ArcFace,CrossEntropy,SGD,99,3.9557039e-06,0.0007851723212,0.0,0.6663895049030206,0.16638950490302062
hpo-resnet-age-gender-REBUTTAL,IR_SE_50,FairFace,AGE,gender,512,495aef,13,True,False,Linear,CrossEntropy,Adam,99,0.0652372027293,0.0017867756709,0.3016381418116959,0.6012298222668416,0.10122982226684163
hpo-resnet-age-gender-REBUTTAL,IR_SE_50,FairFace,AGE,gender,512,4cace5,13,True,False,Linear,CrossEntropy,Adam,54,0.0547461652176,0.0057070896791,0.3013260133649096,0.6019985949704705,0.10199859497047048
hpo-resnet-age-gender-REBUTTAL,IR_SE_50,FairFace,AGE,gender,512,4caee0,13,True,False,Linear,Focal,SGD,95,4.4821444e-06,0.2081441468631,0.4994977574491706,0.7038093866461456,0.20380938664614556
hpo-resnet-age-gender-REBUTTAL,IR_SE_50,FairFace,AGE,gender,512,4cea8f,40,True,False,Linear,CrossEntropy,Adam,100,2.8382528e-06,0.0030311217212,0.5505936073059361,0.7465305055430569,0.2465305055430569
hpo-resnet-age-gender-REBUTTAL,IR_SE_50,FairFace,AGE,gender,512,4d515e,13,True,False,CosFace,CrossEntropy,SGD,37,0.003654336101,0.3755418765957,0.0,0.5734254357705373,0.07342543577053728
hpo-resnet-age-gender-REBUTTAL,IR_SE_50,FairFace,AGE,gender,512,4d6d42,13,True,False,Linear,CrossEntropy,Adam,99,8.500661e-06,0.0063611334527,0.49382263696781714,0.7497052006695764,0.24970520066957635
hpo-resnet-age-gender-REBUTTAL,IR_SE_50,FairFace,AGE,gender,512,4dea44,13,True,False,CosFace,CrossEntropy,SGD,94,0.0019312512665,0.1081402962079,0.009405533663704668,0.6486995717215265,0.14869957172152648
hpo-resnet-age-gender-REBUTTAL,IR_SE_50,FairFace,AGE,gender,512,4f1549,40,True,False,Linear,Focal,SGD,97,2.66074108e-05,0.0479549182234,0.54194076805784,0.7826585748810367,0.28265857488103674
hpo-resnet-age-gender-REBUTTAL,IR_SE_50,FairFace,AGE,gender,512,5041b9,120,True,True,Linear,CrossEntropy,SGD,97,4.09717587e-05,0.1954823863155,0.5366410610968607,0.7545921333865626,0.2545921333865626
hpo-resnet-age-gender-REBUTTAL,IR_SE_50,FairFace,AGE,gender,512,5285a3,120,True,True,Linear,CrossEntropy,SGD,99,1.0794352e-06,0.0035031221645,0.5260364195477267,0.7491746689042964,0.2491746689042964
hpo-resnet-age-gender-REBUTTAL,IR_SE_50,FairFace,AGE,gender,512,54d815,40,True,False,Linear,Focal,Adam,99,1.5002288e-06,0.000336330007,0.5440651564320107,0.69416807053671,0.19416807053671004
hpo-resnet-age-gender-REBUTTAL,IR_SE_50,FairFace,AGE,gender,512,551951,13,True,False,CosFace,Focal,Adam,46,2.1103695e-06,0.000432630861,0.09444647244044713,0.6658929549983839,0.16589295499838386
hpo-resnet-age-gender-REBUTTAL,IR_SE_50,FairFace,AGE,gender,512,5626c5,13,False,False,Linear,Focal,SGD,94,4.86385705e-05,0.0763010683526,0.4726508941977833,0.7490516184463172,0.24905161844631718
hpo-resnet-age-gender-REBUTTAL,IR_SE_50,FairFace,AGE,gender,512,5626c5,40,False,False,Linear,Focal,SGD,94,4.86385705e-05,0.0763010683526,0.5556570094030814,0.7827013866739733,0.28270138667397327
hpo-resnet-age-gender-REBUTTAL,IR_SE_50,FairFace,AGE,gender,512,5626c5,120,True,True,Linear,Focal,SGD,94,4.86385705e-05,0.0763010683526,0.5194046141661288,0.7279099510126059,0.22790995101260592
hpo-resnet-age-gender-REBUTTAL,IR_SE_50,FairFace,AGE,gender,512,580a89,40,True,False,Linear,Focal,SGD,99,2.11339651e-05,0.1163755738822,0.5210030151161912,0.7355412868903868,0.23554128689038678
hpo-resnet-age-gender-REBUTTAL,IR_SE_50,FairFace,AGE,gender,512,590cb8,40,True,False,Linear,Focal,Adam,100,1.9374002e-06,0.0095021543986,0.5487671232876713,0.7517872251215321,0.25178722512153207
hpo-resnet-age-gender-REBUTTAL,IR_SE_50,FairFace,AGE,gender,512,5acaf5,13,True,False,ArcFace,CrossEntropy,Adam,30,0.0137361508178,0.0032687636563,0.01817351554844482,0.5,0.0
hpo-resnet-age-gender-REBUTTAL,IR_SE_50,FairFace,AGE,gender,512,5b12b8,13,True,False,Linear,Focal,SGD,44,2.16497578e-05,0.0013083690547,0.49981708376940104,0.7665418078563921,0.26654180785639214
hpo-resnet-age-gender-REBUTTAL,IR_SE_50,FairFace,AGE,gender,512,5b8f83,120,True,True,Linear,CrossEntropy,SGD,97,5.18135712e-05,0.069535065073,0.49040568460497935,0.7220177104360167,0.2220177104360167
hpo-resnet-age-gender-REBUTTAL,IR_SE_50,FairFace,AGE,gender,512,5c2671,40,True,False,Linear,CrossEntropy,Adam,98,7.00580834e-05,0.000166230108,0.5608126608673233,0.7038375487786865,0.20383754877868654
hpo-resnet-age-gender-REBUTTAL,IR_SE_50,FairFace,AGE,gender,512,5c678d,13,False,False,ArcFace,CrossEntropy,SGD,33,0.0023350605905,0.0083863720107,0.018183479532163704,0.5,0.0
hpo-resnet-age-gender-REBUTTAL,IR_SE_50,FairFace,AGE,gender,512,5c678d,40,True,False,ArcFace,CrossEntropy,SGD,33,0.0023350605905,0.0083863720107,0.018092105263157854,0.5,0.0
hpo-resnet-age-gender-REBUTTAL,IR_SE_50,FairFace,AGE,gender,512,5da290,120,True,True,Linear,CrossEntropy,SGD,97,4.25328276e-05,0.0687180318333,0.49661913403293534,0.7286715995663166,0.22867159956631655
hpo-resnet-age-gender-REBUTTAL,IR_SE_50,FairFace,AGE,gender,512,5e8615,40,False,False,Linear,Focal,SGD,99,1.75291677e-05,0.001117443484,0.5440651528396948,0.7534141401465447,0.25341414014654473
hpo-resnet-age-gender-REBUTTAL,IR_SE_50,FairFace,AGE,gender,512,5e8615,120,True,True,Linear,Focal,SGD,99,1.75291677e-05,0.001117443484,0.52274182666043,0.7332376779632718,0.23323767796327177
hpo-resnet-age-gender-REBUTTAL,IR_SE_50,FairFace,AGE,gender,512,603b17,40,True,False,Linear,Focal,SGD,97,0.0023978964136,0.2355913542483,0.4669225001753422,0.646589251350177,0.14658925135017697
hpo-resnet-age-gender-REBUTTAL,IR_SE_50,FairFace,AGE,gender,512,63b2bc,13,True,False,CosFace,CrossEntropy,SGD,52,0.0003337837081,0.3758132441749,0.0,0.672306596387541,0.17230659638754098
hpo-resnet-age-gender-REBUTTAL,IR_SE_50,FairFace,AGE,gender,512,657720,13,True,False,Linear,CrossEntropy,Adam,69,0.0292683928753,0.0050581004624,0.3013335703618778,0.6025059816101943,0.10250598161019431
hpo-resnet-age-gender-REBUTTAL,IR_SE_50,FairFace,AGE,gender,512,658556,13,True,False,CosFace,CrossEntropy,Adam,85,2.2485463e-06,0.0003912237872,0.11657509103188146,0.6781689356025011,0.17816893560250113
hpo-resnet-age-gender-REBUTTAL,IR_SE_50,FairFace,AGE,gender,512,677bfb,13,True,False,Linear,CrossEntropy,Adam,100,0.0905429289959,0.004703371654,0.30127853881278543,0.6157423845847577,0.11574238458475772
hpo-resnet-age-gender-REBUTTAL,IR_SE_50,FairFace,AGE,gender,512,68b0ac,120,True,True,Linear,CrossEntropy,Adam,98,3.76910919e-05,2.1894443e-05,0.5324425686207587,0.7246727439790565,0.22467274397905646
hpo-resnet-age-gender-REBUTTAL,IR_SE_50,FairFace,AGE,gender,512,694ec6,40,True,False,CosFace,Focal,Adam,90,0.0124459416892,0.000263243157,0.10077732513961479,0.6996351699414121,0.19963516994141206
hpo-resnet-age-gender-REBUTTAL,IR_SE_50,FairFace,AGE,gender,512,6a88f4,13,True,False,Linear,CrossEntropy,Adam,45,0.0628327848642,0.0066188405496,0.3013535763800024,0.6074955622900884,0.10749556229008839
hpo-resnet-age-gender-REBUTTAL,IR_SE_50,FairFace,AGE,gender,512,72a76e,40,True,False,Linear,CrossEntropy,Adam,99,0.0041875412614,0.0020896174318,0.4704859481264123,0.6533788003493443,0.15337880034934426
hpo-resnet-age-gender-REBUTTAL,IR_SE_50,FairFace,AGE,gender,512,732976,13,True,False,ArcFace,CrossEntropy,Adam,31,0.05196333711,0.0023342889736,0.018173515554976816,0.5,0.0
hpo-resnet-age-gender-REBUTTAL,IR_SE_50,FairFace,AGE,gender,512,761898,40,True,False,Linear,CrossEntropy,SGD,97,3.02785661e-05,0.0035210044817,0.5595760007490191,0.7715079089435976,0.27150790894359755
hpo-resnet-age-gender-REBUTTAL,IR_SE_50,FairFace,AGE,gender,512,790c1c,40,True,False,Linear,Focal,SGD,99,4.4128074e-06,0.0837159470784,0.5045300575222135,0.7328801325988257,0.23288013259882567
hpo-resnet-age-gender-REBUTTAL,IR_SE_50,FairFace,AGE,gender,512,79304a,13,True,False,ArcFace,Focal,SGD,76,2.10693347e-05,0.1057856540281,0.018183479342195774,0.5,0.0
hpo-resnet-age-gender-REBUTTAL,IR_SE_50,FairFace,AGE,gender,512,7a2695,40,True,False,Linear,Focal,SGD,100,4.6030936e-06,0.0006616421934,0.5357077625570776,0.7495349234525142,0.24953492345251416
hpo-resnet-age-gender-REBUTTAL,IR_SE_50,FairFace,AGE,gender,512,7de600,40,True,False,Linear,Focal,Adam,94,4.74939824e-05,0.0062655918447,0.5240617218345021,0.7347932511489614,0.23479325114896143
hpo-resnet-age-gender-REBUTTAL,IR_SE_50,FairFace,AGE,gender,512,7e1936,13,True,False,Linear,Focal,Adam,88,3.35557941e-05,0.0083969295575,0.47983870590886757,0.7211792682287264,0.22117926822872636
hpo-resnet-age-gender-REBUTTAL,IR_SE_50,FairFace,AGE,gender,512,805eff,120,True,True,ArcFace,Focal,Adam,35,0.0508298027328,0.0021129638815,0.018176835605076436,0.5,0.0
hpo-resnet-age-gender-REBUTTAL,IR_SE_50,FairFace,AGE,gender,512,811bdf,40,True,False,Linear,CrossEntropy,Adam,96,3.53335497e-05,0.001,0.5540021705627441,0.7324032828082823,0.23240328280828226
hpo-resnet-age-gender-REBUTTAL,IR_SE_50,FairFace,AGE,gender,512,81c83c,120,True,True,Linear,CrossEntropy,Adam,97,7.2202032e-06,0.0012958471175,0.5267726409644411,0.6815794635040169,0.18157946350401688
hpo-resnet-age-gender-REBUTTAL,IR_SE_50,FairFace,AGE,gender,512,82db89,13,True,False,Linear,CrossEntropy,Adam,82,2.7802216e-06,0.0008195455472,0.5220608490504576,0.7195988106883922,0.21959881068839215
hpo-resnet-age-gender-REBUTTAL,IR_SE_50,FairFace,AGE,gender,512,84dcfb,40,True,False,Linear,CrossEntropy,Adam,81,2.5112923e-06,0.0004970206147,0.5581501831501832,0.7284761369741909,0.2284761369741909
hpo-resnet-age-gender-REBUTTAL,IR_SE_50,FairFace,AGE,gender,512,8672ee,13,False,False,Linear,CrossEntropy,Adam,75,3.3680497e-06,0.000683128646,0.5198137468905063,0.6941674350491587,0.19416743504915868
hpo-resnet-age-gender-REBUTTAL,IR_SE_50,FairFace,AGE,gender,512,8672ee,40,True,False,Linear,CrossEntropy,Adam,75,3.3680497e-06,0.000683128646,0.538257865519137,0.7126822645190845,0.21268226451908445
hpo-resnet-age-gender-REBUTTAL,IR_SE_50,FairFace,AGE,gender,512,883a74,120,True,True,Linear,CrossEntropy,SGD,98,4.19461942e-05,0.2545364987207,0.5320765025733298,0.7233292564019684,0.22332925640196843
hpo-resnet-age-gender-REBUTTAL,IR_SE_50,FairFace,AGE,gender,512,8ac2a5,13,True,False,CosFace,CrossEntropy,Adam,35,0.0892778352121,0.0011647340087,0.0,0.532261361714698,0.032261361714697956
hpo-resnet-age-gender-REBUTTAL,IR_SE_50,FairFace,AGE,gender,512,8b7144,40,True,False,Linear,CrossEntropy,Adam,100,7.6401168e-06,0.0009673384631,0.5444748858447488,0.7268862809074388,0.2268862809074388
hpo-resnet-age-gender-REBUTTAL,IR_SE_50,FairFace,AGE,gender,512,8ba3fa,40,True,False,Linear,CrossEntropy,SGD,97,0.056608358308,0.0486852579323,0.39894004478789213,0.6248052732355655,0.12480527323556545
hpo-resnet-age-gender-REBUTTAL,IR_SE_50,FairFace,AGE,gender,512,8c8ad9,40,False,False,Linear,Focal,SGD,97,2.23350724e-05,0.0030112138152,0.5605811191023442,0.7770806999621116,0.2770806999621116
hpo-resnet-age-gender-REBUTTAL,IR_SE_50,FairFace,AGE,gender,512,8c8ad9,120,True,True,Linear,Focal,SGD,97,2.23350724e-05,0.0030112138152,0.5315241018931071,0.7484459988098322,0.2484459988098322
hpo-resnet-age-gender-REBUTTAL,IR_SE_50,FairFace,AGE,gender,512,8c91a3,40,True,False,Linear,CrossEntropy,Adam,97,6.55183072e-05,0.0004580829008,0.5648757086302105,0.7262588874606399,0.22625888746063993
hpo-resnet-age-gender-REBUTTAL,IR_SE_50,FairFace,AGE,gender,512,8cb184,120,True,True,Linear,CrossEntropy,Adam,98,0.0008679583858,0.000197775874,0.537567487981822,0.6749850760765561,0.1749850760765561
hpo-resnet-age-gender-REBUTTAL,IR_SE_50,FairFace,AGE,gender,512,8cb763,40,True,False,Linear,CrossEntropy,Adam,98,7.02281674e-05,4.94189388e-05,0.5558707744444432,0.7196481445904088,0.21964814459040882
hpo-resnet-age-gender-REBUTTAL,IR_SE_50,FairFace,AGE,gender,512,8ee963,40,True,False,Linear,Focal,SGD,97,6.1490314e-06,0.0004733326599,0.5311586054584436,0.7498268463655999,0.24982684636559993
hpo-resnet-age-gender-REBUTTAL,IR_SE_50,FairFace,AGE,gender,512,90eb28,40,True,False,Linear,Focal,SGD,96,1.02828795e-05,0.002897950542,0.555464157472577,0.7701562603684811,0.27015626036848106
hpo-resnet-age-gender-REBUTTAL,IR_SE_50,FairFace,AGE,gender,512,91fb57,13,False,False,ArcFace,CrossEntropy,SGD,100,1.719345e-06,0.1206591777203,0.0,0.6710718775218821,0.17107187752188213
hpo-resnet-age-gender-REBUTTAL,IR_SE_50,FairFace,AGE,gender,512,91fb57,40,True,False,ArcFace,CrossEntropy,SGD,100,1.719345e-06,0.1206591777203,0.0,0.6579203623055007,0.15792036230550066
hpo-resnet-age-gender-REBUTTAL,IR_SE_50,FairFace,AGE,gender,512,920356,120,True,True,Linear,Focal,Adam,89,2.3035075e-06,0.0006962918681,0.5408724299553902,0.7128093620293646,0.21280936202936462
hpo-resnet-age-gender-REBUTTAL,IR_SE_50,FairFace,AGE,gender,512,95da74,40,True,False,Linear,Focal,Adam,81,2.4574772e-06,0.0006325033075,0.5271978021978022,0.720896777288772,0.220896777288772
hpo-resnet-age-gender-REBUTTAL,IR_SE_50,FairFace,AGE,gender,512,961f1c,120,True,True,Linear,Focal,SGD,100,1.97259229e-05,0.0530612175751,0.5005479452054794,0.7456682492759455,0.24566824927594555
hpo-resnet-age-gender-REBUTTAL,IR_SE_50,FairFace,AGE,gender,512,9aa335,40,True,False,Linear,CrossEntropy,Adam,97,6.6009079e-06,1.85765606e-05,0.5423976381201493,0.7397110886289737,0.23971108862897372
hpo-resnet-age-gender-REBUTTAL,IR_SE_50,FairFace,AGE,gender,512,9b0065,13,True,False,Linear,CrossEntropy,SGD,31,0.0986813387889,0.0001890897475,0.46456619765007334,0.7021362482634467,0.20213624826344667
hpo-resnet-age-gender-REBUTTAL,IR_SE_50,FairFace,AGE,gender,512,9bb5ec,40,False,False,Linear,CrossEntropy,Adam,97,2.3481786e-06,0.0004386133841,0.5457784878580194,0.714368647800223,0.21436864780022302
hpo-resnet-age-gender-REBUTTAL,IR_SE_50,FairFace,AGE,gender,512,9bb5ec,120,True,True,Linear,CrossEntropy,Adam,97,2.3481786e-06,0.0004386133841,0.5333515869943719,0.6534599755223574,0.15345997552235735
hpo-resnet-age-gender-REBUTTAL,IR_SE_50,FairFace,AGE,gender,512,9d7bc2,13,True,False,Linear,Focal,Adam,67,2.3523707e-06,0.0079685992323,0.5023345186054887,0.7475062799548764,0.2475062799548764
hpo-resnet-age-gender-REBUTTAL,IR_SE_50,FairFace,AGE,gender,512,9e22af,13,True,False,CosFace,CrossEntropy,Adam,44,1.2861475e-06,0.0004103703945,0.06328882372835032,0.6919032263502305,0.1919032263502305
hpo-resnet-age-gender-REBUTTAL,IR_SE_50,FairFace,AGE,gender,512,9e252a,13,True,False,Linear,Focal,SGD,59,0.0919932035031,0.0496990799309,0.292874779138388,0.6014173579879314,0.10141735798793139
hpo-resnet-age-gender-REBUTTAL,IR_SE_50,FairFace,AGE,gender,512,a1f07d,13,True,False,Linear,CrossEntropy,Adam,43,0.0850900047558,0.0025264937443,0.3012521689958627,0.6080596411087398,0.10805964110873978
hpo-resnet-age-gender-REBUTTAL,IR_SE_50,FairFace,AGE,gender,512,a23abf,13,True,False,CosFace,CrossEntropy,SGD,91,0.0019876598277,0.0992383074541,0.0255144045088026,0.6592543175693176,0.15925431756931763
hpo-resnet-age-gender-REBUTTAL,IR_SE_50,FairFace,AGE,gender,512,a329be,120,True,True,Linear,CrossEntropy,Adam,99,7.4311344e-06,0.000151020836,0.5417772443625959,0.7032006899120431,0.2032006899120431
hpo-resnet-age-gender-REBUTTAL,IR_SE_50,FairFace,AGE,gender,512,a7b890,13,True,False,ArcFace,Focal,Adam,57,0.005151550121,5.27815625e-05,0.01817683579671714,0.5,0.0
hpo-resnet-age-gender-REBUTTAL,IR_SE_50,FairFace,AGE,gender,512,a7c376,40,True,False,Linear,CrossEntropy,SGD,97,2.596993e-06,0.0016751577904,0.5488852117772688,0.7628617328929427,0.2628617328929427
hpo-resnet-age-gender-REBUTTAL,IR_SE_50,FairFace,AGE,gender,512,ac0aec,13,True,False,Linear,CrossEntropy,Adam,99,0.0155390817761,0.005425020043,0.30072297784779645,0.6337100927196405,0.13371009271964052
hpo-resnet-age-gender-REBUTTAL,IR_SE_50,FairFace,AGE,gender,512,acc805,40,True,False,Linear,CrossEntropy,Adam,100,0.0056490120053,0.0036626271797,0.4100456621004567,0.6539647198717359,0.15396471987173588
hpo-resnet-age-gender-REBUTTAL,IR_SE_50,FairFace,AGE,gender,512,adc25c,13,False,False,Linear,Focal,Adam,50,5.27168976e-05,0.0027223728601,0.48091324200913244,0.7135156228259636,0.2135156228259636
hpo-resnet-age-gender-REBUTTAL,IR_SE_50,FairFace,AGE,gender,512,adc25c,40,True,False,Linear,Focal,Adam,50,5.27168976e-05,0.0027223728601,0.5288584474885845,0.7526657699379871,0.25266576993798706
hpo-resnet-age-gender-REBUTTAL,IR_SE_50,FairFace,AGE,gender,512,adddf4,13,True,False,ArcFace,CrossEntropy,SGD,71,0.0020666754411,0.0949476539534,0.0,0.6447307512827484,0.14473075128274837
hpo-resnet-age-gender-REBUTTAL,IR_SE_50,FairFace,AGE,gender,512,ae4326,120,True,True,Linear,CrossEntropy,Adam,99,3.59970463e-05,0.0015612501038,0.5221012127452902,0.6758064939068116,0.17580649390681158
hpo-resnet-age-gender-REBUTTAL,IR_SE_50,FairFace,AGE,gender,512,b05ef5,13,True,False,Linear,CrossEntropy,SGD,72,0.0194566322401,0.142451681283,0.30299706286505645,0.6173621754598522,0.11736217545985217
hpo-resnet-age-gender-REBUTTAL,IR_SE_50,FairFace,AGE,gender,512,b16850,13,False,False,Linear,Focal,Adam,88,2.3747933e-06,0.0004386133841,0.5220857729450349,0.7165302085362434,0.21653020853624338
hpo-resnet-age-gender-REBUTTAL,IR_SE_50,FairFace,AGE,gender,512,b16850,40,True,False,Linear,Focal,Adam,88,2.3747933e-06,0.0004386133841,0.5334494100847551,0.7192912347135141,0.21929123471351408
hpo-resnet-age-gender-REBUTTAL,IR_SE_50,FairFace,AGE,gender,512,b230f0,120,True,True,Linear,CrossEntropy,SGD,96,0.0001762222594,0.038769881979,0.5175438405756365,0.7353829167032351,0.23538291670323508
hpo-resnet-age-gender-REBUTTAL,IR_SE_50,FairFace,AGE,gender,512,b4bc9d,13,True,False,Linear,Focal,Adam,83,2.6024741e-06,0.0006273974051,0.4948387781778971,0.7126975496670314,0.21269754966703136
hpo-resnet-age-gender-REBUTTAL,IR_SE_50,FairFace,AGE,gender,512,b6e3c5,13,True,False,ArcFace,Focal,Adam,70,1.490833e-06,0.0003741093556,0.018223443596790956,0.5,0.0
hpo-resnet-age-gender-REBUTTAL,IR_SE_50,FairFace,AGE,gender,512,b86452,120,True,True,Linear,CrossEntropy,Adam,98,5.1814982e-06,0.0006378324875,0.53683535691334,0.6947920524187593,0.1947920524187593
hpo-resnet-age-gender-REBUTTAL,IR_SE_50,FairFace,AGE,gender,512,b8f333,40,True,False,Linear,CrossEntropy,Adam,97,1.8359295e-06,5.25928421e-05,0.5539107978553103,0.7454405774989779,0.24544057749897785
hpo-resnet-age-gender-REBUTTAL,IR_SE_50,FairFace,AGE,gender,512,b905d2,40,False,False,Linear,CrossEntropy,Adam,99,0.0002220729733,0.0001305763147,0.5674018437338517,0.696715706683563,0.19671570668356297
hpo-resnet-age-gender-REBUTTAL,IR_SE_50,FairFace,AGE,gender,512,b905d2,120,True,True,Linear,CrossEntropy,Adam,99,0.0002220729733,0.0001305763147,0.5298801073151319,0.6529338921699371,0.15293389216993714
hpo-resnet-age-gender-REBUTTAL,IR_SE_50,FairFace,AGE,gender,512,b91c0f,120,True,True,Linear,CrossEntropy,Adam,81,0.0681700381111,0.006296730363,0.5024725274725275,0.6549801955321612,0.15498019553216125
hpo-resnet-age-gender-REBUTTAL,IR_SE_50,FairFace,AGE,gender,512,be7cef,40,True,False,Linear,Focal,SGD,96,2.37400053e-05,0.0826767128288,0.493877907133939,0.7300939210464914,0.2300939210464914
hpo-resnet-age-gender-REBUTTAL,IR_SE_50,FairFace,AGE,gender,512,c26afa,120,True,True,Linear,CrossEntropy,Adam,97,0.0761660080614,5.19656875e-05,0.5487024626815529,0.6377418598727205,0.13774185987272047
hpo-resnet-age-gender-REBUTTAL,IR_SE_50,FairFace,AGE,gender,512,c487e2,120,True,True,Linear,CrossEntropy,SGD,97,4.8546454e-06,0.0055974269037,0.5436768789458692,0.7607963649041765,0.26079636490417646
hpo-resnet-age-gender-REBUTTAL,IR_SE_50,FairFace,AGE,gender,512,c542f5,13,True,False,CosFace,CrossEntropy,SGD,85,5.74743241e-05,0.0959253978461,0.06456043923818144,0.6936419871842898,0.19364198718428982
hpo-resnet-age-gender-REBUTTAL,IR_SE_50,FairFace,AGE,gender,512,c85e29,13,True,False,Linear,CrossEntropy,Adam,99,0.0017427036879,0.0001593449906,0.48293218099482926,0.6785655467280017,0.17856554672800173
hpo-resnet-age-gender-REBUTTAL,IR_SE_50,FairFace,AGE,gender,512,c90821,40,False,False,Linear,CrossEntropy,SGD,96,0.0012359108033,0.1030786194874,0.5341739562519809,0.725459511014404,0.22545951101440398
hpo-resnet-age-gender-REBUTTAL,IR_SE_50,FairFace,AGE,gender,512,c90821,120,True,True,Linear,CrossEntropy,SGD,96,0.0012359108033,0.1030786194874,0.5362755641602633,0.6701986841795441,0.1701986841795441
hpo-resnet-age-gender-REBUTTAL,IR_SE_50,FairFace,AGE,gender,512,cb6bd9,40,True,False,Linear,CrossEntropy,Adam,40,0.0296524201764,0.0047447798261,0.3343692870201096,0.6206004193415118,0.12060041934151178
hpo-resnet-age-gender-REBUTTAL,IR_SE_50,FairFace,AGE,gender,512,d185ed,40,True,False,Linear,Focal,SGD,96,1.2051088e-06,0.5540008937918,0.018183478911717676,0.5,0.0
hpo-resnet-age-gender-REBUTTAL,IR_SE_50,FairFace,AGE,gender,512,d1c2e7,120,True,True,Linear,CrossEntropy,Adam,32,0.0021185409855,0.0001143138952,0.5527229532163743,0.7069055488899972,0.20690554888999724
hpo-resnet-age-gender-REBUTTAL,IR_SE_50,FairFace,AGE,gender,512,d37c27,13,True,False,CosFace,CrossEntropy,SGD,31,8.71094223e-05,0.244490538718,0.060273971289804495,0.6879258101061518,0.18792581010615184
hpo-resnet-age-gender-REBUTTAL,IR_SE_50,FairFace,AGE,gender,512,d427d2,13,True,False,ArcFace,CrossEntropy,Adam,32,0.0738654231244,0.0010204897852,0.018183479532163704,0.5,0.0
hpo-resnet-age-gender-REBUTTAL,IR_SE_50,FairFace,AGE,gender,512,d559ba,13,True,False,ArcFace,CrossEntropy,SGD,99,2.1530321e-06,0.1037996730348,0.0,0.6872300850242208,0.18723008502422078
hpo-resnet-age-gender-REBUTTAL,IR_SE_50,FairFace,AGE,gender,512,d5d04f,40,True,False,Linear,CrossEntropy,Adam,100,7.08512071e-05,0.0002485297209,0.5589954337899543,0.7201008124072857,0.22010081240728574
hpo-resnet-age-gender-REBUTTAL,IR_SE_50,FairFace,AGE,gender,512,d64d5a,40,True,False,ArcFace,CrossEntropy,Adam,33,0.0169651570725,0.0066682836935,0.0,0.6163202100025473,0.11632021000254733
hpo-resnet-age-gender-REBUTTAL,IR_SE_50,FairFace,AGE,gender,512,da20a8,120,True,True,Linear,CrossEntropy,Adam,100,2.957541e-06,1.96064854e-05,0.5401826484018265,0.7366584405590364,0.2366584405590364
hpo-resnet-age-gender-REBUTTAL,IR_SE_50,FairFace,AGE,gender,512,dae0bc,13,True,False,CosFace,Focal,SGD,35,0.084237991602,0.0949476539534,0.0,0.5519588000710676,0.05195880007106757
hpo-resnet-age-gender-REBUTTAL,IR_SE_50,FairFace,AGE,gender,512,db0670,13,False,False,Linear,CrossEntropy,Adam,97,6.93757513e-05,0.002527739156,0.4769736693198221,0.6921462501685713,0.19214625016857134
hpo-resnet-age-gender-REBUTTAL,IR_SE_50,FairFace,AGE,gender,512,db0670,40,False,False,Linear,CrossEntropy,Adam,97,6.93757513e-05,0.002527739156,0.5405701528515732,0.7339949115508357,0.23399491155083574
hpo-resnet-age-gender-REBUTTAL,IR_SE_50,FairFace,AGE,gender,512,db0670,120,True,True,Linear,CrossEntropy,Adam,97,6.93757513e-05,0.002527739156,0.5494334563874361,0.7121429028215112,0.21214290282151116
hpo-resnet-age-gender-REBUTTAL,IR_SE_50,FairFace,AGE,gender,512,db6af6,13,False,False,Linear,CrossEntropy,SGD,100,3.1676309e-06,0.0014835319403,0.5059360730593607,0.7344628979623726,0.23446289796237263
hpo-resnet-age-gender-REBUTTAL,IR_SE_50,FairFace,AGE,gender,512,db6af6,40,True,False,Linear,CrossEntropy,SGD,100,3.1676309e-06,0.0014835319403,0.5506849315068493,0.7580927332868113,0.25809273328681126
hpo-resnet-age-gender-REBUTTAL,IR_SE_50,FairFace,AGE,gender,512,dd5cba,120,True,True,Linear,CrossEntropy,SGD,96,3.5357634e-06,0.0026564187271,0.5255847768616259,0.7580883183206646,0.2580883183206646
hpo-resnet-age-gender-REBUTTAL,IR_SE_50,FairFace,AGE,gender,512,de5027,120,True,True,Linear,Focal,SGD,98,1.4935375e-06,0.0031531152617,0.5251212545146856,0.7568206209957595,0.25682062099575953
hpo-resnet-age-gender-REBUTTAL,IR_SE_50,FairFace,AGE,gender,512,de5a62,40,False,False,Linear,Focal,Adam,31,1.95327614e-05,1.08528732e-05,0.5460273818185885,0.7411334435558619,0.24113344355586186
hpo-resnet-age-gender-REBUTTAL,IR_SE_50,FairFace,AGE,gender,512,de5a62,120,True,True,Linear,Focal,Adam,31,1.95327614e-05,1.08528732e-05,0.5239269257702239,0.723542010944835,0.22354201094483495
hpo-resnet-age-gender-REBUTTAL,IR_SE_50,FairFace,AGE,gender,512,deacbc,40,True,False,Linear,CrossEntropy,Adam,99,5.08451885e-05,1.82394821e-05,0.542417859133049,0.726155236096335,0.22615523609633503
hpo-resnet-age-gender-REBUTTAL,IR_SE_50,FairFace,AGE,gender,512,df9ef2,40,False,False,ArcFace,CrossEntropy,SGD,99,3.3233804e-06,0.0083513034282,0.01821176883885678,0.5,0.0
hpo-resnet-age-gender-REBUTTAL,IR_SE_50,FairFace,AGE,gender,512,df9ef2,120,True,True,ArcFace,CrossEntropy,SGD,99,3.3233804e-06,0.0083513034282,0.01821176883885678,0.5,0.0
hpo-resnet-age-gender-REBUTTAL,IR_SE_50,FairFace,AGE,gender,512,e01215,40,True,False,Linear,CrossEntropy,Adam,35,0.0469278696923,0.0027144957212,0.3379612628273342,0.6554203208315763,0.1554203208315763
hpo-resnet-age-gender-REBUTTAL,IR_SE_50,FairFace,AGE,gender,512,e23461,13,True,False,Linear,CrossEntropy,SGD,99,2.4341172e-06,0.0723106551261,0.492724438996593,0.757772581347758,0.25777258134775805
hpo-resnet-age-gender-REBUTTAL,IR_SE_50,FairFace,AGE,gender,512,e251e5,13,True,False,Linear,CrossEntropy,SGD,99,2.1250909e-06,0.0008370338792,0.48448795960088487,0.7405325399059425,0.24053253990594248
hpo-resnet-age-gender-REBUTTAL,IR_SE_50,FairFace,AGE,gender,512,e2a206,120,True,True,CosFace,CrossEntropy,Adam,43,0.0734125754515,0.0005658755598,0.13545379715551564,0.6893355221754385,0.18933552217543848
hpo-resnet-age-gender-REBUTTAL,IR_SE_50,FairFace,AGE,gender,512,e41a93,13,False,False,Linear,CrossEntropy,SGD,100,4.2503399e-06,0.281888854916,0.4888584474885844,0.7043066054850469,0.20430660548504687
hpo-resnet-age-gender-REBUTTAL,IR_SE_50,FairFace,AGE,gender,512,e41a93,40,True,False,Linear,CrossEntropy,SGD,100,4.2503399e-06,0.281888854916,0.5277625570776255,0.7116701335299822,0.2116701335299822
hpo-resnet-age-gender-REBUTTAL,IR_SE_50,FairFace,AGE,gender,512,e55939,40,True,False,Linear,CrossEntropy,Adam,99,0.0196296337342,0.0021133173832,0.3977303893256081,0.6505925553502968,0.1505925553502968
hpo-resnet-age-gender-REBUTTAL,IR_SE_50,FairFace,AGE,gender,512,e65ae6,40,True,False,ArcFace,Focal,Adam,31,0.0143899850231,0.003531288733,0.018173515554976816,0.5,0.0
hpo-resnet-age-gender-REBUTTAL,IR_SE_50,FairFace,AGE,gender,512,e872f7,40,True,False,Linear,CrossEntropy,Adam,84,0.0676124550342,0.0031627177896,0.34807692153637226,0.6472751430984178,0.14727514309841783
hpo-resnet-age-gender-REBUTTAL,IR_SE_50,FairFace,AGE,gender,512,eaa722,13,False,False,Linear,CrossEntropy,Adam,99,3.8386e-06,0.0001168583052,0.526219451459534,0.711489320598252,0.21148932059825198
hpo-resnet-age-gender-REBUTTAL,IR_SE_50,FairFace,AGE,gender,512,eaa722,40,False,False,Linear,CrossEntropy,Adam,99,3.8386e-06,0.0001168583052,0.5599890133297497,0.7181737800244455,0.21817378002444554
hpo-resnet-age-gender-REBUTTAL,IR_SE_50,FairFace,AGE,gender,512,eaa722,120,True,True,Linear,CrossEntropy,Adam,99,3.8386e-06,0.0001168583052,0.5314358888292526,0.67168425339444,0.17168425339444005
hpo-resnet-age-gender-REBUTTAL,IR_SE_50,FairFace,AGE,gender,512,ec565a,40,True,False,CosFace,Focal,Adam,35,0.027355972883,5.22734609e-05,0.16788454183140156,0.6464652309375141,0.14646523093751407
hpo-resnet-age-gender-REBUTTAL,IR_SE_50,FairFace,AGE,gender,512,eebcc2,40,True,False,Linear,CrossEntropy,Adam,99,0.0224876303979,0.0072269769341,0.3583783263475906,0.6461138063215894,0.14611380632158943
hpo-resnet-age-gender-REBUTTAL,IR_SE_50,FairFace,AGE,gender,512,f0cb1c,13,False,False,ArcFace,Focal,SGD,77,0.0151493436634,0.0519419345275,0.01818347935875253,0.5,0.0
hpo-resnet-age-gender-REBUTTAL,IR_SE_50,FairFace,AGE,gender,512,f0cb1c,40,False,False,ArcFace,Focal,SGD,77,0.0151493436634,0.0519419345275,0.018092105090618094,0.5,0.0
hpo-resnet-age-gender-REBUTTAL,IR_SE_50,FairFace,AGE,gender,512,f0cb1c,120,True,True,ArcFace,Focal,SGD,77,0.0151493436634,0.0519419345275,0.01818347935875253,0.5,0.0
hpo-resnet-age-gender-REBUTTAL,IR_SE_50,FairFace,AGE,gender,512,f1de03,40,True,False,CosFace,CrossEntropy,Adam,31,0.0122499271835,0.0036906848216,0.0,0.6643985558511947,0.16439855585119467
hpo-resnet-age-gender-REBUTTAL,IR_SE_50,FairFace,AGE,gender,512,f2648d,13,True,False,Linear,CrossEntropy,Adam,93,2.6886969e-06,0.000891684082,0.5010047394087335,0.725071361907351,0.225071361907351
hpo-resnet-age-gender-REBUTTAL,IR_SE_50,FairFace,AGE,gender,512,f31397,120,True,True,Linear,Focal,SGD,99,4.8341417e-06,0.0023431371357,0.5296970751467307,0.7520992160625566,0.2520992160625566
hpo-resnet-age-gender-REBUTTAL,IR_SE_50,FairFace,AGE,gender,512,f48fd2,40,True,False,Linear,CrossEntropy,Adam,32,0.048753148276,0.003035378699,0.32620614035087714,0.6254153078381971,0.1254153078381971
hpo-resnet-age-gender-REBUTTAL,IR_SE_50,FairFace,AGE,gender,512,f4bd50,13,True,False,Linear,Focal,Adam,48,1.047596e-06,0.0021677240041,0.5307017358144125,0.7742570949843843,0.27425709498438433
hpo-resnet-age-gender-REBUTTAL,IR_SE_50,FairFace,AGE,gender,512,f6f715,13,False,False,Linear,Focal,Adam,67,1.3991094e-06,0.0020871033936,0.5227501557456763,0.7736742525596101,0.2736742525596101
hpo-resnet-age-gender-REBUTTAL,IR_SE_50,FairFace,AGE,gender,512,f6f715,40,False,False,Linear,Focal,Adam,67,1.3991094e-06,0.0020871033936,0.5452714413530517,0.785392810241009,0.28539281024100904
hpo-resnet-age-gender-REBUTTAL,IR_SE_50,FairFace,AGE,gender,512,f6f715,120,True,True,Linear,Focal,Adam,67,1.3991094e-06,0.0020871033936,0.5267783526279415,0.7630983014956301,0.26309830149563007
hpo-resnet-age-gender-REBUTTAL,IR_SE_50,FairFace,AGE,gender,512,f76b37,40,True,False,Linear,CrossEntropy,Adam,100,0.0210558608703,0.0060804903177,0.3579908675799087,0.6427454212787455,0.14274542127874545
hpo-resnet-age-gender-REBUTTAL,IR_SE_50,FairFace,AGE,gender,512,f8f4f4,13,True,False,ArcFace,Focal,Adam,76,0.001708544248,0.0005059525833,0.018183479342195774,0.5,0.0
hpo-resnet-age-gender-REBUTTAL,IR_SE_50,FairFace,AGE,gender,512,fd32f0,40,True,False,Linear,CrossEntropy,Adam,99,9.6256458e-05,0.0002728042613,0.5641987691973357,0.7168666824713537,0.21686668247135366
hpo-resnet-age-gender-REBUTTAL,IR_SE_50,FairFace,AGE,gender,512,fddd6f,120,True,True,Linear,Focal,SGD,100,2.6891239e-06,0.0114537885883,0.5336986301369863,0.7754649895860314,0.2754649895860314
hpo-resnet-age-race-REBUTTAL,IR_SE_50,FairFace,AGE,race,512,00e778,40,True,False,Linear,CrossEntropy,Adam,87,7.0615777e-05,0.0014513465564,0.5470609588322677,0.2881729797844855,0.14531583692734262
hpo-resnet-age-race-REBUTTAL,IR_SE_50,FairFace,AGE,race,512,010bc6,13,False,False,ArcFace,Focal,Adam,74,9.20288469e-05,0.0074381593279,0.018170197662469523,0.14285714285714285,0.0
hpo-resnet-age-race-REBUTTAL,IR_SE_50,FairFace,AGE,race,512,010bc6,40,True,False,ArcFace,Focal,Adam,74,9.20288469e-05,0.0074381593279,0.018170197646360187,0.14285714285714285,0.0
hpo-resnet-age-race-REBUTTAL,IR_SE_50,FairFace,AGE,race,512,027268,13,False,False,Linear,Focal,Adam,87,1.57464221e-05,0.0014234751013,0.48974545065812236,0.29724352850518415,0.1543863856480413
hpo-resnet-age-race-REBUTTAL,IR_SE_50,FairFace,AGE,race,512,027268,40,True,False,Linear,Focal,Adam,87,1.57464221e-05,0.0014234751013,0.5544771819227323,0.3135583516698043,0.17070120881266143
hpo-resnet-age-race-REBUTTAL,IR_SE_50,FairFace,AGE,race,512,02bbca,40,True,False,Linear,CrossEntropy,Adam,97,0.0009736827793,0.0013641102796,0.5164473498495001,0.2859663417553907,0.14310919889824786
hpo-resnet-age-race-REBUTTAL,IR_SE_50,FairFace,AGE,race,512,030cf7,13,True,False,ArcFace,Focal,SGD,91,6.81783411e-05,0.0052588621289,0.0,0.19847006744870319,0.055612924591560337
hpo-resnet-age-race-REBUTTAL,IR_SE_50,FairFace,AGE,race,512,090685,13,True,False,CosFace,Focal,Adam,100,5.912299e-06,0.001073187731,0.07378995433789948,0.2990152972116059,0.15615815435446306
hpo-resnet-age-race-REBUTTAL,IR_SE_50,FairFace,AGE,race,512,0c378e,13,True,False,CosFace,CrossEntropy,Adam,100,5.3877829e-06,0.0009527994324,0.05762557077625574,0.28307057991562523,0.14021343705848238
hpo-resnet-age-race-REBUTTAL,IR_SE_50,FairFace,AGE,race,512,0ed111,120,True,True,Linear,CrossEntropy,Adam,87,1.02902956e-05,0.0013687121481,0.5271012445885366,0.24329477385357023,0.10043763099642739
hpo-resnet-age-race-REBUTTAL,IR_SE_50,FairFace,AGE,race,512,10dd54,13,True,False,Linear,CrossEntropy,Adam,87,4.345919e-06,0.0013427651084,0.5074162040169784,0.2941329391776764,0.15127579632053356
hpo-resnet-age-race-REBUTTAL,IR_SE_50,FairFace,AGE,race,512,11feec,13,False,False,Linear,CrossEntropy,SGD,71,0.0012728514405,0.001015753153,0.5082417725905394,0.38115126693841567,0.23829412408127282
hpo-resnet-age-race-REBUTTAL,IR_SE_50,FairFace,AGE,race,512,11feec,40,False,False,Linear,CrossEntropy,SGD,71,0.0012728514405,0.001015753153,0.5517399400931139,0.39325830426483716,0.2504011614076943
hpo-resnet-age-race-REBUTTAL,IR_SE_50,FairFace,AGE,race,512,11feec,120,True,True,Linear,CrossEntropy,SGD,71,0.0012728514405,0.001015753153,0.5285714427018777,0.33423972709824906,0.1913825842411062
hpo-resnet-age-race-REBUTTAL,IR_SE_50,FairFace,AGE,race,512,135454,13,True,False,Linear,CrossEntropy,SGD,35,0.0645176111627,0.0003214896437,0.4645597270704944,0.3014199001008655,0.15856275724372265
hpo-resnet-age-race-REBUTTAL,IR_SE_50,FairFace,AGE,race,512,136cb2,40,True,False,Linear,CrossEntropy,Adam,98,0.0001944509377,1.18831383e-05,0.536469289839535,0.3451980615013842,0.20234091864424136
hpo-resnet-age-race-REBUTTAL,IR_SE_50,FairFace,AGE,race,512,169789,40,False,False,Linear,Focal,Adam,96,1.586247e-06,0.0071487080287,0.5551900365059835,0.3470418097674436,0.20418466691030074
hpo-resnet-age-race-REBUTTAL,IR_SE_50,FairFace,AGE,race,512,169789,120,True,True,Linear,Focal,Adam,96,1.586247e-06,0.0071487080287,0.5174524685374478,0.26835571959202004,0.1254985767348772
hpo-resnet-age-race-REBUTTAL,IR_SE_50,FairFace,AGE,race,512,16b528,13,True,False,CosFace,CrossEntropy,Adam,30,1.09709115e-05,0.0021374695253,0.07232876567318014,0.32078543792634173,0.17792829506919888
hpo-resnet-age-race-REBUTTAL,IR_SE_50,FairFace,AGE,race,512,1c9d79,40,False,False,Linear,Focal,Adam,80,6.723656e-06,0.0018384166099,0.5479853479853479,0.3083166478828616,0.16545950502571877
hpo-resnet-age-race-REBUTTAL,IR_SE_50,FairFace,AGE,race,512,1c9d79,120,True,True,Linear,Focal,Adam,80,6.723656e-06,0.0018384166099,0.5203296703296704,0.2721753550038046,0.12931821214666173
hpo-resnet-age-race-REBUTTAL,IR_SE_50,FairFace,AGE,race,512,1dbd2f,13,False,False,CosFace,Focal,Adam,97,0.0017412429067,0.000263526404,0.0656980974423258,0.26069234246757783,0.11783519961043498
hpo-resnet-age-race-REBUTTAL,IR_SE_50,FairFace,AGE,race,512,1dbd2f,40,True,False,CosFace,Focal,Adam,97,0.0017412429067,0.000263526404,0.1562499957440192,0.2544028690275203,0.11154572617037745
hpo-resnet-age-race-REBUTTAL,IR_SE_50,FairFace,AGE,race,512,1e2c85,40,True,False,ArcFace,Focal,Adam,79,5.400921e-06,0.0014037730318,0.01804029362542292,0.14285714285714285,0.0
hpo-resnet-age-race-REBUTTAL,IR_SE_50,FairFace,AGE,race,512,1e656e,13,True,False,Linear,CrossEntropy,Adam,87,2.0922509e-06,0.0013462415969,0.5106207455612544,0.29277838174184456,0.1499212388847017
hpo-resnet-age-race-REBUTTAL,IR_SE_50,FairFace,AGE,race,512,21e172,120,True,True,Linear,CrossEntropy,Adam,92,9.5901847e-06,0.0046346227843,0.5270368915846368,0.2799024780411156,0.13704533518397277
hpo-resnet-age-race-REBUTTAL,IR_SE_50,FairFace,AGE,race,512,22db08,13,False,False,Linear,CrossEntropy,SGD,33,0.062904982396,0.0005655154132,0.4470942982456141,0.2991322272175926,0.15627508436044973
hpo-resnet-age-race-REBUTTAL,IR_SE_50,FairFace,AGE,race,512,22db08,40,True,False,Linear,CrossEntropy,SGD,33,0.062904982396,0.0005655154132,0.522843567251462,0.30824842764995497,0.16539128479281212
hpo-resnet-age-race-REBUTTAL,IR_SE_50,FairFace,AGE,race,512,23be3a,40,True,False,CosFace,CrossEntropy,Adam,100,5.2192947e-06,0.0005864303041,0.2125114155251142,0.3016458635881577,0.15878872073101485
hpo-resnet-age-race-REBUTTAL,IR_SE_50,FairFace,AGE,race,512,24f800,120,True,True,Linear,CrossEntropy,Adam,96,0.0040810304303,0.0015775784604,0.5323464718199613,0.26649529296462954,0.12363815010748669
hpo-resnet-age-race-REBUTTAL,IR_SE_50,FairFace,AGE,race,512,256bf2,13,True,False,CosFace,Focal,Adam,96,4.0415259e-06,0.001,0.07273391610697699,0.30750369953599954,0.1646465566788567
hpo-resnet-age-race-REBUTTAL,IR_SE_50,FairFace,AGE,race,512,27db30,120,True,True,Linear,CrossEntropy,Adam,87,1.38301177e-05,0.0014889378582,0.5262772189162848,0.24812926650984884,0.105272123652706
hpo-resnet-age-race-REBUTTAL,IR_SE_50,FairFace,AGE,race,512,29d7fb,40,True,False,ArcFace,Focal,SGD,35,0.0435815434585,0.0225507137772,0.018176835605076436,0.14285714285714285,0.0
hpo-resnet-age-race-REBUTTAL,IR_SE_50,FairFace,AGE,race,512,2ab843,13,True,False,ArcFace,Focal,Adam,100,3.9868236e-06,0.0011966909051,0.01817351598173511,0.14285714285714285,0.0
hpo-resnet-age-race-REBUTTAL,IR_SE_50,FairFace,AGE,race,512,2abade,40,True,False,Linear,Focal,Adam,99,2.9686944e-06,0.0012958999938,0.5311613397641033,0.28891948908128057,0.14606234622413772
hpo-resnet-age-race-REBUTTAL,IR_SE_50,FairFace,AGE,race,512,2c67b6,120,True,True,CosFace,Focal,SGD,94,0.0001553247098,0.0001406157744,0.18509724817562512,0.3623510808027291,0.21949393794558625
hpo-resnet-age-race-REBUTTAL,IR_SE_50,FairFace,AGE,race,512,2e8d49,40,True,False,Linear,CrossEntropy,SGD,50,0.0636170887564,0.0001446634554,0.5639269406392694,0.28072876021456483,0.13787161735742198
hpo-resnet-age-race-REBUTTAL,IR_SE_50,FairFace,AGE,race,512,2efd2c,40,True,False,Linear,CrossEntropy,Adam,96,0.0023145868612,0.0004353099903,0.509228782570153,0.31542463776736307,0.17256749491022022
hpo-resnet-age-race-REBUTTAL,IR_SE_50,FairFace,AGE,race,512,31537d,13,True,False,CosFace,Focal,Adam,87,0.0001039202245,0.0013481168319,0.019135688655958383,0.29504696697660643,0.15218982411946358
hpo-resnet-age-race-REBUTTAL,IR_SE_50,FairFace,AGE,race,512,31a2fe,40,True,False,Linear,CrossEntropy,Adam,96,2.6202136e-06,0.0002107075621,0.5454129889973423,0.25523558364779786,0.11237844079065501
hpo-resnet-age-race-REBUTTAL,IR_SE_50,FairFace,AGE,race,512,31d6be,40,True,False,Linear,CrossEntropy,Adam,99,7.23497873e-05,0.0010543497153,0.5447972854477408,0.27455182667199646,0.1316946838148536
hpo-resnet-age-race-REBUTTAL,IR_SE_50,FairFace,AGE,race,512,31edc1,40,True,False,Linear,CrossEntropy,SGD,32,0.0469802385109,0.0003848345604,0.5430372807017544,0.2940722555112306,0.15121511265408777
hpo-resnet-age-race-REBUTTAL,IR_SE_50,FairFace,AGE,race,512,33e2b7,40,True,False,Linear,CrossEntropy,SGD,33,0.0607959743832,0.000507232124,0.5310672514619883,0.3040721197830643,0.16121497692592146
hpo-resnet-age-race-REBUTTAL,IR_SE_50,FairFace,AGE,race,512,347c45,40,True,False,Linear,CrossEntropy,Adam,97,4.3424833e-06,0.0016293812316,0.5338998327757183,0.3043855606750611,0.16152841781791827
hpo-resnet-age-race-REBUTTAL,IR_SE_50,FairFace,AGE,race,512,371ceb,120,True,True,Linear,CrossEntropy,Adam,87,6.93757513e-05,0.0008433139558,0.525819428211122,0.25862247492210916,0.11576533206496631
hpo-resnet-age-race-REBUTTAL,IR_SE_50,FairFace,AGE,race,512,39017a,40,True,False,Linear,CrossEntropy,Adam,98,8.90055004e-05,0.001596364887,0.5477258114322953,0.29688418404034683,0.15402704118320398
hpo-resnet-age-race-REBUTTAL,IR_SE_50,FairFace,AGE,race,512,3b3515,40,True,False,Linear,CrossEntropy,Adam,97,0.0013999779057,1.51935929e-05,0.5360928159847593,0.3230269772820635,0.18016983442492063
hpo-resnet-age-race-REBUTTAL,IR_SE_50,FairFace,AGE,race,512,3cddc5,40,True,False,CosFace,Focal,Adam,95,0.0001512992253,0.0013684497666,0.1435485316550783,0.3126075866129791,0.16975044375583626
hpo-resnet-age-race-REBUTTAL,IR_SE_50,FairFace,AGE,race,512,3dce22,40,True,False,Linear,Focal,Adam,99,0.0557005616982,0.0008496153251,0.4029468260110761,0.31273195305843826,0.1698748102012954
hpo-resnet-age-race-REBUTTAL,IR_SE_50,FairFace,AGE,race,512,3df0c0,40,True,False,ArcFace,Focal,Adam,100,2.8554326e-06,0.0005647272609,0.01817351598173511,0.14285714285714285,0.0
hpo-resnet-age-race-REBUTTAL,IR_SE_50,FairFace,AGE,race,512,3e5f3e,13,True,False,ArcFace,Focal,Adam,97,8.6825511e-06,0.0017430181717,0.018183478932631614,0.14285714285714285,0.0
hpo-resnet-age-race-REBUTTAL,IR_SE_50,FairFace,AGE,race,512,421125,13,True,False,Linear,CrossEntropy,SGD,91,6.80879546e-05,0.0396074161415,0.45843623620492446,0.3975277786626736,0.25467063580553073
hpo-resnet-age-race-REBUTTAL,IR_SE_50,FairFace,AGE,race,512,455baf,13,True,False,Linear,CrossEntropy,Adam,87,1.4847414e-06,0.0013394073677,0.4951473903656005,0.2814485082163371,0.13859136535919425
hpo-resnet-age-race-REBUTTAL,IR_SE_50,FairFace,AGE,race,512,468f19,120,True,True,Linear,CrossEntropy,Adam,94,6.80464663e-05,0.0003445988679,0.5363893638250654,0.25347249326971066,0.11061535041256781
hpo-resnet-age-race-REBUTTAL,IR_SE_50,FairFace,AGE,race,512,47b570,40,True,False,Linear,CrossEntropy,Adam,96,4.49939018e-05,0.0020163356762,0.5453216157879746,0.30373686713598447,0.16087972427884162
hpo-resnet-age-race-REBUTTAL,IR_SE_50,FairFace,AGE,race,512,47f94d,13,False,False,CosFace,Focal,SGD,91,6.85065027e-05,0.0446424296011,0.08660265612504126,0.3188223765279045,0.17596523367076167
hpo-resnet-age-race-REBUTTAL,IR_SE_50,FairFace,AGE,race,512,47f94d,40,True,False,CosFace,Focal,SGD,91,6.85065027e-05,0.0446424296011,0.1872885312759337,0.3114778659311846,0.16862072307404175
hpo-resnet-age-race-REBUTTAL,IR_SE_50,FairFace,AGE,race,512,4ad842,13,True,False,Linear,Focal,Adam,99,7.29466574e-05,0.0011231438482,0.4836643134318125,0.3006539552518332,0.15779681239469034
hpo-resnet-age-race-REBUTTAL,IR_SE_50,FairFace,AGE,race,512,4b294b,40,True,False,Linear,CrossEntropy,Adam,94,6.93757513e-05,0.0032288351873,0.5335585725972581,0.3159311631122705,0.17307402025512764
hpo-resnet-age-race-REBUTTAL,IR_SE_50,FairFace,AGE,race,512,4b5c7f,13,True,False,Linear,CrossEntropy,SGD,31,0.0384210505341,0.004138417511,0.3399086676427763,0.32657573236505855,0.1837185895079157
hpo-resnet-age-race-REBUTTAL,IR_SE_50,FairFace,AGE,race,512,4c3149,40,False,False,Linear,Focal,Adam,87,1.28297969e-05,0.0014261305999,0.5576817239175632,0.2830843789347666,0.14022723607762377
hpo-resnet-age-race-REBUTTAL,IR_SE_50,FairFace,AGE,race,512,4c3149,120,True,True,Linear,Focal,Adam,87,1.28297969e-05,0.0014261305999,0.5142830791623574,0.25821784874020015,0.1153607058830573
hpo-resnet-age-race-REBUTTAL,IR_SE_50,FairFace,AGE,race,512,4d2fed,13,True,False,Linear,Focal,Adam,87,2.23869758e-05,0.0014507156008,0.4761948183765561,0.31131497281726045,0.1684578299601176
hpo-resnet-age-race-REBUTTAL,IR_SE_50,FairFace,AGE,race,512,4fff7c,13,True,False,Linear,CrossEntropy,Adam,87,2.09418017e-05,0.001406821697,0.4739058617719516,0.30665719270047254,0.1638000498433297
hpo-resnet-age-race-REBUTTAL,IR_SE_50,FairFace,AGE,race,512,535b2a,40,True,False,Linear,CrossEntropy,Adam,99,0.0016070233185,0.000916702865,0.5040724768873822,0.286934076580149,0.14407693372300617
hpo-resnet-age-race-REBUTTAL,IR_SE_50,FairFace,AGE,race,512,5626c5,13,False,False,Linear,Focal,SGD,94,4.86385705e-05,0.0763010683526,0.4672632589053698,0.3906222305169244,0.24776508765978156
hpo-resnet-age-race-REBUTTAL,IR_SE_50,FairFace,AGE,race,512,5626c5,40,False,False,Linear,Focal,SGD,94,4.86385705e-05,0.0763010683526,0.5410464729669269,0.3649116737160934,0.22205453085895055
hpo-resnet-age-race-REBUTTAL,IR_SE_50,FairFace,AGE,race,512,5626c5,120,True,True,Linear,Focal,SGD,94,4.86385705e-05,0.0763010683526,0.5124646101693738,0.31271912239272937,0.16986197953558652
hpo-resnet-age-race-REBUTTAL,IR_SE_50,FairFace,AGE,race,512,598d68,40,True,False,ArcFace,Focal,Adam,100,4.7743724e-06,0.0011921143225,0.01817351598173511,0.14285714285714285,0.0
hpo-resnet-age-race-REBUTTAL,IR_SE_50,FairFace,AGE,race,512,5b12b8,13,True,False,Linear,Focal,SGD,44,2.16497578e-05,0.0013083690547,0.4977135534689461,0.39056249104752805,0.2477053481903852
hpo-resnet-age-race-REBUTTAL,IR_SE_50,FairFace,AGE,race,512,5c678d,13,False,False,ArcFace,CrossEntropy,SGD,33,0.0023350605905,0.0083863720107,0.018183479532163704,0.14285714285714285,0.0
hpo-resnet-age-race-REBUTTAL,IR_SE_50,FairFace,AGE,race,512,5c678d,40,True,False,ArcFace,CrossEntropy,SGD,33,0.0023350605905,0.0083863720107,0.018183479532163704,0.14285714285714285,0.0
hpo-resnet-age-race-REBUTTAL,IR_SE_50,FairFace,AGE,race,512,5cd436,13,True,False,CosFace,CrossEntropy,Adam,100,2.8038649e-06,0.0003938268928,0.06621004566210043,0.2840613831669802,0.14120424030983736
hpo-resnet-age-race-REBUTTAL,IR_SE_50,FairFace,AGE,race,512,5e74d3,13,True,False,Linear,Focal,Adam,99,0.0001311557951,0.0010526097707,0.45996155982594855,0.30054762445422184,0.157690481597079
hpo-resnet-age-race-REBUTTAL,IR_SE_50,FairFace,AGE,race,512,5ea1c7,40,True,False,CosFace,CrossEntropy,Adam,100,7.95583086e-05,0.0011557110029,0.12474885844748862,0.32841948064484994,0.1855623377877071
hpo-resnet-age-race-REBUTTAL,IR_SE_50,FairFace,AGE,race,512,61230e,13,False,False,Linear,Focal,Adam,100,3.1824517e-06,0.0011331634896,0.489041095890411,0.2673630198648303,0.12450587700768745
hpo-resnet-age-race-REBUTTAL,IR_SE_50,FairFace,AGE,race,512,61230e,40,True,False,Linear,Focal,Adam,100,3.1824517e-06,0.0011331634896,0.5410958904109588,0.2773819775680627,0.13452483471091986
hpo-resnet-age-race-REBUTTAL,IR_SE_50,FairFace,AGE,race,512,619b62,40,True,False,Linear,Focal,Adam,98,0.0068211657549,0.0050931149105,0.3921478870203676,0.29201328043517005,0.1491561375780272
hpo-resnet-age-race-REBUTTAL,IR_SE_50,FairFace,AGE,race,512,63210d,120,True,True,Linear,CrossEntropy,Adam,100,2.22418148e-05,0.0010492680607,0.5243835616438356,0.26806092042241314,0.1252037775652703
hpo-resnet-age-race-REBUTTAL,IR_SE_50,FairFace,AGE,race,512,63d2be,40,True,False,Linear,CrossEntropy,Adam,85,6.97557348e-05,0.0018201287186,0.5437728890639085,0.3163008174607028,0.17344367460355997
hpo-resnet-age-race-REBUTTAL,IR_SE_50,FairFace,AGE,race,512,6432b1,120,True,True,Linear,Focal,Adam,98,0.0086145621313,0.0023816233114,0.5242060896527072,0.2635187773909337,0.12066163453379086
hpo-resnet-age-race-REBUTTAL,IR_SE_50,FairFace,AGE,race,512,6445be,13,True,False,ArcFace,Focal,SGD,91,6.80001674e-05,0.0009423320624,0.0,0.29034941422388,0.14749227136673715
hpo-resnet-age-race-REBUTTAL,IR_SE_50,FairFace,AGE,race,512,646f54,40,True,False,ArcFace,Focal,Adam,100,4.0166895e-06,0.0003370190375,0.01817351598173511,0.14285714285714285,0.0
hpo-resnet-age-race-REBUTTAL,IR_SE_50,FairFace,AGE,race,512,665d4d,120,True,True,ArcFace,Focal,Adam,72,2.6491871e-06,0.0012470444159,0.018183478838519007,0.14285714285714285,0.0
hpo-resnet-age-race-REBUTTAL,IR_SE_50,FairFace,AGE,race,512,679dbb,40,True,False,Linear,Focal,Adam,97,7.8651101e-06,0.0003883137231,0.5558296558313203,0.25879569888836246,0.11593855603121961
hpo-resnet-age-race-REBUTTAL,IR_SE_50,FairFace,AGE,race,512,67b784,13,False,False,Linear,Focal,Adam,100,2.25228016e-05,0.0010572976667,0.49735159817351593,0.28159435637641733,0.13873721351927448
hpo-resnet-age-race-REBUTTAL,IR_SE_50,FairFace,AGE,race,512,67b784,40,True,False,Linear,Focal,Adam,100,2.25228016e-05,0.0010572976667,0.5499543378995434,0.2812898991862296,0.13843275632908675
hpo-resnet-age-race-REBUTTAL,IR_SE_50,FairFace,AGE,race,512,6852b0,13,True,False,ArcFace,Focal,Adam,100,0.000128082019,0.0010438647325,0.01817351598173511,0.14285714285714285,0.0
hpo-resnet-age-race-REBUTTAL,IR_SE_50,FairFace,AGE,race,512,694ec6,40,True,False,CosFace,Focal,Adam,90,0.0124459416892,0.000263243157,0.11870142269526984,0.33328573742023543,0.19042859456309258
hpo-resnet-age-race-REBUTTAL,IR_SE_50,FairFace,AGE,race,512,69aba0,13,True,False,Linear,CrossEntropy,SGD,31,0.0521555038053,0.0032020701852,0.3189041019008585,0.3310744721905392,0.18821732933339635
hpo-resnet-age-race-REBUTTAL,IR_SE_50,FairFace,AGE,race,512,6b9055,40,True,False,Linear,Focal,Adam,100,2.1926231e-06,0.0003428431863,0.5515981735159817,0.2522903245187667,0.10943318166162386
hpo-resnet-age-race-REBUTTAL,IR_SE_50,FairFace,AGE,race,512,6cdd93,40,False,False,Linear,CrossEntropy,Adam,100,1.28839184e-05,0.0009527994324,0.5503196347031963,0.28228038151732276,0.13942323866017992
hpo-resnet-age-race-REBUTTAL,IR_SE_50,FairFace,AGE,race,512,6cdd93,120,True,True,Linear,CrossEntropy,Adam,100,1.28839184e-05,0.0009527994324,0.522283105022831,0.24842623857571325,0.1055690957185704
hpo-resnet-age-race-REBUTTAL,IR_SE_50,FairFace,AGE,race,512,6ceff9,40,True,False,CosFace,Focal,Adam,31,0.0001592635963,0.0022679557832,0.10191780638368164,0.3075416277948055,0.16468448493766263
hpo-resnet-age-race-REBUTTAL,IR_SE_50,FairFace,AGE,race,512,6d2ba5,13,True,False,ArcFace,Focal,Adam,99,8.9515993e-06,0.0007688666136,0.01821176883885678,0.14285714285714285,0.0
hpo-resnet-age-race-REBUTTAL,IR_SE_50,FairFace,AGE,race,512,6d64a6,40,True,False,Linear,Focal,Adam,99,8.7962995e-06,0.0003647694985,0.5572435204544409,0.2739673025876689,0.13111015973052603
hpo-resnet-age-race-REBUTTAL,IR_SE_50,FairFace,AGE,race,512,6da879,40,True,False,CosFace,CrossEntropy,Adam,49,3.6978958e-06,0.0045147931669,0.1959978011930198,0.33070618956966324,0.1878490467125204
hpo-resnet-age-race-REBUTTAL,IR_SE_50,FairFace,AGE,race,512,6e8ca4,120,True,True,Linear,CrossEntropy,Adam,98,2.6532598e-06,0.0005765722383,0.5300631421350043,0.2329345946627098,0.09007745180556695
hpo-resnet-age-race-REBUTTAL,IR_SE_50,FairFace,AGE,race,512,701671,40,True,False,Linear,CrossEntropy,Adam,87,1.4318789e-06,0.0013764304143,0.5192272284650428,0.3035820820226839,0.16072493916554104
hpo-resnet-age-race-REBUTTAL,IR_SE_50,FairFace,AGE,race,512,73e8b3,120,True,True,Linear,CrossEntropy,Adam,94,1.95170496e-05,0.0043654784679,0.5280796200011421,0.2822180906303356,0.13936094777319274
hpo-resnet-age-race-REBUTTAL,IR_SE_50,FairFace,AGE,race,512,74647c,40,True,False,Linear,Focal,Adam,99,7.421037e-06,0.0001101467977,0.5610872101035353,0.26854914815820996,0.1256920053010671
hpo-resnet-age-race-REBUTTAL,IR_SE_50,FairFace,AGE,race,512,746e93,120,True,True,Linear,CrossEntropy,SGD,54,0.0909371685955,0.0001629690719,0.5364426071732132,0.20622879670312957,0.06337165384598673
hpo-resnet-age-race-REBUTTAL,IR_SE_50,FairFace,AGE,race,512,79304a,13,True,False,ArcFace,Focal,SGD,76,2.10693347e-05,0.1057856540281,0.0,0.22936501122076156,0.0865078683636187
hpo-resnet-age-race-REBUTTAL,IR_SE_50,FairFace,AGE,race,512,7df5c9,13,True,False,CosFace,Focal,Adam,100,1.52962344e-05,0.001047183063,0.07634703196347026,0.28213720969037837,0.13928006683323552
hpo-resnet-age-race-REBUTTAL,IR_SE_50,FairFace,AGE,race,512,7ea133,13,False,False,ArcFace,Focal,Adam,62,0.0002203876526,0.0053557417705,0.018185141349986944,0.14285714285714285,0.0
hpo-resnet-age-race-REBUTTAL,IR_SE_50,FairFace,AGE,race,512,7ea133,40,True,False,ArcFace,Focal,Adam,62,0.0002203876526,0.0053557417705,0.018185141343232902,0.14285714285714285,0.0
hpo-resnet-age-race-REBUTTAL,IR_SE_50,FairFace,AGE,race,512,7f055a,40,True,False,ArcFace,Focal,Adam,60,0.000102967727,0.0022399628709,0.018082191382368995,0.14285714285714285,0.0
hpo-resnet-age-race-REBUTTAL,IR_SE_50,FairFace,AGE,race,512,7f6f1a,13,True,False,Linear,CrossEntropy,Adam,87,3.0265189e-05,0.0014513465564,0.4859915581650621,0.3089823932701866,0.16612525041304377
hpo-resnet-age-race-REBUTTAL,IR_SE_50,FairFace,AGE,race,512,7f8aaa,40,True,False,Linear,Focal,Adam,99,0.0001854927117,0.002021570476,0.5210030159715046,0.3041739537053388,0.16131681084819594
hpo-resnet-age-race-REBUTTAL,IR_SE_50,FairFace,AGE,race,512,832ca1,13,True,False,CosFace,CrossEntropy,Adam,91,1.0202466e-05,0.0011195719848,0.028623686778692536,0.30429639469704955,0.1614392518399067
hpo-resnet-age-race-REBUTTAL,IR_SE_50,FairFace,AGE,race,512,857844,40,False,False,Linear,CrossEntropy,SGD,32,0.0866856031654,0.0050027770083,0.41072733918128657,0.25981364818592007,0.11695650532877722
hpo-resnet-age-race-REBUTTAL,IR_SE_50,FairFace,AGE,race,512,857844,120,True,True,Linear,CrossEntropy,SGD,32,0.0866856031654,0.0050027770083,0.5165387426900585,0.2558452948965037,0.11298815203936086
hpo-resnet-age-race-REBUTTAL,IR_SE_50,FairFace,AGE,race,512,898018,40,True,False,Linear,CrossEntropy,Adam,85,6.53501554e-05,0.0022818177227,0.5429487150632418,0.3095921031865337,0.16673496032939084
hpo-resnet-age-race-REBUTTAL,IR_SE_50,FairFace,AGE,race,512,8a338b,13,True,False,CosFace,CrossEntropy,Adam,100,6.0434069e-06,0.001033278747,0.0451141552511416,0.2805221561751443,0.13766501331800146
hpo-resnet-age-race-REBUTTAL,IR_SE_50,FairFace,AGE,race,512,8d5695,40,True,False,CosFace,Focal,Adam,100,3.44011769e-05,0.0013166072005,0.18283105022831048,0.3189877152082783,0.17613057235113544
hpo-resnet-age-race-REBUTTAL,IR_SE_50,FairFace,AGE,race,512,9552b6,13,True,False,CosFace,CrossEntropy,Adam,78,1.20614145e-05,0.0013134960638,0.05714285884584702,0.3004120109361375,0.15755486807899466
hpo-resnet-age-race-REBUTTAL,IR_SE_50,FairFace,AGE,race,512,95559e,13,True,False,ArcFace,Focal,Adam,100,3.0427871e-06,0.0009917272667,0.01817351598173511,0.14285714285714285,0.0
hpo-resnet-age-race-REBUTTAL,IR_SE_50,FairFace,AGE,race,512,9581b0,13,True,False,Linear,CrossEntropy,SGD,50,0.0359165958734,0.0007999260354,0.4751598173515982,0.3084196746142206,0.16556253175707775
hpo-resnet-age-race-REBUTTAL,IR_SE_50,FairFace,AGE,race,512,95f920,40,False,False,Linear,CrossEntropy,Adam,99,7.82503851e-05,0.0010202735457,0.5557792559225997,0.28040356234786074,0.13754641949071789
hpo-resnet-age-race-REBUTTAL,IR_SE_50,FairFace,AGE,race,512,95f920,120,True,True,Linear,CrossEntropy,Adam,99,7.82503851e-05,0.0010202735457,0.5405875297512174,0.25307973940615847,0.11022259654901562
hpo-resnet-age-race-REBUTTAL,IR_SE_50,FairFace,AGE,race,512,962f46,13,False,False,Linear,CrossEntropy,Adam,87,1.79554388e-05,0.0013829210549,0.5136421709736502,0.30311149816731936,0.1602543553101765
hpo-resnet-age-race-REBUTTAL,IR_SE_50,FairFace,AGE,race,512,962f46,40,True,False,Linear,CrossEntropy,Adam,87,1.79554388e-05,0.0013829210549,0.5517304318345437,0.29077229407212635,0.1479151512149835
hpo-resnet-age-race-REBUTTAL,IR_SE_50,FairFace,AGE,race,512,969d48,40,True,False,Linear,CrossEntropy,Adam,84,6.67454389e-05,0.0011664827037,0.5482600690401518,0.28991302147857273,0.14705587862142988
hpo-resnet-age-race-REBUTTAL,IR_SE_50,FairFace,AGE,race,512,9b0065,13,False,False,Linear,CrossEntropy,SGD,31,0.0986813387889,0.0001890897475,0.47762555848082444,0.29583524173431425,0.1529780988771714
hpo-resnet-age-race-REBUTTAL,IR_SE_50,FairFace,AGE,race,512,9b0065,40,True,False,Linear,CrossEntropy,SGD,31,0.0986813387889,0.0001890897475,0.5389954191495294,0.27088729532003475,0.1280301524628919
hpo-resnet-age-race-REBUTTAL,IR_SE_50,FairFace,AGE,race,512,a16caf,40,True,False,Linear,CrossEntropy,Adam,87,4.35577437e-05,0.0014776815031,0.5522797823327733,0.29770490060243343,0.15484775774529058
hpo-resnet-age-race-REBUTTAL,IR_SE_50,FairFace,AGE,race,512,a21f76,40,True,False,Linear,CrossEntropy,Adam,99,6.95147906e-05,0.0047449890258,0.5261279332798158,0.3267801959492366,0.18392305309209372
hpo-resnet-age-race-REBUTTAL,IR_SE_50,FairFace,AGE,race,512,a23abf,13,True,False,CosFace,CrossEntropy,SGD,91,0.0019876598277,0.0992383074541,0.003566529662520801,0.27578806588287674,0.1329309230257339
hpo-resnet-age-race-REBUTTAL,IR_SE_50,FairFace,AGE,race,512,a2e328,13,False,False,Linear,CrossEntropy,Adam,87,9.0164295e-06,0.0014538302122,0.50833178835591,0.3012653319012557,0.15840818904411286
hpo-resnet-age-race-REBUTTAL,IR_SE_50,FairFace,AGE,race,512,a2e328,40,False,False,Linear,CrossEntropy,Adam,87,9.0164295e-06,0.0014538302122,0.5430323908648154,0.28457879288290977,0.14172165002576692
hpo-resnet-age-race-REBUTTAL,IR_SE_50,FairFace,AGE,race,512,a2e328,120,True,True,Linear,CrossEntropy,Adam,87,9.0164295e-06,0.0014538302122,0.5182200879374826,0.2536393183491752,0.11078217549203234
hpo-resnet-age-race-REBUTTAL,IR_SE_50,FairFace,AGE,race,512,a72d37,13,True,False,ArcFace,Focal,Adam,100,4.01367273e-05,0.0012744190083,0.01817351598173511,0.14285714285714285,0.0
hpo-resnet-age-race-REBUTTAL,IR_SE_50,FairFace,AGE,race,512,a919cb,13,True,False,ArcFace,CrossEntropy,Adam,92,1.02897008e-05,0.0012433209616,0.018176835605076436,0.14285714285714285,0.0
hpo-resnet-age-race-REBUTTAL,IR_SE_50,FairFace,AGE,race,512,a9442f,13,True,False,CosFace,CrossEntropy,Adam,90,1.03999625e-05,0.0011860537955,0.08596250973611208,0.3216803210324902,0.17882317817534737
hpo-resnet-age-race-REBUTTAL,IR_SE_50,FairFace,AGE,race,512,adc25c,13,False,False,Linear,Focal,Adam,50,5.27168976e-05,0.0027223728601,0.4785388127853881,0.3361323303165412,0.19327518745939837
hpo-resnet-age-race-REBUTTAL,IR_SE_50,FairFace,AGE,race,512,adc25c,40,True,False,Linear,Focal,Adam,50,5.27168976e-05,0.0027223728601,0.5314155251141552,0.3043441941802403,0.16148705132309743
hpo-resnet-age-race-REBUTTAL,IR_SE_50,FairFace,AGE,race,512,af6cfd,40,True,False,Linear,CrossEntropy,Adam,87,1.6689497e-06,0.0013611977905,0.5269181257533276,0.31792048199358663,0.17506333913644379
hpo-resnet-age-race-REBUTTAL,IR_SE_50,FairFace,AGE,race,512,afd2c2,40,True,False,Linear,Focal,Adam,87,3.8970133e-06,0.0014329664791,0.5401940820348544,0.28610178416003834,0.1432446413028955
hpo-resnet-age-race-REBUTTAL,IR_SE_50,FairFace,AGE,race,512,b1da62,40,True,False,Linear,CrossEntropy,Adam,99,1.97877857e-05,0.0019360041992,0.5590738491520219,0.30499919167249817,0.16214204881535532
hpo-resnet-age-race-REBUTTAL,IR_SE_50,FairFace,AGE,race,512,b37077,13,True,False,CosFace,Focal,Adam,98,9.0481733e-06,0.0006306495809,0.041365424699312925,0.29012678935737607,0.14726964650023322
hpo-resnet-age-race-REBUTTAL,IR_SE_50,FairFace,AGE,race,512,b5cbec,120,True,True,ArcFace,CrossEntropy,Adam,93,1.0181889e-05,0.0011330200662,0.018176835605076436,0.14285714285714285,0.0
hpo-resnet-age-race-REBUTTAL,IR_SE_50,FairFace,AGE,race,512,b693a1,120,True,True,Linear,CrossEntropy,Adam,98,6.6737352e-06,0.00408941355,0.5245721563843868,0.29134135765885755,0.1484842148017147
hpo-resnet-age-race-REBUTTAL,IR_SE_50,FairFace,AGE,race,512,b6b5f9,120,True,True,Linear,CrossEntropy,SGD,47,0.0799119296852,0.0029219948247,0.5446656818149471,0.23985638972630596,0.09699924686916311
hpo-resnet-age-race-REBUTTAL,IR_SE_50,FairFace,AGE,race,512,b7dacb,120,True,True,CosFace,Focal,Adam,100,6.99751548e-05,0.0010527392245,0.22794520547945207,0.3117121009939416,0.16885495813679874
hpo-resnet-age-race-REBUTTAL,IR_SE_50,FairFace,AGE,race,512,bc3c3c,40,False,False,Linear,CrossEntropy,Adam,86,6.74213862e-05,0.0017513731058,0.5517304327356534,0.2988409708344425,0.15598382797729965
hpo-resnet-age-race-REBUTTAL,IR_SE_50,FairFace,AGE,race,512,bc3c3c,120,True,True,Linear,CrossEntropy,Adam,86,6.74213862e-05,0.0017513731058,0.5469693979879063,0.27855198246459173,0.13569483960744888
hpo-resnet-age-race-REBUTTAL,IR_SE_50,FairFace,AGE,race,512,bce393,40,True,False,Linear,CrossEntropy,Adam,99,5.22488249e-05,0.001133496899,0.5543149951541371,0.28403841958100423,0.14118127672386138
hpo-resnet-age-race-REBUTTAL,IR_SE_50,FairFace,AGE,race,512,c17962,13,True,False,Linear,CrossEntropy,SGD,50,0.063671494525,0.0028260353141,0.3893150684931508,0.3365321284219055,0.19367498556476265
hpo-resnet-age-race-REBUTTAL,IR_SE_50,FairFace,AGE,race,512,c531f9,13,False,False,ArcFace,Focal,Adam,99,2.7604433e-06,0.0012075031387,0.01821176883885678,0.14285714285714285,0.0
hpo-resnet-age-race-REBUTTAL,IR_SE_50,FairFace,AGE,race,512,c531f9,40,False,False,ArcFace,Focal,Adam,99,2.7604433e-06,0.0012075031387,0.0181202524125309,0.14285714285714285,0.0
hpo-resnet-age-race-REBUTTAL,IR_SE_50,FairFace,AGE,race,512,c531f9,120,True,True,ArcFace,Focal,Adam,99,2.7604433e-06,0.0012075031387,0.018028735986204913,0.14285714285714285,0.0
hpo-resnet-age-race-REBUTTAL,IR_SE_50,FairFace,AGE,race,512,c85e29,13,True,False,Linear,CrossEntropy,Adam,99,0.0017427036879,0.0001593449906,0.4868673885670478,0.278903662919355,0.13604652006221213
hpo-resnet-age-race-REBUTTAL,IR_SE_50,FairFace,AGE,race,512,c8c510,40,True,False,Linear,CrossEntropy,Adam,97,0.005799091062,0.00133915461,0.4623537849125109,0.30880181617970254,0.1659446733225597
hpo-resnet-age-race-REBUTTAL,IR_SE_50,FairFace,AGE,race,512,cdf607,40,True,False,Linear,CrossEntropy,Adam,87,2.2421646e-06,0.0013652391799,0.5363486362066794,0.33322630819749405,0.1903691653403512
hpo-resnet-age-race-REBUTTAL,IR_SE_50,FairFace,AGE,race,512,d021eb,40,True,False,Linear,CrossEntropy,Adam,94,6.1198517e-06,0.0013309723299,0.5365719954854941,0.3105669464533532,0.16770980359621035
hpo-resnet-age-race-REBUTTAL,IR_SE_50,FairFace,AGE,race,512,d079b9,13,True,False,ArcFace,Focal,Adam,100,4.2923425e-06,0.0003090840299,0.01817351598173511,0.14285714285714285,0.0
hpo-resnet-age-race-REBUTTAL,IR_SE_50,FairFace,AGE,race,512,d3a8ff,13,True,False,Linear,Focal,Adam,97,9.7299228e-06,0.0015877581119,0.4801717666994061,0.313063159564601,0.17020601670745816
hpo-resnet-age-race-REBUTTAL,IR_SE_50,FairFace,AGE,race,512,d5856c,120,True,True,Linear,CrossEntropy,Adam,85,6.76488653e-05,6.43907931e-05,0.5417582379121046,0.28641988520551065,0.1435627423483678
hpo-resnet-age-race-REBUTTAL,IR_SE_50,FairFace,AGE,race,512,d5dfd5,13,True,False,CosFace,Focal,SGD,91,6.80464663e-05,0.0655050904225,0.08239598015208305,0.3344397116732946,0.19158256881615177
hpo-resnet-age-race-REBUTTAL,IR_SE_50,FairFace,AGE,race,512,d6667b,13,False,False,Linear,CrossEntropy,Adam,100,1.17774983e-05,0.0012754308063,0.5010958904109589,0.3115279942774086,0.16867085142026578
hpo-resnet-age-race-REBUTTAL,IR_SE_50,FairFace,AGE,race,512,d6667b,40,True,False,Linear,CrossEntropy,Adam,100,1.17774983e-05,0.0012754308063,0.5525114155251142,0.2882116210800319,0.14535447822288905
hpo-resnet-age-race-REBUTTAL,IR_SE_50,FairFace,AGE,race,512,d80136,120,True,True,Linear,Focal,Adam,96,7.5058662e-06,0.0022911145806,0.5214729329159385,0.24915955067130344,0.10630240781416059
hpo-resnet-age-race-REBUTTAL,IR_SE_50,FairFace,AGE,race,512,d8a70b,13,False,False,ArcFace,CrossEntropy,SGD,91,6.80887479e-05,0.0651500895088,0.01819844622670863,0.14285714285714285,0.0
hpo-resnet-age-race-REBUTTAL,IR_SE_50,FairFace,AGE,race,512,d8a70b,40,True,False,ArcFace,CrossEntropy,SGD,91,6.80887479e-05,0.0651500895088,0.01819844622670863,0.14285714285714285,0.0
hpo-resnet-age-race-REBUTTAL,IR_SE_50,FairFace,AGE,race,512,d8d77b,13,True,False,CosFace,Focal,Adam,100,2.9516961e-06,0.001065441478,0.07168949771689492,0.3102111519522894,0.16735400909514653
hpo-resnet-age-race-REBUTTAL,IR_SE_50,FairFace,AGE,race,512,dab530,120,True,True,Linear,CrossEntropy,Adam,97,1.52978174e-05,0.008255975547,0.5344480785570647,0.285539898771354,0.14268275591421115
hpo-resnet-age-race-REBUTTAL,IR_SE_50,FairFace,AGE,race,512,db0670,13,False,False,Linear,CrossEntropy,Adam,97,6.93757513e-05,0.002527739156,0.4785270305265461,0.33774460988468336,0.1948874670275405
hpo-resnet-age-race-REBUTTAL,IR_SE_50,FairFace,AGE,race,512,db0670,40,False,False,Linear,CrossEntropy,Adam,97,6.93757513e-05,0.002527739156,0.5387426700090107,0.3136463439339924,0.17078920107684953
hpo-resnet-age-race-REBUTTAL,IR_SE_50,FairFace,AGE,race,512,db0670,120,True,True,Linear,CrossEntropy,Adam,97,6.93757513e-05,0.002527739156,0.5381030492615282,0.2716823609539943,0.12882521809685143
hpo-resnet-age-race-REBUTTAL,IR_SE_50,FairFace,AGE,race,512,dc46dd,13,True,False,Linear,Focal,SGD,97,7.9833741e-06,0.1,0.5027412106698019,0.3758085754443417,0.23295143258719886
hpo-resnet-age-race-REBUTTAL,IR_SE_50,FairFace,AGE,race,512,dc9336,120,True,True,Linear,Focal,Adam,95,0.0001320581197,0.0010543497153,0.533832520087901,0.25197240966408657,0.10911526680694372
hpo-resnet-age-race-REBUTTAL,IR_SE_50,FairFace,AGE,race,512,dd692a,40,True,False,Linear,CrossEntropy,Adam,97,0.0337787335883,0.0004275470917,0.4489217672013399,0.3021320198214642,0.15927487696432135
hpo-resnet-age-race-REBUTTAL,IR_SE_50,FairFace,AGE,race,512,de5a62,40,True,False,Linear,Focal,Adam,31,1.95327614e-05,1.08528732e-05,0.5474885694033479,0.36000236977076605,0.2171452269136232
hpo-resnet-age-race-REBUTTAL,IR_SE_50,FairFace,AGE,race,512,df29fa,40,True,False,ArcFace,Focal,Adam,80,0.0001259937822,0.0024572186503,0.01822344322344327,0.14285714285714285,0.0
hpo-resnet-age-race-REBUTTAL,IR_SE_50,FairFace,AGE,race,512,e30f4f,40,True,False,Linear,CrossEntropy,Adam,87,4.38377121e-05,0.0013815043518,0.545046674773449,0.29628238044626753,0.15342523758912469
hpo-resnet-age-race-REBUTTAL,IR_SE_50,FairFace,AGE,race,512,e3a1f3,40,True,False,Linear,CrossEntropy,SGD,38,0.0633817775016,0.0001038620668,0.5578399040632778,0.28601330802716535,0.1431561651700225
hpo-resnet-age-race-REBUTTAL,IR_SE_50,FairFace,AGE,race,512,e8ee31,120,True,True,Linear,CrossEntropy,Adam,95,1.02902268e-05,0.0012653035508,0.5260706717364266,0.256222380124128,0.11336523726698516
hpo-resnet-age-race-REBUTTAL,IR_SE_50,FairFace,AGE,race,512,e94676,13,True,False,Linear,CrossEntropy,Adam,91,1.01679345e-05,0.0012461278119,0.48038411026628913,0.30377177681210565,0.1609146339549628
hpo-resnet-age-race-REBUTTAL,IR_SE_50,FairFace,AGE,race,512,eb8656,40,True,False,CosFace,Focal,Adam,83,6.9218291e-06,0.0018594068951,0.1541061509593149,0.3437825009972399,0.20092535814009704
hpo-resnet-age-race-REBUTTAL,IR_SE_50,FairFace,AGE,race,512,ec55aa,40,True,False,Linear,CrossEntropy,Adam,97,0.0158457100608,0.0010575272598,0.4000365367688631,0.310209564833115,0.16735242197597217
hpo-resnet-age-race-REBUTTAL,IR_SE_50,FairFace,AGE,race,512,ecddc8,40,True,False,Linear,Focal,Adam,97,2.2175197e-06,0.0022114618555,0.5413925219418709,0.30712064826464897,0.16426350540750612
hpo-resnet-age-race-REBUTTAL,IR_SE_50,FairFace,AGE,race,512,f0cb1c,13,False,False,ArcFace,Focal,SGD,77,0.0151493436634,0.0519419345275,0.018092105090618094,0.14285714285714285,0.0
hpo-resnet-age-race-REBUTTAL,IR_SE_50,FairFace,AGE,race,512,f0cb1c,40,False,False,ArcFace,Focal,SGD,77,0.0151493436634,0.0519419345275,0.018000730822483657,0.14285714285714285,0.0
hpo-resnet-age-race-REBUTTAL,IR_SE_50,FairFace,AGE,race,512,f0cb1c,120,True,True,ArcFace,Focal,SGD,77,0.0151493436634,0.0519419345275,0.01818347935875253,0.14285714285714285,0.0
hpo-resnet-age-race-REBUTTAL,IR_SE_50,FairFace,AGE,race,512,f28ba8,40,False,False,Linear,Focal,Adam,99,3.31092616e-05,0.0010572976667,0.5499222044666786,0.2705158809232791,0.12765873806613626
hpo-resnet-age-race-REBUTTAL,IR_SE_50,FairFace,AGE,race,512,f28ba8,120,True,True,Linear,Focal,Adam,99,3.31092616e-05,0.0010572976667,0.5143223152673833,0.23202009830037884,0.08916295544323599
hpo-resnet-age-race-REBUTTAL,IR_SE_50,FairFace,AGE,race,512,f4bd50,13,True,False,Linear,Focal,Adam,48,1.047596e-06,0.0021677240041,0.510782146579341,0.37481219012063943,0.23195504726349658
hpo-resnet-age-race-REBUTTAL,IR_SE_50,FairFace,AGE,race,512,f679bd,40,True,False,Linear,CrossEntropy,Adam,87,9.631978e-06,0.0014932769112,0.5480680974825161,0.2915170064426473,0.14865986358550443
hpo-resnet-age-race-REBUTTAL,IR_SE_50,FairFace,AGE,race,512,f6f715,13,False,False,Linear,Focal,Adam,67,1.3991094e-06,0.0020871033936,0.5106655633701659,0.34449951717638444,0.2016423743192416
hpo-resnet-age-race-REBUTTAL,IR_SE_50,FairFace,AGE,race,512,f6f715,40,False,False,Linear,Focal,Adam,67,1.3991094e-06,0.0020871033936,0.5458207408178969,0.3367110167642328,0.19385387390708997
hpo-resnet-age-race-REBUTTAL,IR_SE_50,FairFace,AGE,race,512,f6f715,120,True,True,Linear,Focal,Adam,67,1.3991094e-06,0.0020871033936,0.5149684119440638,0.2815800551972421,0.13872291234009926
hpo-resnet-age-race-REBUTTAL,IR_SE_50,FairFace,AGE,race,512,f7bcaf,40,True,False,Linear,Focal,Adam,95,2.27827458e-05,0.0020900882756,0.5547438507734962,0.302273412602696,0.15941626974555317
hpo-resnet-age-race-REBUTTAL,IR_SE_50,FairFace,AGE,race,512,ff63c1,13,True,False,Linear,Focal,Adam,100,4.2573786e-06,0.0011231191634,0.5087671232876713,0.2828861047220608,0.14002896186491798
hpo-baseline-celeba-eyeglasses-male,Baseline,CelebA,Eyeglasses,Male,4608,010bc6,13,False,False,ArcFace,Focal,Adam,74,9.20288469e-05,0.0074381593279,0.9689895352320884,0.7126262115336216,0.2126262115336216
hpo-baseline-celeba-eyeglasses-male,Baseline,CelebA,Eyeglasses,Male,4608,010bc6,40,True,False,ArcFace,Focal,Adam,74,9.20288469e-05,0.0074381593279,0.9305163609803613,0.5,0.0
hpo-baseline-celeba-eyeglasses-male,Baseline,CelebA,Eyeglasses,Male,4608,02a1db,40,True,False,CosFace,Focal,Adam,89,8.80872227e-05,0.001762919243,0.9894678460097894,0.7658822904950668,0.26588229049506684
hpo-baseline-celeba-eyeglasses-male,Baseline,CelebA,Eyeglasses,Male,4608,06633e,40,False,False,CosFace,Focal,Adam,90,8.89528837e-05,0.0019706898181,0.9897707975910904,0.7507088486870133,0.25070884868701326
hpo-baseline-celeba-eyeglasses-male,Baseline,CelebA,Eyeglasses,Male,4608,06633e,120,True,True,CosFace,Focal,Adam,90,8.89528837e-05,0.0019706898181,0.9913329047032223,0.7445826113184779,0.24458261131847792
hpo-baseline-celeba-eyeglasses-male,Baseline,CelebA,Eyeglasses,Male,4608,06942d,40,True,False,Baseline,CrossEntropy,SGD,55,5.2773508e-05,0.1,0.8754345965742254,0.7171745087392165,0.2171745087392165
hpo-baseline-celeba-eyeglasses-male,Baseline,CelebA,Eyeglasses,Male,4608,08d1b9,40,True,False,Baseline,Focal,Adam,73,9.20288469e-05,0.0084614372229,0.9303286740394772,0.5,0.0
hpo-baseline-celeba-eyeglasses-male,Baseline,CelebA,Eyeglasses,Male,4608,0d3d5e,40,True,False,ArcFace,Focal,Adam,69,8.84851528e-05,0.0056900361082,0.930449213785668,0.5,0.0
hpo-baseline-celeba-eyeglasses-male,Baseline,CelebA,Eyeglasses,Male,4608,10cd8c,40,False,False,CosFace,Focal,Adam,65,0.0388095938109,0.0088546691209,0.9304939516129032,0.5,0.0
hpo-baseline-celeba-eyeglasses-male,Baseline,CelebA,Eyeglasses,Male,4608,10cd8c,120,True,True,CosFace,Focal,Adam,65,0.0388095938109,0.0088546691209,0.9798387096774194,0.7218399335475859,0.2218399335475859
hpo-baseline-celeba-eyeglasses-male,Baseline,CelebA,Eyeglasses,Male,4608,139d97,13,True,False,Baseline,CrossEntropy,SGD,36,2.0235465e-06,0.0003824868545,0.9916893295882943,0.924857267023431,0.42485726702343096
hpo-baseline-celeba-eyeglasses-male,Baseline,CelebA,Eyeglasses,Male,4608,19de00,40,True,False,CosFace,CrossEntropy,Adam,65,1.7014946e-06,0.0090053307666,0.9895665322580645,0.7608746903877809,0.2608746903877809
hpo-baseline-celeba-eyeglasses-male,Baseline,CelebA,Eyeglasses,Male,4608,1b6f8c,13,True,False,CosFace,Focal,Adam,47,8.92582702e-05,0.0080307247801,0.978638725236559,0.7390033269524309,0.23900332695243087
hpo-baseline-celeba-eyeglasses-male,Baseline,CelebA,Eyeglasses,Male,4608,225ed7,13,False,False,CosFace,Focal,Adam,63,0.0003088762592,0.0090405007247,0.9670866861343385,0.6285583707701234,0.12855837077012344
hpo-baseline-celeba-eyeglasses-male,Baseline,CelebA,Eyeglasses,Male,4608,225ed7,40,True,False,CosFace,Focal,Adam,63,0.0003088762592,0.0090405007247,0.9853830611705781,0.6579040556172118,0.15790405561721177
hpo-baseline-celeba-eyeglasses-male,Baseline,CelebA,Eyeglasses,Male,4608,22ae96,40,True,False,CosFace,Focal,Adam,31,1.95327614e-05,1.08528732e-05,0.98741187455791,0.8493421558372366,0.3493421558372366
hpo-baseline-celeba-eyeglasses-male,Baseline,CelebA,Eyeglasses,Male,4608,24f7bd,13,True,False,CosFace,CrossEntropy,Adam,43,8.82995397e-05,0.0007357290591,0.9775999282933693,0.7215535059097288,0.22155350590972878
hpo-baseline-celeba-eyeglasses-male,Baseline,CelebA,Eyeglasses,Male,4608,2a397c,40,True,False,ArcFace,Focal,Adam,69,5.05921722e-05,0.0072833002362,0.9303484885333336,0.5,0.0
hpo-baseline-celeba-eyeglasses-male,Baseline,CelebA,Eyeglasses,Male,4608,31234e,40,True,False,CosFace,CrossEntropy,Adam,46,8.31240077e-05,0.0096737500079,0.9835760012700687,0.7532800599378292,0.2532800599378292
hpo-baseline-celeba-eyeglasses-male,Baseline,CelebA,Eyeglasses,Male,4608,33d860,120,True,True,Baseline,Focal,Adam,58,8.92582702e-05,0.0057892173734,0.9303800513274478,0.5,0.0
hpo-baseline-celeba-eyeglasses-male,Baseline,CelebA,Eyeglasses,Male,4608,37d092,40,False,False,ArcFace,Focal,Adam,38,9.18273394e-05,0.0072630663499,0.9303953593860973,0.5,0.0
hpo-baseline-celeba-eyeglasses-male,Baseline,CelebA,Eyeglasses,Male,4608,37d092,120,True,True,ArcFace,Focal,Adam,38,9.18273394e-05,0.0072630663499,0.9303953600431744,0.5,0.0
hpo-baseline-celeba-eyeglasses-male,Baseline,CelebA,Eyeglasses,Male,4608,383516,120,True,True,ArcFace,Focal,Adam,46,8.97997768e-05,0.0062340721478,0.9303239402903604,0.5,0.0
hpo-baseline-celeba-eyeglasses-male,Baseline,CelebA,Eyeglasses,Male,4608,4bacc1,13,True,False,Baseline,CrossEntropy,Adam,53,5.16834935e-05,0.0091164541195,0.9303765506644524,0.5,0.0
hpo-baseline-celeba-eyeglasses-male,Baseline,CelebA,Eyeglasses,Male,4608,4df3a6,40,True,False,CosFace,CrossEntropy,Adam,63,8.8326688e-05,0.0022258731656,0.987247980952263,0.7445207235906506,0.24452072359065058
hpo-baseline-celeba-eyeglasses-male,Baseline,CelebA,Eyeglasses,Male,4608,4ffb02,13,False,False,Baseline,CrossEntropy,SGD,37,7.0902674e-06,0.0016849499764,0.9925455804791973,0.9032276926814612,0.4032276926814612
hpo-baseline-celeba-eyeglasses-male,Baseline,CelebA,Eyeglasses,Male,4608,4ffb02,40,True,False,Baseline,CrossEntropy,SGD,37,7.0902674e-06,0.0016849499764,0.9941573468620736,0.9008571553933902,0.4008571553933902
hpo-baseline-celeba-eyeglasses-male,Baseline,CelebA,Eyeglasses,Male,4608,51ada4,13,False,False,CosFace,Focal,Adam,50,5.27168976e-05,0.0027223728601,0.9852896725440806,0.7251042987493477,0.22510429874934768
hpo-baseline-celeba-eyeglasses-male,Baseline,CelebA,Eyeglasses,Male,4608,51ada4,40,True,False,CosFace,Focal,Adam,50,5.27168976e-05,0.0027223728601,0.9875566750629723,0.7462159416196026,0.24621594161960259
hpo-baseline-celeba-eyeglasses-male,Baseline,CelebA,Eyeglasses,Male,4608,554158,40,True,False,Baseline,CrossEntropy,SGD,62,6.2739276e-05,0.0190891715849,0.9176915220022202,0.6978901445575867,0.1978901445575867
hpo-baseline-celeba-eyeglasses-male,Baseline,CelebA,Eyeglasses,Male,4608,5630c6,13,True,False,Baseline,CrossEntropy,SGD,39,3.12846233e-05,0.0206093539519,0.5664064380883029,0.692989816857301,0.192989816857301
hpo-baseline-celeba-eyeglasses-male,Baseline,CelebA,Eyeglasses,Male,4608,56f667,120,True,True,ArcFace,Focal,Adam,63,9.20288469e-05,0.0080936629532,0.9303427301645278,0.5,0.0
hpo-baseline-celeba-eyeglasses-male,Baseline,CelebA,Eyeglasses,Male,4608,5a4caa,40,True,False,CosFace,Focal,Adam,57,2.7984335e-06,0.0091236027018,0.9879105415936081,0.7535294088264957,0.25352940882649566
hpo-baseline-celeba-eyeglasses-male,Baseline,CelebA,Eyeglasses,Male,4608,5a9d12,13,False,False,CosFace,Focal,SGD,94,4.86385705e-05,0.0763010683526,0.9833114745153635,0.7877394462822502,0.28773944628225023
hpo-baseline-celeba-eyeglasses-male,Baseline,CelebA,Eyeglasses,Male,4608,5a9d12,40,False,False,CosFace,Focal,SGD,94,4.86385705e-05,0.0763010683526,0.9903196452353238,0.8260677949176662,0.32606779491766624
hpo-baseline-celeba-eyeglasses-male,Baseline,CelebA,Eyeglasses,Male,4608,5a9d12,120,True,True,CosFace,Focal,SGD,94,4.86385705e-05,0.0763010683526,0.9927397332937231,0.764430410825287,0.26443041082528695
hpo-baseline-celeba-eyeglasses-male,Baseline,CelebA,Eyeglasses,Male,4608,5bd96b,13,False,False,CosFace,Focal,Adam,62,8.89072696e-05,0.0074852437633,0.9732358812093734,0.6920752733428188,0.19207527334281882
hpo-baseline-celeba-eyeglasses-male,Baseline,CelebA,Eyeglasses,Male,4608,5bd96b,40,True,False,CosFace,Focal,Adam,62,8.89072696e-05,0.0074852437633,0.9876008036136628,0.7250946715391748,0.22509467153917484
hpo-baseline-celeba-eyeglasses-male,Baseline,CelebA,Eyeglasses,Male,4608,5c678d,13,True,False,ArcFace,CrossEntropy,SGD,33,0.0023350605905,0.0083863720107,0.9239020950846091,0.6792870428051878,0.1792870428051878
hpo-baseline-celeba-eyeglasses-male,Baseline,CelebA,Eyeglasses,Male,4608,6553ff,120,True,True,CosFace,CrossEntropy,Adam,63,2.3044163e-05,0.0088255123766,0.9917338690757751,0.757779713306448,0.257779713306448
hpo-baseline-celeba-eyeglasses-male,Baseline,CelebA,Eyeglasses,Male,4608,670e1f,40,True,False,Baseline,Focal,Adam,31,9.2088331e-05,0.0089375739548,0.930362511833629,0.5,0.0
hpo-baseline-celeba-eyeglasses-male,Baseline,CelebA,Eyeglasses,Male,4608,68a583,13,True,False,CosFace,Focal,SGD,38,1.09568226e-05,0.1007719155516,0.9845882595372543,0.8086276218111006,0.3086276218111006
hpo-baseline-celeba-eyeglasses-male,Baseline,CelebA,Eyeglasses,Male,4608,6bbfc6,40,True,False,ArcFace,Focal,Adam,62,9.16990648e-05,0.0084926373964,0.9303931336402893,0.5,0.0
hpo-baseline-celeba-eyeglasses-male,Baseline,CelebA,Eyeglasses,Male,4608,6e16ea,13,True,False,CosFace,CrossEntropy,SGD,31,0.0986813387889,0.0001890897475,0.9507552647086429,0.732786579300097,0.23278657930009705
hpo-baseline-celeba-eyeglasses-male,Baseline,CelebA,Eyeglasses,Male,4608,75d0e6,40,True,False,ArcFace,Focal,Adam,69,4.95942091e-05,0.0092195643095,0.9303988512901411,0.5,0.0
hpo-baseline-celeba-eyeglasses-male,Baseline,CelebA,Eyeglasses,Male,4608,7697bc,13,False,False,Baseline,Focal,Adam,97,0.0017412429067,0.000263526404,0.9302864979889434,0.5,0.0
hpo-baseline-celeba-eyeglasses-male,Baseline,CelebA,Eyeglasses,Male,4608,7697bc,40,True,False,Baseline,Focal,Adam,97,0.0017412429067,0.000263526404,0.9304882714592516,0.5,0.0
hpo-baseline-celeba-eyeglasses-male,Baseline,CelebA,Eyeglasses,Male,4608,79304a,13,True,False,ArcFace,Focal,SGD,76,2.10693347e-05,0.1057856540281,0.979380928273402,0.7457749397439237,0.24577493974392373
hpo-baseline-celeba-eyeglasses-male,Baseline,CelebA,Eyeglasses,Male,4608,7e11cf,13,True,False,CosFace,Focal,Adam,32,8.92606747e-05,0.0056272135656,0.9775886381950041,0.7457055699431742,0.24570556994317416
hpo-baseline-celeba-eyeglasses-male,Baseline,CelebA,Eyeglasses,Male,4608,7e7bbb,13,True,False,Baseline,CrossEntropy,Adam,51,4.96450778e-05,0.0091225086346,0.9303274559193955,0.5,0.0
hpo-baseline-celeba-eyeglasses-male,Baseline,CelebA,Eyeglasses,Male,4608,8ab01d,40,True,False,CosFace,CrossEntropy,Adam,65,4.96450778e-05,0.0087745028606,0.9852318548387096,0.7367328701619305,0.23673287016193045
hpo-baseline-celeba-eyeglasses-male,Baseline,CelebA,Eyeglasses,Male,4608,8e22f1,40,True,False,CosFace,Focal,Adam,65,0.0038377639482,0.0087861442438,0.9818044354838711,0.659562878853778,0.15956287885377796
hpo-baseline-celeba-eyeglasses-male,Baseline,CelebA,Eyeglasses,Male,4608,92788c,13,False,False,CosFace,Focal,Adam,67,1.3991094e-06,0.0020871033936,0.9903352431997509,0.7264628856746926,0.22646288567469264
hpo-baseline-celeba-eyeglasses-male,Baseline,CelebA,Eyeglasses,Male,4608,92788c,40,True,False,CosFace,Focal,Adam,67,1.3991094e-06,0.0020871033936,0.99068760412476,0.7653580894193106,0.2653580894193106
hpo-baseline-celeba-eyeglasses-male,Baseline,CelebA,Eyeglasses,Male,4608,927f4d,13,True,False,CosFace,Focal,Adam,53,8.87216577e-05,0.0065294830401,0.9834373761721307,0.739481806552103,0.23948180655210305
hpo-baseline-celeba-eyeglasses-male,Baseline,CelebA,Eyeglasses,Male,4608,95a9d9,40,True,False,CosFace,Focal,Adam,48,8.86955252e-05,0.0019958860494,0.987656174813101,0.7488254440884898,0.24882544408848983
hpo-baseline-celeba-eyeglasses-male,Baseline,CelebA,Eyeglasses,Male,4608,962472,40,True,False,Baseline,CrossEntropy,Adam,60,5.3233932e-05,0.0097891821575,0.9304128652612969,0.6420504757634621,0.14205047576346208
hpo-baseline-celeba-eyeglasses-male,Baseline,CelebA,Eyeglasses,Male,4608,99076b,13,False,False,CosFace,Focal,SGD,44,2.16497578e-05,0.0013083690547,0.9875666930746795,0.8793470247806463,0.3793470247806463
hpo-baseline-celeba-eyeglasses-male,Baseline,CelebA,Eyeglasses,Male,4608,99076b,40,False,False,CosFace,Focal,SGD,44,2.16497578e-05,0.0013083690547,0.9882210776496962,0.8647137793108912,0.3647137793108912
hpo-baseline-celeba-eyeglasses-male,Baseline,CelebA,Eyeglasses,Male,4608,99076b,120,True,True,CosFace,Focal,SGD,44,2.16497578e-05,0.0013083690547,0.9877680421746846,0.8780122623506588,0.37801226235065877
hpo-baseline-celeba-eyeglasses-male,Baseline,CelebA,Eyeglasses,Male,4608,9b1fff,40,True,False,CosFace,Focal,Adam,40,1.79497056e-05,0.0071954065691,0.9873111782477342,0.7483993545437457,0.24839935454374573
hpo-baseline-celeba-eyeglasses-male,Baseline,CelebA,Eyeglasses,Male,4608,a15abf,40,True,False,CosFace,CrossEntropy,Adam,31,4.35882055e-05,0.0090980942608,0.9831822648293302,0.756111014148144,0.25611101414814397
hpo-baseline-celeba-eyeglasses-male,Baseline,CelebA,Eyeglasses,Male,4608,a18c1c,120,True,True,CosFace,Focal,Adam,63,2.9919115e-06,0.0090154875671,0.9906249978542329,0.7242098749641985,0.22420987496419853
hpo-baseline-celeba-eyeglasses-male,Baseline,CelebA,Eyeglasses,Male,4608,a3e179,13,True,False,CosFace,CrossEntropy,SGD,71,0.0012728514405,0.001015753153,0.984026212877277,0.8102528638048629,0.31025286380486294
hpo-baseline-celeba-eyeglasses-male,Baseline,CelebA,Eyeglasses,Male,4608,a809d8,13,True,False,CosFace,Focal,Adam,35,8.85347545e-05,2.51097465e-05,0.9848912121498421,0.8089396719216726,0.3089396719216726
hpo-baseline-celeba-eyeglasses-male,Baseline,CelebA,Eyeglasses,Male,4608,b04f52,40,True,False,CosFace,Focal,Adam,64,5.30983193e-05,0.0090317584706,0.9866431451612904,0.7432505225378172,0.2432505225378172
hpo-baseline-celeba-eyeglasses-male,Baseline,CelebA,Eyeglasses,Male,4608,b72123,13,True,False,CosFace,CrossEntropy,SGD,33,1.16367936e-05,0.002232236533,0.9853948428686543,0.7680599519642628,0.2680599519642628
hpo-baseline-celeba-eyeglasses-male,Baseline,CelebA,Eyeglasses,Male,4608,b7da02,13,True,False,CosFace,CrossEntropy,Adam,97,6.93757513e-05,0.002527739156,0.959846624231223,0.740686741545014,0.24068674154501402
hpo-baseline-celeba-eyeglasses-male,Baseline,CelebA,Eyeglasses,Male,4608,c2c64e,120,True,True,ArcFace,Focal,Adam,55,0.0001179532091,0.0051107623123,0.9303098839999868,0.5,0.0
hpo-baseline-celeba-eyeglasses-male,Baseline,CelebA,Eyeglasses,Male,4608,c57e96,13,True,False,CosFace,Focal,Adam,64,6.25192323e-05,0.0090113161356,0.9701108870967743,0.7049142151323122,0.20491421513231223
hpo-baseline-celeba-eyeglasses-male,Baseline,CelebA,Eyeglasses,Male,4608,cb66ed,120,True,True,CosFace,Focal,Adam,65,8.89072696e-05,0.0069578656722,0.9899697580645161,0.7534000995385137,0.2534000995385137
hpo-baseline-celeba-eyeglasses-male,Baseline,CelebA,Eyeglasses,Male,4608,ccb708,40,True,False,ArcFace,Focal,Adam,63,6.23713667e-05,0.0090113161356,0.9764616881608963,0.7531070654997037,0.25310706549970374
hpo-baseline-celeba-eyeglasses-male,Baseline,CelebA,Eyeglasses,Male,4608,cfdc66,40,True,False,CosFace,CrossEntropy,Adam,68,8.85605649e-05,0.0080929895769,0.9859488272993532,0.7445208324019603,0.24452083240196032
hpo-baseline-celeba-eyeglasses-male,Baseline,CelebA,Eyeglasses,Male,4608,d09392,13,True,False,Baseline,Focal,SGD,36,2.08542926e-05,0.0039444872265,0.9304422073848444,0.8802406143457535,0.3802406143457535
hpo-baseline-celeba-eyeglasses-male,Baseline,CelebA,Eyeglasses,Male,4608,d52b15,120,True,True,ArcFace,Focal,Adam,36,4.92142078e-05,0.0065363571802,0.9762264458525753,0.7330284564788233,0.2330284564788233
hpo-baseline-celeba-eyeglasses-male,Baseline,CelebA,Eyeglasses,Male,4608,ddc600,40,False,False,ArcFace,Focal,Adam,62,4.96450778e-05,0.0084343968041,0.9304939408302307,0.5,0.0
hpo-baseline-celeba-eyeglasses-male,Baseline,CelebA,Eyeglasses,Male,4608,ddc600,120,True,True,ArcFace,Focal,Adam,62,4.96450778e-05,0.0084343968041,0.9305443438291551,0.5,0.0
hpo-baseline-celeba-eyeglasses-male,Baseline,CelebA,Eyeglasses,Male,4608,e06a15,40,True,False,CosFace,Focal,Adam,57,2.00286267e-05,0.0077593058976,0.9880616599918253,0.7113147295424427,0.21131472954244268
hpo-baseline-celeba-eyeglasses-male,Baseline,CelebA,Eyeglasses,Male,4608,e0a694,13,True,False,CosFace,Focal,Adam,65,0.0002216753089,0.0090236847648,0.9835181451612904,0.6838609832094615,0.18386098320946154
hpo-baseline-celeba-eyeglasses-male,Baseline,CelebA,Eyeglasses,Male,4608,e2bf1f,120,True,True,Baseline,Focal,SGD,94,0.0001553247098,0.0001406157744,0.9304225068295736,0.8754448957661229,0.37544489576612294
hpo-baseline-celeba-eyeglasses-male,Baseline,CelebA,Eyeglasses,Male,4608,e452db,13,True,False,CosFace,Focal,Adam,64,7.3802478e-06,0.0087842496227,0.9862399193548387,0.7391982494602285,0.2391982494602285
hpo-baseline-celeba-eyeglasses-male,Baseline,CelebA,Eyeglasses,Male,4608,ecc527,40,True,False,Baseline,CrossEntropy,Adam,40,5.26181258e-05,0.0098819032388,0.9304128902316213,0.5,0.0
hpo-baseline-celeba-eyeglasses-male,Baseline,CelebA,Eyeglasses,Male,4608,f0cb1c,13,False,False,ArcFace,Focal,SGD,77,0.0151493436634,0.0519419345275,0.9303286902475175,0.5,0.0
hpo-baseline-celeba-eyeglasses-male,Baseline,CelebA,Eyeglasses,Male,4608,f0cb1c,40,True,False,ArcFace,Focal,SGD,77,0.0151493436634,0.0519419345275,0.9302782795347017,0.5,0.0
hpo-baseline-celeba-eyeglasses-male,Baseline,CelebA,Eyeglasses,Male,4608,f32b04,40,True,False,CosFace,Focal,Adam,64,9.18949523e-05,0.0059640687963,0.9886592741935484,0.6947138077054615,0.19471380770546154
hpo-baseline-celeba-eyeglasses-male,Baseline,CelebA,Eyeglasses,Male,4608,f70b4f,13,False,False,Baseline,CrossEntropy,SGD,91,0.0019876598277,0.0992383074541,0.9303603319786573,0.5,0.0
hpo-baseline-celeba-eyeglasses-male,Baseline,CelebA,Eyeglasses,Male,4608,f70b4f,40,True,False,Baseline,CrossEntropy,SGD,91,0.0019876598277,0.0992383074541,0.9304107212750009,0.5,0.0
hpo-baseline-celeba-eyeglasses-male,Baseline,CelebA,Eyeglasses,Male,4608,f7cdd4,13,True,False,CosFace,CrossEntropy,Adam,63,0.00046742099,0.0088505810554,0.9685483802556992,0.7102401556801753,0.2102401556801753
hpo-baseline-celeba-eyeglasses-male,Baseline,CelebA,Eyeglasses,Male,4608,f923dd,13,False,False,CosFace,Focal,Adam,65,0.0243068902886,0.0088622282064,0.9303427419354838,0.5,0.0
hpo-baseline-celeba-eyeglasses-male,Baseline,CelebA,Eyeglasses,Male,4608,f923dd,40,True,False,CosFace,Focal,Adam,65,0.0243068902886,0.0088622282064,0.9621975806451613,0.7065876242658837,0.20658762426588373
hpo-baseline-celeba-eyeglasses-male,Baseline,CelebA,Eyeglasses,Male,4608,fce928,40,True,False,Baseline,Focal,Adam,57,4.95942091e-05,0.0092195643095,0.9303848417252512,0.5,0.0
hpo-baseline-celeba-grey-hair-male,Baseline,CelebA,Gray_Hair,Male,4608,010bc6,13,True,False,ArcFace,Focal,Adam,74,9.20288469e-05,0.0074381593279,0.8921944537091611,0.717355472310413,0.21735547231041297
hpo-baseline-celeba-grey-hair-male,Baseline,CelebA,Gray_Hair,Male,4608,066d40,40,True,False,CosFace,CrossEntropy,SGD,40,0.0020030612112,0.1519800918592,0.0,0.5,0.0
hpo-baseline-celeba-grey-hair-male,Baseline,CelebA,Gray_Hair,Male,4608,06eef7,120,True,True,Baseline,CrossEntropy,Adam,97,0.0037262650163,0.0001323934153,0.9575262059541937,0.737907850955698,0.237907850955698
hpo-baseline-celeba-grey-hair-male,Baseline,CelebA,Gray_Hair,Male,4608,0c4d43,13,True,False,Baseline,CrossEntropy,SGD,36,0.0023198631968,0.2128424436015,0.9512944347557973,0.5,0.0
hpo-baseline-celeba-grey-hair-male,Baseline,CelebA,Gray_Hair,Male,4608,0de239,40,True,False,Baseline,Focal,Adam,94,0.0174866540606,0.0010472975149,0.9512957517795653,0.5,0.0
hpo-baseline-celeba-grey-hair-male,Baseline,CelebA,Gray_Hair,Male,4608,173a66,13,True,False,ArcFace,Focal,SGD,74,0.0726538784426,0.2461836441157,0.9512404427599551,0.6850412387610094,0.18504123876100942
hpo-baseline-celeba-grey-hair-male,Baseline,CelebA,Gray_Hair,Male,4608,1798e3,40,True,False,CosFace,CrossEntropy,SGD,70,0.0020521722454,0.1695681510836,0.0,0.5,0.0
hpo-baseline-celeba-grey-hair-male,Baseline,CelebA,Gray_Hair,Male,4608,1e7b2e,40,True,False,CosFace,Focal,Adam,84,0.076084231512,0.0011976669496,0.944528343087775,0.7432535329840553,0.24325353298405528
hpo-baseline-celeba-grey-hair-male,Baseline,CelebA,Gray_Hair,Male,4608,22ae96,40,True,False,CosFace,Focal,Adam,31,1.95327614e-05,1.08528732e-05,0.9561933319230094,0.901183563415366,0.401183563415366
hpo-baseline-celeba-grey-hair-male,Baseline,CelebA,Gray_Hair,Male,4608,2668b6,40,True,False,CosFace,CrossEntropy,SGD,82,0.0024465369369,0.0923266227072,0.0,0.5,0.0
hpo-baseline-celeba-grey-hair-male,Baseline,CelebA,Gray_Hair,Male,4608,2710d8,40,True,False,Baseline,CrossEntropy,SGD,31,0.0004564492972,0.0964281918129,0.951309140772978,0.5,0.0
hpo-baseline-celeba-grey-hair-male,Baseline,CelebA,Gray_Hair,Male,4608,299c88,40,True,False,Baseline,CrossEntropy,Adam,95,0.0585467661648,0.0014148354338,0.9513461692412318,0.5,0.0
hpo-baseline-celeba-grey-hair-male,Baseline,CelebA,Gray_Hair,Male,4608,2dc1b0,120,True,True,Baseline,CrossEntropy,SGD,36,0.0022777715696,0.3475753100215,0.9512944346174583,0.5,0.0
hpo-baseline-celeba-grey-hair-male,Baseline,CelebA,Gray_Hair,Male,4608,304ab7,120,True,True,Baseline,CrossEntropy,Adam,98,1.21291642e-05,0.0005507061054,0.8996220537350501,0.7581879888853289,0.2581879888853289
hpo-baseline-celeba-grey-hair-male,Baseline,CelebA,Gray_Hair,Male,4608,373993,13,False,False,Baseline,CrossEntropy,SGD,60,0.0019251812764,0.3161092414142,0.9513594933362886,0.5,0.0
hpo-baseline-celeba-grey-hair-male,Baseline,CelebA,Gray_Hair,Male,4608,373993,40,True,False,Baseline,CrossEntropy,SGD,60,0.0019251812764,0.3161092414142,0.9513091412915924,0.5,0.0
hpo-baseline-celeba-grey-hair-male,Baseline,CelebA,Gray_Hair,Male,4608,3b3d19,40,True,False,ArcFace,CrossEntropy,SGD,75,0.0013641865099,0.0924242818852,0.9514421369068659,0.5,0.0
hpo-baseline-celeba-grey-hair-male,Baseline,CelebA,Gray_Hair,Male,4608,3e1fd9,13,False,False,Baseline,Focal,Adam,99,0.0451164554837,0.0013097195902,0.9512723413161289,0.5,0.0
hpo-baseline-celeba-grey-hair-male,Baseline,CelebA,Gray_Hair,Male,4608,3e1fd9,40,False,False,Baseline,Focal,Adam,99,0.0451164554837,0.0013097195902,0.9512723413161289,0.5,0.0
hpo-baseline-celeba-grey-hair-male,Baseline,CelebA,Gray_Hair,Male,4608,3e1fd9,120,True,True,Baseline,Focal,Adam,99,0.0451164554837,0.0013097195902,0.951322732054157,0.5,0.0
hpo-baseline-celeba-grey-hair-male,Baseline,CelebA,Gray_Hair,Male,4608,408917,13,False,False,Baseline,CrossEntropy,SGD,84,0.0019811818631,0.0776658244936,0.9513238749594819,0.5,0.0
hpo-baseline-celeba-grey-hair-male,Baseline,CelebA,Gray_Hair,Male,4608,408917,40,True,False,Baseline,CrossEntropy,SGD,84,0.0019811818631,0.0776658244936,0.9513238738303962,0.5,0.0
hpo-baseline-celeba-grey-hair-male,Baseline,CelebA,Gray_Hair,Male,4608,42bb4e,40,True,False,Baseline,Focal,Adam,94,0.0471520877618,0.0014834270905,0.9513461685180664,0.5,0.0
hpo-baseline-celeba-grey-hair-male,Baseline,CelebA,Gray_Hair,Male,4608,457640,13,True,False,CosFace,CrossEntropy,Adam,96,0.021378751957,0.0013256837532,0.7459644620585961,0.7529503046727037,0.25295030467270374
hpo-baseline-celeba-grey-hair-male,Baseline,CelebA,Gray_Hair,Male,4608,47985f,40,True,False,Baseline,CrossEntropy,Adam,98,6.95051237e-05,6.09840568e-05,0.8969009676332828,0.8150826403244641,0.3150826403244641
hpo-baseline-celeba-grey-hair-male,Baseline,CelebA,Gray_Hair,Male,4608,48fe50,120,True,True,Baseline,Focal,Adam,77,0.0341819380747,0.0033386526802,0.9514014906901509,0.5,0.0
hpo-baseline-celeba-grey-hair-male,Baseline,CelebA,Gray_Hair,Male,4608,4bd193,40,True,False,CosFace,CrossEntropy,SGD,86,0.0021627351032,0.0722820953006,0.0,0.5,0.0
hpo-baseline-celeba-grey-hair-male,Baseline,CelebA,Gray_Hair,Male,4608,4dece6,120,True,True,Baseline,Focal,Adam,79,0.0131824137083,0.0035420363242,0.9512870962446471,0.5,0.0
hpo-baseline-celeba-grey-hair-male,Baseline,CelebA,Gray_Hair,Male,4608,4fd682,13,True,False,CosFace,Focal,Adam,87,0.0243334037629,0.0014034756778,0.940954362117883,0.757853523644936,0.25785352364493597
hpo-baseline-celeba-grey-hair-male,Baseline,CelebA,Gray_Hair,Male,4608,519169,120,True,True,Baseline,CrossEntropy,Adam,95,0.0021515963874,0.000147249929,0.9565392719286878,0.7496389848000133,0.24963898480001334
hpo-baseline-celeba-grey-hair-male,Baseline,CelebA,Gray_Hair,Male,4608,51ada4,13,False,False,CosFace,Focal,Adam,50,5.27168976e-05,0.0027223728601,0.9393954659949623,0.8006295345688453,0.30062953456884534
hpo-baseline-celeba-grey-hair-male,Baseline,CelebA,Gray_Hair,Male,4608,51ada4,40,True,False,CosFace,Focal,Adam,50,5.27168976e-05,0.0027223728601,0.9503274559193955,0.8591612418010937,0.35916124180109366
hpo-baseline-celeba-grey-hair-male,Baseline,CelebA,Gray_Hair,Male,4608,546a54,120,True,True,Baseline,CrossEntropy,SGD,84,0.0021599868084,0.1322187488702,0.9513238735078001,0.5,0.0
hpo-baseline-celeba-grey-hair-male,Baseline,CelebA,Gray_Hair,Male,4608,548db7,13,True,False,ArcFace,Focal,Adam,85,0.0851486057637,0.0012815940231,0.8602637660730212,0.7054295247696096,0.20542952476960963
hpo-baseline-celeba-grey-hair-male,Baseline,CelebA,Gray_Hair,Male,4608,5a9d12,13,False,False,CosFace,Focal,SGD,94,4.86385705e-05,0.0763010683526,0.9443884214066781,0.8384312882796893,0.33843128827968927
hpo-baseline-celeba-grey-hair-male,Baseline,CelebA,Gray_Hair,Male,4608,5a9d12,40,True,False,CosFace,Focal,SGD,94,4.86385705e-05,0.0763010683526,0.9635474374056993,0.8629543988795876,0.3629543988795876
hpo-baseline-celeba-grey-hair-male,Baseline,CelebA,Gray_Hair,Male,4608,5ad3a4,120,True,True,Baseline,Focal,Adam,95,0.0796782270172,0.0015053371624,0.951447005972478,0.5,0.0
hpo-baseline-celeba-grey-hair-male,Baseline,CelebA,Gray_Hair,Male,4608,5c678d,13,True,False,ArcFace,CrossEntropy,SGD,33,0.0023350605905,0.0083863720107,0.7960817888799356,0.7225050089991099,0.22250500899910985
hpo-baseline-celeba-grey-hair-male,Baseline,CelebA,Gray_Hair,Male,4608,5ccbc0,13,True,False,CosFace,Focal,Adam,91,0.0413727712092,0.00136893496,0.9252204955570282,0.7642853446233462,0.2642853446233462
hpo-baseline-celeba-grey-hair-male,Baseline,CelebA,Gray_Hair,Male,4608,5d8761,40,True,False,CosFace,CrossEntropy,Adam,88,0.0271764458708,0.0011916317805,0.8901430976681592,0.7925558597367086,0.2925558597367086
hpo-baseline-celeba-grey-hair-male,Baseline,CelebA,Gray_Hair,Male,4608,67ea57,13,True,False,Baseline,CrossEntropy,SGD,37,0.0022808908486,0.1782097420443,0.9512944347557973,0.5,0.0
hpo-baseline-celeba-grey-hair-male,Baseline,CelebA,Gray_Hair,Male,4608,69c793,40,True,False,ArcFace,Focal,Adam,88,0.0643118325517,0.0014976706453,0.9513202839785828,0.5,0.0
hpo-baseline-celeba-grey-hair-male,Baseline,CelebA,Gray_Hair,Male,4608,6a4d1a,40,True,False,Baseline,CrossEntropy,SGD,94,0.0304547838695,0.0001013558219,0.9597156331211469,0.9268756339165558,0.4268756339165558
hpo-baseline-celeba-grey-hair-male,Baseline,CelebA,Gray_Hair,Male,4608,6d5c88,13,False,False,Baseline,Focal,SGD,93,0.0002516411157,0.0920166185047,0.9728134812003222,0.8061967564239763,0.30619675642397626
hpo-baseline-celeba-grey-hair-male,Baseline,CelebA,Gray_Hair,Male,4608,6d5c88,40,True,False,Baseline,Focal,SGD,93,0.0002516411157,0.0920166185047,0.9759911259697651,0.7885390176941905,0.28853901769419055
hpo-baseline-celeba-grey-hair-male,Baseline,CelebA,Gray_Hair,Male,4608,6e16ea,13,True,False,CosFace,CrossEntropy,SGD,31,0.0986813387889,0.0001890897475,0.8398287769674895,0.8203394805091068,0.32033948050910677
hpo-baseline-celeba-grey-hair-male,Baseline,CelebA,Gray_Hair,Male,4608,7697bc,13,False,False,Baseline,Focal,Adam,97,0.0017412429067,0.000263526404,0.9514224922974519,0.5,0.0
hpo-baseline-celeba-grey-hair-male,Baseline,CelebA,Gray_Hair,Male,4608,7697bc,40,False,False,Baseline,Focal,Adam,97,0.0017412429067,0.000263526404,0.9513216069477811,0.5,0.0
hpo-baseline-celeba-grey-hair-male,Baseline,CelebA,Gray_Hair,Male,4608,7697bc,120,True,True,Baseline,Focal,Adam,97,0.0017412429067,0.000263526404,0.9512207175340259,0.5,0.0
hpo-baseline-celeba-grey-hair-male,Baseline,CelebA,Gray_Hair,Male,4608,79304a,13,True,False,ArcFace,Focal,SGD,76,2.10693347e-05,0.1057856540281,0.8996269353230794,0.8470366462605046,0.34703664626050457
hpo-baseline-celeba-grey-hair-male,Baseline,CelebA,Gray_Hair,Male,4608,7cae8d,40,True,False,Baseline,Focal,SGD,93,0.0378425020515,0.0001475094063,0.9512760962466353,0.6548947026737177,0.15489470267371774
hpo-baseline-celeba-grey-hair-male,Baseline,CelebA,Gray_Hair,Male,4608,7ec25b,40,True,False,ArcFace,CrossEntropy,SGD,63,0.000841698761,0.0976487086324,0.7704133233428001,0.6762244863126875,0.1762244863126875
hpo-baseline-celeba-grey-hair-male,Baseline,CelebA,Gray_Hair,Male,4608,846bef,40,True,False,Baseline,Focal,Adam,77,0.0406675248253,0.0044025872912,0.9513006651721239,0.5,0.0
hpo-baseline-celeba-grey-hair-male,Baseline,CelebA,Gray_Hair,Male,4608,855567,40,True,False,Baseline,Focal,SGD,95,0.0906794673775,0.0215334012253,0.9512453321484028,0.5,0.0
hpo-baseline-celeba-grey-hair-male,Baseline,CelebA,Gray_Hair,Male,4608,885ad6,40,False,False,Baseline,Focal,Adam,89,0.0322627325569,0.0012582686146,0.9513202838094166,0.5,0.0
hpo-baseline-celeba-grey-hair-male,Baseline,CelebA,Gray_Hair,Male,4608,885ad6,120,True,True,Baseline,Focal,Adam,89,0.0322627325569,0.0012582686146,0.9512698910664561,0.5,0.0
hpo-baseline-celeba-grey-hair-male,Baseline,CelebA,Gray_Hair,Male,4608,8f6856,13,True,False,Baseline,Focal,SGD,66,0.0004436142234,0.1012945866213,0.9513238555806817,0.5,0.0
hpo-baseline-celeba-grey-hair-male,Baseline,CelebA,Gray_Hair,Male,4608,91c639,13,False,False,ArcFace,CrossEntropy,SGD,62,0.0024034145425,0.1221555523237,0.9513608772754669,0.5,0.0
hpo-baseline-celeba-grey-hair-male,Baseline,CelebA,Gray_Hair,Male,4608,91c639,40,True,False,ArcFace,CrossEntropy,SGD,62,0.0024034145425,0.1221555523237,0.9512600706815719,0.5,0.0
hpo-baseline-celeba-grey-hair-male,Baseline,CelebA,Gray_Hair,Male,4608,92788c,13,True,False,CosFace,Focal,Adam,67,1.3991094e-06,0.0020871033936,0.9468438377253636,0.8407289686236059,0.3407289686236059
hpo-baseline-celeba-grey-hair-male,Baseline,CelebA,Gray_Hair,Male,4608,99076b,13,False,False,CosFace,Focal,SGD,44,2.16497578e-05,0.0013083690547,0.9516258802445624,0.8881224962906225,0.38812249629062245
hpo-baseline-celeba-grey-hair-male,Baseline,CelebA,Gray_Hair,Male,4608,99076b,40,False,False,CosFace,Focal,SGD,44,2.16497578e-05,0.0013083690547,0.9607872632809256,0.8952509376374196,0.3952509376374196
hpo-baseline-celeba-grey-hair-male,Baseline,CelebA,Gray_Hair,Male,4608,99076b,120,True,True,CosFace,Focal,SGD,44,2.16497578e-05,0.0013083690547,0.9589247839368987,0.8926314089835571,0.3926314089835571
hpo-baseline-celeba-grey-hair-male,Baseline,CelebA,Gray_Hair,Male,4608,9d7f6d,120,True,True,Baseline,Focal,Adam,79,0.0176724905618,0.0028748066337,0.9514382221094517,0.5,0.0
hpo-baseline-celeba-grey-hair-male,Baseline,CelebA,Gray_Hair,Male,4608,9da31c,40,True,False,Baseline,Focal,Adam,77,0.0788876833004,0.005927678668,0.9512502506592264,0.5,0.0
hpo-baseline-celeba-grey-hair-male,Baseline,CelebA,Gray_Hair,Male,4608,a1f0ce,40,True,False,Baseline,CrossEntropy,Adam,98,1.81924975e-05,2.42108036e-05,0.926732150796019,0.8524579366047069,0.3524579366047069
hpo-baseline-celeba-grey-hair-male,Baseline,CelebA,Gray_Hair,Male,4608,a21ba6,13,True,False,Baseline,Focal,SGD,34,0.0003229725918,0.0945506769974,0.951299341084206,0.5,0.0
hpo-baseline-celeba-grey-hair-male,Baseline,CelebA,Gray_Hair,Male,4608,a2bfa0,13,True,False,Baseline,CrossEntropy,SGD,70,0.0024009867134,0.1350961158592,0.9512723747132317,0.5,0.0
hpo-baseline-celeba-grey-hair-male,Baseline,CelebA,Gray_Hair,Male,4608,a3e179,13,True,False,CosFace,CrossEntropy,SGD,71,0.0012728514405,0.001015753153,0.8637440415370611,0.8628042651795041,0.36280426517950415
hpo-baseline-celeba-grey-hair-male,Baseline,CelebA,Gray_Hair,Male,4608,a95abf,40,True,False,Baseline,CrossEntropy,Adam,96,4.96128419e-05,0.0025214025037,0.7700262066931183,0.7202170854026395,0.2202170854026395
hpo-baseline-celeba-grey-hair-male,Baseline,CelebA,Gray_Hair,Male,4608,b7da02,13,True,False,CosFace,CrossEntropy,Adam,97,6.93757513e-05,0.002527739156,0.8332324224291934,0.821521067703827,0.32152106770382705
hpo-baseline-celeba-grey-hair-male,Baseline,CelebA,Gray_Hair,Male,4608,b89fcd,13,True,False,ArcFace,CrossEntropy,Adam,92,0.0285756574176,0.0012478008554,0.7982447117497915,0.7118542108349908,0.21185421083499079
hpo-baseline-celeba-grey-hair-male,Baseline,CelebA,Gray_Hair,Male,4608,bd4cfa,13,True,False,Baseline,Focal,SGD,84,8.1455032e-05,0.7755025472996,0.951323874152992,0.5,0.0
hpo-baseline-celeba-grey-hair-male,Baseline,CelebA,Gray_Hair,Male,4608,c3d5e7,40,True,False,ArcFace,Focal,SGD,39,0.0005563424793,0.0920617058944,0.9026945302132785,0.7224349448785738,0.22243494487857385
hpo-baseline-celeba-grey-hair-male,Baseline,CelebA,Gray_Hair,Male,4608,d3a22b,40,False,False,Baseline,CrossEntropy,SGD,88,0.0019395060279,0.248139965447,0.9513706768907094,0.5,0.0
hpo-baseline-celeba-grey-hair-male,Baseline,CelebA,Gray_Hair,Male,4608,d3a22b,120,True,True,Baseline,CrossEntropy,SGD,88,0.0019395060279,0.248139965447,0.9513202836402505,0.5,0.0
hpo-baseline-celeba-grey-hair-male,Baseline,CelebA,Gray_Hair,Male,4608,d9a4ad,40,True,False,Baseline,Focal,Adam,81,0.0350986860699,0.0008155411538,0.9512600806451613,0.5,0.0
hpo-baseline-celeba-grey-hair-male,Baseline,CelebA,Gray_Hair,Male,4608,dc8ef0,40,True,False,Baseline,CrossEntropy,SGD,93,0.026209452699,0.0006704510447,0.9453243112232181,0.761650872549603,0.26165087254960295
hpo-baseline-celeba-grey-hair-male,Baseline,CelebA,Gray_Hair,Male,4608,e2bf1f,120,True,True,Baseline,Focal,SGD,94,0.0001553247098,0.0001406157744,0.9513461688796491,0.8716889573370752,0.3716889573370752
hpo-baseline-celeba-grey-hair-male,Baseline,CelebA,Gray_Hair,Male,4608,e3be08,13,True,False,Baseline,CrossEntropy,SGD,33,0.0012839501954,0.1113551398609,0.9513497179693795,0.5,0.0
hpo-baseline-celeba-grey-hair-male,Baseline,CelebA,Gray_Hair,Male,4608,e53696,40,True,False,Baseline,CrossEntropy,Adam,96,0.003208661713,4.7807319e-05,0.9551048958619051,0.7222900859362709,0.22229008593627086
hpo-baseline-celeba-grey-hair-male,Baseline,CelebA,Gray_Hair,Male,4608,ea15a6,40,True,False,Baseline,CrossEntropy,SGD,93,0.0251395558654,0.371572426568,0.9514274108603493,0.5,0.0
hpo-baseline-celeba-grey-hair-male,Baseline,CelebA,Gray_Hair,Male,4608,f0cb1c,13,False,False,ArcFace,Focal,SGD,77,0.0151493436634,0.0519419345275,0.9513006629797691,0.5,0.0
hpo-baseline-celeba-grey-hair-male,Baseline,CelebA,Gray_Hair,Male,4608,f0cb1c,40,True,False,ArcFace,Focal,SGD,77,0.0151493436634,0.0519419345275,0.9513006645874958,0.5,0.0
hpo-baseline-celeba-grey-hair-male,Baseline,CelebA,Gray_Hair,Male,4608,f3ec35,13,True,False,CosFace,CrossEntropy,SGD,33,0.0103528420252,0.228659470758,0.9513497179693795,0.5,0.0
hpo-baseline-celeba-grey-hair-male,Baseline,CelebA,Gray_Hair,Male,4608,f70b4f,13,False,False,Baseline,CrossEntropy,SGD,91,0.0019876598277,0.0992383074541,0.9513227968799824,0.5,0.0
hpo-baseline-celeba-grey-hair-male,Baseline,CelebA,Gray_Hair,Male,4608,f70b4f,40,False,False,Baseline,CrossEntropy,SGD,91,0.0019876598277,0.0992383074541,0.9513731889443604,0.5,0.0
hpo-baseline-celeba-grey-hair-male,Baseline,CelebA,Gray_Hair,Male,4608,f70b4f,120,True,True,Baseline,CrossEntropy,SGD,91,0.0019876598277,0.0992383074541,0.9514739696130731,0.5,0.0
hpo-baseline-celeba-grey-hair-male,Baseline,CelebA,Gray_Hair,Male,4608,fa205a,13,True,False,Baseline,CrossEntropy,SGD,68,0.0024757668931,0.8023770716739,0.04870064367986704,0.5,0.0
hpo-baseline-celeba-grey-hair-male,Baseline,CelebA,Gray_Hair,Male,4608,ff0a7d,40,False,False,Baseline,CrossEntropy,Adam,96,0.0432522084579,3.2326088e-05,0.9443603465747603,0.7164685098722221,0.2164685098722221
hpo-baseline-celeba-grey-hair-male,Baseline,CelebA,Gray_Hair,Male,4608,ff0a7d,120,True,True,Baseline,CrossEntropy,Adam,96,0.0432522084579,3.2326088e-05,0.9559119982407688,0.6957906769682167,0.19579067696821673
hpo-baseline-celeba-male-eyeglasses,Baseline,CelebA,Male,Eyeglasses,4608,010bc6,13,True,False,ArcFace,Focal,Adam,74,9.20288469e-05,0.0074381593279,0.9244655330145537,0.7702904961051305,0.27029049610513045
hpo-baseline-celeba-male-eyeglasses,Baseline,CelebA,Male,Eyeglasses,4608,1a03bf,13,False,False,ArcFace,Focal,SGD,68,0.0014924554503,0.1426650000213,0.8475523488815517,0.7479521285376592,0.24795212853765924
hpo-baseline-celeba-male-eyeglasses,Baseline,CelebA,Male,Eyeglasses,4608,1a03bf,40,True,False,ArcFace,Focal,SGD,68,0.0014924554503,0.1426650000213,0.911311416756617,0.7602766763320582,0.2602766763320582
hpo-baseline-celeba-male-eyeglasses,Baseline,CelebA,Male,Eyeglasses,4608,1e5436,120,True,True,Baseline,Focal,Adam,86,0.0010313581652,0.0002270831559,0.9863082494364156,0.7302344346434422,0.23023443464344218
hpo-baseline-celeba-male-eyeglasses,Baseline,CelebA,Male,Eyeglasses,4608,22ae96,40,True,False,CosFace,Focal,Adam,31,1.95327614e-05,1.08528732e-05,0.9745216362714046,0.9100948223888461,0.4100948223888461
hpo-baseline-celeba-male-eyeglasses,Baseline,CelebA,Male,Eyeglasses,4608,2d34cb,13,True,False,Baseline,Focal,Adam,32,0.0011542521596,0.0003442111336,0.9637892828364223,0.7583560963710108,0.25835609637101076
hpo-baseline-celeba-male-eyeglasses,Baseline,CelebA,Male,Eyeglasses,4608,2eb467,13,True,False,CosFace,CrossEntropy,SGD,74,0.0018570399723,0.1266860752987,0.8709661338578409,0.767476919711531,0.267476919711531
hpo-baseline-celeba-male-eyeglasses,Baseline,CelebA,Male,Eyeglasses,4608,332651,13,True,False,ArcFace,Focal,Adam,100,0.0021162280434,0.000309445063,0.9483123425692694,0.7992203063038789,0.29922030630387886
hpo-baseline-celeba-male-eyeglasses,Baseline,CelebA,Male,Eyeglasses,4608,33c47e,40,True,False,Baseline,Focal,Adam,99,0.0008966838656,0.0001781090526,0.9851347878538532,0.7546921626771304,0.25469216267713035
hpo-baseline-celeba-male-eyeglasses,Baseline,CelebA,Male,Eyeglasses,4608,45b223,40,True,False,Baseline,Focal,Adam,84,0.0019931602953,0.0003683436526,0.9787073468456309,0.7314675270539426,0.23146752705394258
hpo-baseline-celeba-male-eyeglasses,Baseline,CelebA,Male,Eyeglasses,4608,49530e,120,True,True,Baseline,CrossEntropy,Adam,97,0.0008342372186,0.000151756476,0.9883474446959414,0.7810782161289207,0.2810782161289207
hpo-baseline-celeba-male-eyeglasses,Baseline,CelebA,Male,Eyeglasses,4608,51ada4,13,True,False,CosFace,Focal,Adam,50,5.27168976e-05,0.0027223728601,0.9515365239294711,0.7981363726193869,0.29813637261938686
hpo-baseline-celeba-male-eyeglasses,Baseline,CelebA,Male,Eyeglasses,4608,554158,40,True,False,Baseline,CrossEntropy,SGD,62,6.2739276e-05,0.0190891715849,0.9895665298700332,0.8851663426874984,0.3851663426874984
hpo-baseline-celeba-male-eyeglasses,Baseline,CelebA,Male,Eyeglasses,4608,5a9d12,13,False,False,CosFace,Focal,SGD,94,4.86385705e-05,0.0763010683526,0.9669758918726049,0.8471790223918816,0.3471790223918816
hpo-baseline-celeba-male-eyeglasses,Baseline,CelebA,Male,Eyeglasses,4608,5a9d12,40,True,False,CosFace,Focal,SGD,94,4.86385705e-05,0.0763010683526,0.9796813453204258,0.8348899354905135,0.3348899354905135
hpo-baseline-celeba-male-eyeglasses,Baseline,CelebA,Male,Eyeglasses,4608,5c678d,13,True,False,ArcFace,CrossEntropy,SGD,33,0.0023350605905,0.0083863720107,0.9273267526188558,0.7860028598731028,0.2860028598731028
hpo-baseline-celeba-male-eyeglasses,Baseline,CelebA,Male,Eyeglasses,4608,5cc45c,13,True,False,Baseline,Focal,Adam,37,0.0010610291932,0.0004820776846,0.9620731223029434,0.7607360836434254,0.2607360836434254
hpo-baseline-celeba-male-eyeglasses,Baseline,CelebA,Male,Eyeglasses,4608,5d7857,120,True,True,Baseline,Focal,Adam,98,0.0009750662966,0.0056428166825,0.9789871407968026,0.7610049057690824,0.2610049057690824
hpo-baseline-celeba-male-eyeglasses,Baseline,CelebA,Male,Eyeglasses,4608,614099,13,True,False,ArcFace,Focal,Adam,99,0.0021962013198,0.0003931954598,0.9489543765974634,0.781936983900246,0.281936983900246
hpo-baseline-celeba-male-eyeglasses,Baseline,CelebA,Male,Eyeglasses,4608,6a1049,40,False,False,Baseline,Focal,Adam,91,0.0013441948885,0.0002889289928,0.9832704147027463,0.7294031671565082,0.22940316715650821
hpo-baseline-celeba-male-eyeglasses,Baseline,CelebA,Male,Eyeglasses,4608,6a1049,120,True,True,Baseline,Focal,Adam,91,0.0013441948885,0.0002889289928,0.9856387704516214,0.7276178393053937,0.2276178393053937
hpo-baseline-celeba-male-eyeglasses,Baseline,CelebA,Male,Eyeglasses,4608,6e16ea,13,True,False,CosFace,CrossEntropy,SGD,31,0.0986813387889,0.0001890897475,0.9133433768396292,0.8149147146941336,0.31491471469413357
hpo-baseline-celeba-male-eyeglasses,Baseline,CelebA,Male,Eyeglasses,4608,74f024,40,True,False,Baseline,CrossEntropy,SGD,40,0.0040173114331,0.0645394180763,0.4256797583081571,0.5,0.0
hpo-baseline-celeba-male-eyeglasses,Baseline,CelebA,Male,Eyeglasses,4608,7697bc,13,False,False,Baseline,Focal,Adam,97,0.0017412429067,0.000263526404,0.9729620427831321,0.7422878132039857,0.24228781320398574
hpo-baseline-celeba-male-eyeglasses,Baseline,CelebA,Male,Eyeglasses,4608,7697bc,40,True,False,Baseline,Focal,Adam,97,0.0017412429067,0.000263526404,0.9818401763398767,0.7328806622224955,0.23288066222249548
hpo-baseline-celeba-male-eyeglasses,Baseline,CelebA,Male,Eyeglasses,4608,79304a,13,True,False,ArcFace,Focal,SGD,76,2.10693347e-05,0.1057856540281,0.9515527321826452,0.778088880449731,0.278088880449731
hpo-baseline-celeba-male-eyeglasses,Baseline,CelebA,Male,Eyeglasses,4608,92788c,13,True,False,CosFace,Focal,Adam,67,1.3991094e-06,0.0020871033936,0.9601832154739735,0.8112006115625121,0.3112006115625121
hpo-baseline-celeba-male-eyeglasses,Baseline,CelebA,Male,Eyeglasses,4608,92b9f7,13,False,False,ArcFace,CrossEntropy,Adam,99,0.0028068332411,0.0003500772776,0.9672461431055893,0.7879658638148364,0.28796586381483635
hpo-baseline-celeba-male-eyeglasses,Baseline,CelebA,Male,Eyeglasses,4608,92b9f7,40,True,False,ArcFace,CrossEntropy,Adam,99,0.0028068332411,0.0003500772776,0.5745023886127236,0.5,0.0
hpo-baseline-celeba-male-eyeglasses,Baseline,CelebA,Male,Eyeglasses,4608,9626dd,40,True,False,Baseline,Focal,Adam,35,0.0015868254505,0.0005953144137,0.97416397277623,0.7501086319911161,0.2501086319911161
hpo-baseline-celeba-male-eyeglasses,Baseline,CelebA,Male,Eyeglasses,4608,966e59,13,True,False,ArcFace,CrossEntropy,Adam,99,0.0024300072686,0.0003924613268,0.9627613847520616,0.7950866380225582,0.2950866380225582
hpo-baseline-celeba-male-eyeglasses,Baseline,CelebA,Male,Eyeglasses,4608,97e8ab,40,True,False,Baseline,CrossEntropy,Adam,98,0.0026982240762,0.001,0.9742000385802468,0.759597051593976,0.25959705159397595
hpo-baseline-celeba-male-eyeglasses,Baseline,CelebA,Male,Eyeglasses,4608,99076b,13,True,False,CosFace,Focal,SGD,44,2.16497578e-05,0.0013083690547,0.9679351565000887,0.8757072228186484,0.37570722281864843
hpo-baseline-celeba-male-eyeglasses,Baseline,CelebA,Male,Eyeglasses,4608,a3e179,13,False,False,CosFace,CrossEntropy,SGD,71,0.0012728514405,0.001015753153,0.9763164641365172,0.8549870494393306,0.35498704943933057
hpo-baseline-celeba-male-eyeglasses,Baseline,CelebA,Male,Eyeglasses,4608,a3e179,40,True,False,CosFace,CrossEntropy,SGD,71,0.0012728514405,0.001015753153,0.9851851955460913,0.8334434713855434,0.3334434713855434
hpo-baseline-celeba-male-eyeglasses,Baseline,CelebA,Male,Eyeglasses,4608,ad43fb,40,False,False,Baseline,Focal,Adam,100,0.0009520199733,3.76470404e-05,0.9882619647355163,0.7430327657869236,0.24303276578692357
hpo-baseline-celeba-male-eyeglasses,Baseline,CelebA,Male,Eyeglasses,4608,ad43fb,120,True,True,Baseline,Focal,Adam,100,0.0009520199733,3.76470404e-05,0.9886649874055415,0.7399811143850663,0.2399811143850663
hpo-baseline-celeba-male-eyeglasses,Baseline,CelebA,Male,Eyeglasses,4608,b26995,13,True,False,ArcFace,CrossEntropy,Adam,99,0.0025613481603,0.0004221757182,0.9611488864098067,0.787079263252125,0.28707926325212496
hpo-baseline-celeba-male-eyeglasses,Baseline,CelebA,Male,Eyeglasses,4608,b7da02,13,True,False,CosFace,CrossEntropy,Adam,97,6.93757513e-05,0.002527739156,0.9633272559879478,0.8069037410244626,0.3069037410244626
hpo-baseline-celeba-male-eyeglasses,Baseline,CelebA,Male,Eyeglasses,4608,bed1b8,40,True,False,Baseline,CrossEntropy,Adam,98,0.0042784314032,0.0004222521357,0.9806500289351853,0.7348781295362756,0.23487812953627563
hpo-baseline-celeba-male-eyeglasses,Baseline,CelebA,Male,Eyeglasses,4608,bf7d09,120,True,True,Baseline,Focal,Adam,98,0.0021627305008,0.0005236147175,0.9833711186161748,0.7349299810682253,0.23492998106822527
hpo-baseline-celeba-male-eyeglasses,Baseline,CelebA,Male,Eyeglasses,4608,c5e482,40,True,False,Baseline,CrossEntropy,Adam,99,0.0027843595581,0.000334962262,0.9813554966302566,0.7391529959349651,0.23915299593496508
hpo-baseline-celeba-male-eyeglasses,Baseline,CelebA,Male,Eyeglasses,4608,d88e9b,40,True,False,Baseline,Focal,Adam,96,0.0015155162401,0.0005946073067,0.9796206441514428,0.7761856886485867,0.2761856886485867
hpo-baseline-celeba-male-eyeglasses,Baseline,CelebA,Male,Eyeglasses,4608,de11cb,13,True,False,Baseline,Focal,Adam,31,0.0015119570786,0.0006373434601,0.9549848738033606,0.7567888539899978,0.25678885398999785
hpo-baseline-celeba-male-eyeglasses,Baseline,CelebA,Male,Eyeglasses,4608,df1826,40,True,False,ArcFace,CrossEntropy,SGD,30,0.0087294898914,0.7621700111352,0.5743705785526609,0.5,0.0
hpo-baseline-celeba-male-eyeglasses,Baseline,CelebA,Male,Eyeglasses,4608,e2bf1f,120,True,True,Baseline,Focal,SGD,94,0.0001553247098,0.0001406157744,0.9734294551469703,0.9177502091664589,0.4177502091664589
hpo-baseline-celeba-male-eyeglasses,Baseline,CelebA,Male,Eyeglasses,4608,e2f3a6,40,True,False,Baseline,Focal,SGD,77,0.0099932595755,0.063733846349,0.5741580874709791,0.5,0.0
hpo-baseline-celeba-male-eyeglasses,Baseline,CelebA,Male,Eyeglasses,4608,e4452b,13,False,False,Baseline,Focal,Adam,32,0.0013945067812,0.0005778034275,0.9561845286059629,0.751124988518729,0.251124988518729
hpo-baseline-celeba-male-eyeglasses,Baseline,CelebA,Male,Eyeglasses,4608,e4452b,40,True,False,Baseline,Focal,Adam,32,0.0013945067812,0.0005778034275,0.9742143432715552,0.7603400873718851,0.2603400873718851
hpo-baseline-celeba-male-eyeglasses,Baseline,CelebA,Male,Eyeglasses,4608,e65f72,120,True,True,Baseline,Focal,Adam,87,0.0019402930607,0.0003818800844,0.9832880112619111,0.7486355673265639,0.2486355673265639
hpo-baseline-celeba-male-eyeglasses,Baseline,CelebA,Male,Eyeglasses,4608,e6f799,13,False,False,Baseline,Focal,Adam,91,0.0009900015353,0.0003848741894,0.9715294114370195,0.7405672459799122,0.2405672459799122
hpo-baseline-celeba-male-eyeglasses,Baseline,CelebA,Male,Eyeglasses,4608,e6f799,40,False,False,Baseline,Focal,Adam,91,0.0009900015353,0.0003848741894,0.9813555730010917,0.7395501070828997,0.2395501070828997
hpo-baseline-celeba-male-eyeglasses,Baseline,CelebA,Male,Eyeglasses,4608,e6f799,120,True,True,Baseline,Focal,Adam,91,0.0009900015353,0.0003848741894,0.9839254925094224,0.7380820887009742,0.23808208870097425
hpo-baseline-celeba-male-eyeglasses,Baseline,CelebA,Male,Eyeglasses,4608,ecc7fa,13,True,False,ArcFace,CrossEntropy,Adam,100,0.0022444855608,0.0004323794743,0.9581863979848866,0.7823515027673189,0.2823515027673189
hpo-baseline-celeba-male-eyeglasses,Baseline,CelebA,Male,Eyeglasses,4608,f0cb1c,13,False,False,ArcFace,Focal,SGD,77,0.0151493436634,0.0519419345275,0.574410154700736,0.5,0.0
hpo-baseline-celeba-male-eyeglasses,Baseline,CelebA,Male,Eyeglasses,4608,f0cb1c,40,False,False,ArcFace,Focal,SGD,77,0.0151493436634,0.0519419345275,0.5742085008511598,0.5,0.0
hpo-baseline-celeba-male-eyeglasses,Baseline,CelebA,Male,Eyeglasses,4608,f0cb1c,120,True,True,ArcFace,Focal,SGD,77,0.0151493436634,0.0519419345275,0.574258915035204,0.5,0.0
hpo-baseline-celeba-male-eyeglasses,Baseline,CelebA,Male,Eyeglasses,4608,f0fabb,40,True,False,Baseline,Focal,Adam,69,0.002025552355,0.0003118515056,0.9810636525611355,0.743279016555406,0.24327901655540596
hpo-baseline-celeba-male-eyeglasses,Baseline,CelebA,Male,Eyeglasses,4608,f70b4f,13,True,False,Baseline,CrossEntropy,SGD,91,0.0019876598277,0.0992383074541,0.9282943199659421,0.7921938076087928,0.29219380760879277
hpo-baseline-celeba-male-eyeglasses,Baseline,CelebA,Male,Eyeglasses,4608,f9ee36,13,True,False,Baseline,Focal,Adam,30,0.0012535693513,0.0004448103414,0.9630412703914586,0.764557038875779,0.26455703887577897
hpo-baseline-celeba-male-eyeglasses,Baseline,CelebA,Male,Eyeglasses,4608,fe345b,40,True,False,CosFace,CrossEntropy,SGD,36,0.0050775750017,0.4083571973921,0.0,0.5,0.0
hpo-baseline-celeba-male-gray-hair,Baseline,CelebA,Male,Gray_Hair,4608,010bc6,13,True,False,ArcFace,Focal,Adam,74,9.20288469e-05,0.0074381593279,0.928852381919747,0.7152363443366545,0.2152363443366545
hpo-baseline-celeba-male-gray-hair,Baseline,CelebA,Male,Gray_Hair,4608,0ae5b9,40,True,False,ArcFace,Focal,SGD,41,9.0981159e-06,0.296712566627,0.9676737160120845,0.7704461515733492,0.27044615157334917
hpo-baseline-celeba-male-gray-hair,Baseline,CelebA,Male,Gray_Hair,4608,0b7fec,40,True,False,CosFace,CrossEntropy,SGD,65,1.00726537e-05,0.1301748224808,0.9814012096774194,0.751010406920438,0.25101040692043797
hpo-baseline-celeba-male-gray-hair,Baseline,CelebA,Male,Gray_Hair,4608,192c36,13,False,False,Baseline,Focal,Adam,95,0.0029070221824,0.0002284566122,0.9704043463395106,0.688593478986447,0.18859347898644696
hpo-baseline-celeba-male-gray-hair,Baseline,CelebA,Male,Gray_Hair,4608,192c36,40,True,False,Baseline,Focal,Adam,95,0.0029070221824,0.0002284566122,0.9831098023184103,0.6913951948698588,0.1913951948698588
hpo-baseline-celeba-male-gray-hair,Baseline,CelebA,Male,Gray_Hair,4608,22ae96,40,True,False,CosFace,Focal,Adam,31,1.95327614e-05,1.08528732e-05,0.9769385561986271,0.8243727122010472,0.32437271220104724
hpo-baseline-celeba-male-gray-hair,Baseline,CelebA,Male,Gray_Hair,4608,2905e6,13,True,False,ArcFace,Focal,Adam,84,2.77666176e-05,0.0001714747857,0.9505688136223759,0.7530722027981593,0.25307220279815934
hpo-baseline-celeba-male-gray-hair,Baseline,CelebA,Male,Gray_Hair,4608,2fd779,40,True,False,Baseline,CrossEntropy,Adam,100,0.0070326772359,0.0002757573547,0.9815113350125945,0.699949962519766,0.19994996251976604
hpo-baseline-celeba-male-gray-hair,Baseline,CelebA,Male,Gray_Hair,4608,31fea5,13,True,False,CosFace,Focal,SGD,79,4.86385705e-05,0.0697022839243,0.9650899252301349,0.7518973752893091,0.2518973752893091
hpo-baseline-celeba-male-gray-hair,Baseline,CelebA,Male,Gray_Hair,4608,3205bd,13,True,False,CosFace,Focal,Adam,83,0.000602588843,0.0002672866766,0.9656823314319958,0.7818478576079404,0.2818478576079404
hpo-baseline-celeba-male-gray-hair,Baseline,CelebA,Male,Gray_Hair,4608,370cbe,40,True,False,Baseline,Focal,SGD,56,0.0067628957337,0.0677235797219,0.5743501831883268,0.5,0.0
hpo-baseline-celeba-male-gray-hair,Baseline,CelebA,Male,Gray_Hair,4608,3c1468,120,True,True,Baseline,Focal,SGD,79,0.0060718104027,0.1270735329915,0.5742783994993199,0.5,0.0
hpo-baseline-celeba-male-gray-hair,Baseline,CelebA,Male,Gray_Hair,4608,51ada4,13,True,False,CosFace,Focal,Adam,50,5.27168976e-05,0.0027223728601,0.9649874055415617,0.7670863632135607,0.2670863632135607
hpo-baseline-celeba-male-gray-hair,Baseline,CelebA,Male,Gray_Hair,4608,554158,40,True,False,Baseline,CrossEntropy,SGD,62,6.2739276e-05,0.0190891715849,0.9886592715978623,0.8566155348730323,0.3566155348730323
hpo-baseline-celeba-male-gray-hair,Baseline,CelebA,Male,Gray_Hair,4608,567fdb,13,False,False,Baseline,Focal,SGD,71,0.0069405831938,0.0178455140969,0.9629125855460999,0.7187552732226983,0.21875527322269828
hpo-baseline-celeba-male-gray-hair,Baseline,CelebA,Male,Gray_Hair,4608,567fdb,40,True,False,Baseline,Focal,SGD,71,0.0069405831938,0.0178455140969,0.9773746654638328,0.7073726082412742,0.20737260824127424
hpo-baseline-celeba-male-gray-hair,Baseline,CelebA,Male,Gray_Hair,4608,56a883,13,True,False,Baseline,Focal,SGD,90,0.006696466883,0.0335164603752,0.9460317875522606,0.7496662344128735,0.2496662344128735
hpo-baseline-celeba-male-gray-hair,Baseline,CelebA,Male,Gray_Hair,4608,5a9d12,13,True,False,CosFace,Focal,SGD,94,4.86385705e-05,0.0763010683526,0.9623373948228303,0.7507185261787124,0.2507185261787124
hpo-baseline-celeba-male-gray-hair,Baseline,CelebA,Male,Gray_Hair,4608,5c678d,13,True,False,ArcFace,CrossEntropy,SGD,33,0.0023350605905,0.0083863720107,0.9371978243352136,0.716638597527946,0.216638597527946
hpo-baseline-celeba-male-gray-hair,Baseline,CelebA,Male,Gray_Hair,4608,6b5192,40,True,False,Baseline,CrossEntropy,SGD,41,4.88750476e-05,0.0578663191208,0.986455186304129,0.7860903191565032,0.2860903191565032
hpo-baseline-celeba-male-gray-hair,Baseline,CelebA,Male,Gray_Hair,4608,6d3fc5,40,True,False,Baseline,Focal,SGD,63,0.0066543000984,0.1042403055995,0.5740927456915379,0.5,0.0
hpo-baseline-celeba-male-gray-hair,Baseline,CelebA,Male,Gray_Hair,4608,6e16ea,13,True,False,CosFace,CrossEntropy,SGD,31,0.0986813387889,0.0001890897475,0.9363544569562928,0.7471801458719762,0.24718014587197623
hpo-baseline-celeba-male-gray-hair,Baseline,CelebA,Male,Gray_Hair,4608,72d4c5,13,True,False,CosFace,Focal,Adam,93,0.0066210138385,0.0001786616522,0.9545546171891993,0.7781049774845018,0.2781049774845018
hpo-baseline-celeba-male-gray-hair,Baseline,CelebA,Male,Gray_Hair,4608,735f3e,40,True,False,Baseline,CrossEntropy,Adam,99,0.0071243599687,3.65252965e-05,0.9877047058858989,0.7121679716353966,0.21216797163539658
hpo-baseline-celeba-male-gray-hair,Baseline,CelebA,Male,Gray_Hair,4608,7697bc,13,False,False,Baseline,Focal,Adam,97,0.0017412429067,0.000263526404,0.9691283073148196,0.6992044615157336,0.19920446151573357
hpo-baseline-celeba-male-gray-hair,Baseline,CelebA,Male,Gray_Hair,4608,7697bc,40,True,False,Baseline,Focal,Adam,97,0.0017412429067,0.000263526404,0.9826977237950802,0.6956785290239271,0.19567852902392713
hpo-baseline-celeba-male-gray-hair,Baseline,CelebA,Male,Gray_Hair,4608,77964a,40,True,False,Baseline,Focal,SGD,48,0.0063193936721,0.1413703671895,0.574365154183329,0.5,0.0
hpo-baseline-celeba-male-gray-hair,Baseline,CelebA,Male,Gray_Hair,4608,79304a,13,True,False,ArcFace,Focal,SGD,76,2.10693347e-05,0.1057856540281,0.952056866642159,0.7249120172026067,0.22491201720260667
hpo-baseline-celeba-male-gray-hair,Baseline,CelebA,Male,Gray_Hair,4608,7a2809,13,True,False,ArcFace,CrossEntropy,SGD,73,0.001551942162,0.1303513248479,0.8852086772330228,0.6989953382249142,0.19899533822491422
hpo-baseline-celeba-male-gray-hair,Baseline,CelebA,Male,Gray_Hair,4608,92788c,13,True,False,CosFace,Focal,Adam,67,1.3991094e-06,0.0020871033936,0.9597301802524301,0.7782448033792397,0.27824480337923974
hpo-baseline-celeba-male-gray-hair,Baseline,CelebA,Male,Gray_Hair,4608,97eb5c,40,True,False,Baseline,Focal,SGD,75,0.0063176473512,0.0173760977436,0.9764017963409424,0.6975377948490669,0.19753779484906686
hpo-baseline-celeba-male-gray-hair,Baseline,CelebA,Male,Gray_Hair,4608,99076b,13,True,False,CosFace,Focal,SGD,44,2.16497578e-05,0.0013083690547,0.9609886123809308,0.814540962886361,0.314540962886361
hpo-baseline-celeba-male-gray-hair,Baseline,CelebA,Male,Gray_Hair,4608,998427,120,True,True,Baseline,CrossEntropy,Adam,98,0.0073051012683,0.0001291427247,0.986545723432376,0.6924028660067957,0.19240286600679568
hpo-baseline-celeba-male-gray-hair,Baseline,CelebA,Male,Gray_Hair,4608,a3e179,13,True,False,CosFace,CrossEntropy,SGD,71,0.0012728514405,0.001015753153,0.9719828797732291,0.773210934379497,0.27321093437949695
hpo-baseline-celeba-male-gray-hair,Baseline,CelebA,Male,Gray_Hair,4608,abd4bb,13,False,False,Baseline,Focal,SGD,85,0.006944566619,0.1303513248479,0.5742474512822028,0.5,0.0
hpo-baseline-celeba-male-gray-hair,Baseline,CelebA,Male,Gray_Hair,4608,abd4bb,40,False,False,Baseline,Focal,SGD,85,0.006944566619,0.1303513248479,0.5742474517660967,0.5,0.0
hpo-baseline-celeba-male-gray-hair,Baseline,CelebA,Male,Gray_Hair,4608,abd4bb,120,True,True,Baseline,Focal,SGD,85,0.006944566619,0.1303513248479,0.5742474519273947,0.5,0.0
hpo-baseline-celeba-male-gray-hair,Baseline,CelebA,Male,Gray_Hair,4608,b697a4,40,True,False,Baseline,CrossEntropy,Adam,98,0.0086046105563,0.0001697000933,0.9836230713644146,0.7242235025689008,0.22422350256890078
hpo-baseline-celeba-male-gray-hair,Baseline,CelebA,Male,Gray_Hair,4608,b7da02,13,False,False,CosFace,CrossEntropy,Adam,97,6.93757513e-05,0.002527739156,0.9709442872054352,0.7672629033228826,0.2672629033228826
hpo-baseline-celeba-male-gray-hair,Baseline,CelebA,Male,Gray_Hair,4608,b7da02,40,True,False,CosFace,CrossEntropy,Adam,97,6.93757513e-05,0.002527739156,0.9784604314106717,0.7845311687814274,0.28453116878142737
hpo-baseline-celeba-male-gray-hair,Baseline,CelebA,Male,Gray_Hair,4608,b8ea2e,40,True,False,Baseline,CrossEntropy,Adam,100,0.0071595413772,0.000388160039,0.9802518891687657,0.6996925526501535,0.1996925526501535
hpo-baseline-celeba-male-gray-hair,Baseline,CelebA,Male,Gray_Hair,4608,c62033,13,True,False,Baseline,Focal,SGD,62,0.0064230502481,0.0787464014504,0.7624496126770972,0.7664171632113721,0.2664171632113721
hpo-baseline-celeba-male-gray-hair,Baseline,CelebA,Male,Gray_Hair,4608,cc3181,120,True,True,Baseline,CrossEntropy,Adam,98,0.0076157973306,3.89730809e-05,0.9878558775348428,0.7014769400808698,0.2014769400808698
hpo-baseline-celeba-male-gray-hair,Baseline,CelebA,Male,Gray_Hair,4608,d5bc86,40,False,False,Baseline,Focal,SGD,71,0.0061005775262,0.0018027421375,0.9884605775056062,0.7463309313154194,0.2463309313154194
hpo-baseline-celeba-male-gray-hair,Baseline,CelebA,Male,Gray_Hair,4608,d5bc86,120,True,True,Baseline,Focal,SGD,71,0.0061005775262,0.0018027421375,0.9890652636707985,0.7242335702521845,0.2242335702521845
hpo-baseline-celeba-male-gray-hair,Baseline,CelebA,Male,Gray_Hair,4608,d94e94,120,True,True,Baseline,CrossEntropy,Adam,97,0.007397971257,0.0001956850251,0.9849677005056607,0.6898920186252141,0.1898920186252141
hpo-baseline-celeba-male-gray-hair,Baseline,CelebA,Male,Gray_Hair,4608,df8e27,40,False,False,Baseline,Focal,Adam,97,0.006944566619,0.000108174686,0.9849172567224387,0.6909791916306911,0.1909791916306911
hpo-baseline-celeba-male-gray-hair,Baseline,CelebA,Male,Gray_Hair,4608,df8e27,120,True,True,Baseline,Focal,Adam,97,0.006944566619,0.000108174686,0.9864305750221086,0.6871552502421169,0.18715525024211688
hpo-baseline-celeba-male-gray-hair,Baseline,CelebA,Male,Gray_Hair,4608,e2bf1f,120,True,True,Baseline,Focal,SGD,94,0.0001553247098,0.0001406157744,0.9743874078904282,0.8890204253596188,0.3890204253596188
hpo-baseline-celeba-male-gray-hair,Baseline,CelebA,Male,Gray_Hair,4608,e57e64,13,True,False,CosFace,Focal,Adam,84,0.0057094538091,0.0004258394206,0.9634048187707493,0.7597569529937679,0.2597569529937679
hpo-baseline-celeba-male-gray-hair,Baseline,CelebA,Male,Gray_Hair,4608,e5d2f6,13,True,False,Baseline,Focal,SGD,87,0.006413057309,0.2414932908179,0.5742474366060066,0.5,0.0
hpo-baseline-celeba-male-gray-hair,Baseline,CelebA,Male,Gray_Hair,4608,e6637b,13,False,False,Baseline,Focal,Adam,96,1.4089858e-06,0.0008180416931,0.3219329988696673,0.6625034607661289,0.16250346076612887
hpo-baseline-celeba-male-gray-hair,Baseline,CelebA,Male,Gray_Hair,4608,e6637b,40,True,False,Baseline,Focal,Adam,96,1.4089858e-06,0.0008180416931,0.5743542933059951,0.7153801097596341,0.21538010975963406
hpo-baseline-celeba-male-gray-hair,Baseline,CelebA,Male,Gray_Hair,4608,f0cb1c,13,False,False,ArcFace,Focal,SGD,77,0.0151493436634,0.0519419345275,0.574460567678985,0.5,0.0
hpo-baseline-celeba-male-gray-hair,Baseline,CelebA,Male,Gray_Hair,4608,f0cb1c,40,False,False,ArcFace,Focal,SGD,77,0.0151493436634,0.0519419345275,0.5743093283788455,0.5,0.0
hpo-baseline-celeba-male-gray-hair,Baseline,CelebA,Male,Gray_Hair,4608,f0cb1c,120,True,True,ArcFace,Focal,SGD,77,0.0151493436634,0.0519419345275,0.5742085026415829,0.5,0.0
hpo-baseline-celeba-male-gray-hair,Baseline,CelebA,Male,Gray_Hair,4608,f29c8c,40,True,False,ArcFace,Focal,SGD,56,1.54271381e-05,0.1194032604778,0.968567401579304,0.7462735345775677,0.24627353457756773
hpo-baseline-celeba-male-gray-hair,Baseline,CelebA,Male,Gray_Hair,4608,f63dc8,13,False,False,Baseline,Focal,SGD,68,0.0068536578541,0.0041902690559,0.9749697747949051,0.7533319927994178,0.25333199279941776
hpo-baseline-celeba-male-gray-hair,Baseline,CelebA,Male,Gray_Hair,4608,f63dc8,40,True,False,Baseline,Focal,SGD,68,0.0068536578541,0.0041902690559,0.9859991899255204,0.7413843885250297,0.24138438852502975
hpo-baseline-celeba-male-gray-hair,Baseline,CelebA,Male,Gray_Hair,4608,f70b4f,13,True,False,Baseline,CrossEntropy,SGD,91,0.0019876598277,0.0992383074541,0.9313177514454675,0.8129002040894492,0.3129002040894492
hpo-baseline-celeba-male-gray-hair,Baseline,CelebA,Male,Gray_Hair,4608,fa62a3,120,True,True,Baseline,Focal,SGD,84,0.0065302999064,0.0981786473794,0.87133796095092,0.691290332288264,0.19129033228826398
