term,estimate,se,n,source_dir,hyperparameter,effect_type,target,row_set,weighted
lr,0.645852112929662,0.5293450190179424,50,hpo-baseline-celeba-grey-hair-male|SGD,lr,failure_logit,failed,all,False
lr,1.8919229890589977,1.38344940956178,21,hpo-baseline-celeba-male-eyeglasses|SGD,lr,failure_logit,failed,all,False
lr,2.992436000258937,0.9392668246413004,67,hpo-resnet-age-gender-ADD|Adam,lr,failure_logit,failed,all,False
lr,0.16355212051101192,0.24251610555522907,13,hpo-resnet-age-gender-ADD|SGD,lr,failure_logit,failed,all,False
lr,0.20689676213310948,0.15911275883973625,139,hpo-resnet-age-gender-REBUTTAL|Adam,lr,failure_logit,failed,all,False
lr,0.3387405076837061,0.14583653915174175,84,hpo-resnet-age-gender-REBUTTAL|SGD,lr,failure_logit,failed,all,False
lr,1.44762475306131,0.6595516200856611,67,hpo-resnet-age-race-ADD|Adam,lr,failure_logit,failed,all,False
lr,0.4932988163365865,0.3332528343017274,13,hpo-resnet-age-race-ADD|SGD,lr,failure_logit,failed,all,False
lr,0.21161271354394304,0.24516244550205085,151,hpo-resnet-age-race-REBUTTAL|Adam,lr,failure_logit,failed,all,False
lr,0.5510987957247065,0.20444038676789175,42,hpo-resnet-age-race-REBUTTAL|SGD,lr,failure_logit,failed,all,False
lr,-0.06893852004902784,0.21420716276831717,107,hpo-resnet-gender-age-REBUTTAL|SGD,lr,failure_logit,failed,all,False
lr,0.16272033068112987,0.7620967900915832,38,hpo-resnet-gender-race-ADD|Adam,lr,failure_logit,failed,all,False
lr,0.15557915660829025,0.26789628542073735,42,hpo-resnet-gender-race-ADD|SGD,lr,failure_logit,failed,all,False
lr,0.40841511565025435,0.5165270661872304,67,hpo-resnet-gender-race-REBUTTAL|SGD,lr,failure_logit,failed,all,False
lr,0.510659307149877,0.409306810382973,53,hpo-resnet-race-age-ADD|Adam,lr,failure_logit,failed,all,False
lr,0.12202373260038123,0.1846637810093837,27,hpo-resnet-race-age-ADD|SGD,lr,failure_logit,failed,all,False
lr,-0.02840992335528728,0.1579290420422134,147,hpo-resnet-race-age-REBUTTAL|Adam,lr,failure_logit,failed,all,False
lr,0.6618869613660723,0.7080961964509578,27,hpo-resnet-race-age-REBUTTAL|SGD,lr,failure_logit,failed,all,False
lr,1.8848860015793336,0.489132082126467,68,hpo-resnet-race-gender-ADD|Adam,lr,failure_logit,failed,all,False
lr,0.42327221638644474,0.4247056889194455,12,hpo-resnet-race-gender-ADD|SGD,lr,failure_logit,failed,all,False
lr,0.3187158665471537,0.35986117982744853,100,hpo-resnet-race-gender-REBUTTAL|Adam,lr,failure_logit,failed,all,False
lr,0.15144467927552505,0.1479110814942518,52,hpo-resnet-race-gender-REBUTTAL|SGD,lr,failure_logit,failed,all,False
weight_decay,-0.013579965476209654,0.17130174376968244,91,hpo-baseline-celeba-grey-hair-male,weight_decay,failure_logit,failed,all,False
weight_decay,0.6339896866547123,0.6538899644812939,61,hpo-baseline-celeba-male-eyeglasses,weight_decay,failure_logit,failed,all,False
weight_decay,0.17192481563136525,0.12244838609117435,80,hpo-resnet-age-gender-ADD,weight_decay,failure_logit,failed,all,False
weight_decay,0.16928163293740936,0.044927828217428044,223,hpo-resnet-age-gender-REBUTTAL,weight_decay,failure_logit,failed,all,False
weight_decay,0.14758829102089654,0.10711382079493367,80,hpo-resnet-age-race-ADD,weight_decay,failure_logit,failed,all,False
weight_decay,-0.04096946211741409,0.05994417989515367,193,hpo-resnet-age-race-REBUTTAL,weight_decay,failure_logit,failed,all,False
weight_decay,0.22595751039107392,0.25182604578021334,168,hpo-resnet-gender-age-REBUTTAL,weight_decay,failure_logit,failed,all,False
weight_decay,0.7010748653659917,0.27674459119333683,80,hpo-resnet-gender-race-ADD,weight_decay,failure_logit,failed,all,False
weight_decay,1.4837597389216455,1.902583850327461,163,hpo-resnet-gender-race-REBUTTAL,weight_decay,failure_logit,failed,all,False
weight_decay,-0.12081511633122707,0.08229515103950495,80,hpo-resnet-race-age-ADD,weight_decay,failure_logit,failed,all,False
weight_decay,0.5237452150872126,0.1696194515130641,174,hpo-resnet-race-age-REBUTTAL,weight_decay,failure_logit,failed,all,False
weight_decay,0.13503428565146666,0.09457311313221485,80,hpo-resnet-race-gender-ADD,weight_decay,failure_logit,failed,all,False
weight_decay,0.5021267755893003,0.12050805090203374,152,hpo-resnet-race-gender-REBUTTAL,weight_decay,failure_logit,failed,all,False
batch_size,-0.6664096045483516,1.1744108830693514,91,hpo-baseline-celeba-grey-hair-male,batch_size,failure_logit,failed,all,False
batch_size,-3.62174142956336,3.3989034866860384,61,hpo-baseline-celeba-male-eyeglasses,batch_size,failure_logit,failed,all,False
batch_size,-1.7145673173137825,0.7160154613589776,80,hpo-resnet-age-gender-ADD,batch_size,failure_logit,failed,all,False
batch_size,-2.077588614107613,0.4035086454938127,223,hpo-resnet-age-gender-REBUTTAL,batch_size,failure_logit,failed,all,False
batch_size,-1.217999482751122,0.7163852105679857,80,hpo-resnet-age-race-ADD,batch_size,failure_logit,failed,all,False
batch_size,0.131864008626962,0.5463706540937608,193,hpo-resnet-age-race-REBUTTAL,batch_size,failure_logit,failed,all,False
batch_size,-1.6399752811550121,1.1004566276377374,168,hpo-resnet-gender-age-REBUTTAL,batch_size,failure_logit,failed,all,False
batch_size,1.4088835531438646,1.8024721802089914,80,hpo-resnet-gender-race-ADD,batch_size,failure_logit,failed,all,False
batch_size,-1.2815977811286479,2.113738472900497,163,hpo-resnet-gender-race-REBUTTAL,batch_size,failure_logit,failed,all,False
batch_size,1.8499210284046121,1.0573955107990112,80,hpo-resnet-race-age-ADD,batch_size,failure_logit,failed,all,False
batch_size,0.23015709734511763,0.7311566517481447,174,hpo-resnet-race-age-REBUTTAL,batch_size,failure_logit,failed,all,False
batch_size,-0.6711122129801157,0.7708189011706149,80,hpo-resnet-race-gender-ADD,batch_size,failure_logit,failed,all,False
batch_size,-0.06005171381732288,0.6535640487116955,152,hpo-resnet-race-gender-REBUTTAL,batch_size,failure_logit,failed,all,False
optimizer[SGD],21.368843946066537,12409.880255909373,91,hpo-baseline-celeba-grey-hair-male,optimizer,failure_logit,failed,all,False
optimizer[SGD],20.57033624988289,12564.046203121254,61,hpo-baseline-celeba-male-eyeglasses,optimizer,failure_logit,failed,all,False
optimizer[SGD],1.5781853689299135,0.636368898185692,80,hpo-resnet-age-gender-ADD,optimizer,failure_logit,failed,all,False
optimizer[SGD],0.6350395497556134,0.3399779823913371,223,hpo-resnet-age-gender-REBUTTAL,optimizer,failure_logit,failed,all,False
optimizer[SGD],1.7090677533809737,0.6617220581789461,80,hpo-resnet-age-race-ADD,optimizer,failure_logit,failed,all,False
optimizer[SGD],0.6081539677284634,0.4022040135200056,193,hpo-resnet-age-race-REBUTTAL,optimizer,failure_logit,failed,all,False
optimizer[SGD],21.31763399051879,16774.201033396355,168,hpo-resnet-gender-age-REBUTTAL,optimizer,failure_logit,failed,all,False
optimizer[SGD],1.8191584433218488,1.10519579344971,80,hpo-resnet-gender-race-ADD,optimizer,failure_logit,failed,all,False
optimizer[SGD],20.376413781471058,13371.223394983817,163,hpo-resnet-gender-race-REBUTTAL,optimizer,failure_logit,failed,all,False
optimizer[SGD],1.265666373330796,0.5129036723025969,80,hpo-resnet-race-age-ADD,optimizer,failure_logit,failed,all,False
optimizer[SGD],-0.4231200433449409,0.781109854844434,174,hpo-resnet-race-age-REBUTTAL,optimizer,failure_logit,failed,all,False
optimizer[SGD],0.16362942378348933,0.7279959942595798,80,hpo-resnet-race-gender-ADD,optimizer,failure_logit,failed,all,False
optimizer[SGD],1.5475625084918465,0.5344481042502363,152,hpo-resnet-race-gender-REBUTTAL,optimizer,failure_logit,failed,all,False
loss[CrossEntropy],21.461934369223236,11845.496329291213,91,hpo-baseline-celeba-grey-hair-male,loss,failure_logit,failed,all,False
loss[CrossEntropy],20.621629544194317,12409.880289492254,61,hpo-baseline-celeba-male-eyeglasses,loss,failure_logit,failed,all,False
loss[CrossEntropy],-0.8109302162165278,0.5270462219937101,80,hpo-resnet-age-gender-ADD,loss,failure_logit,failed,all,False
loss[CrossEntropy],-0.6958608864341238,0.34217602539160535,223,hpo-resnet-age-gender-REBUTTAL,loss,failure_logit,failed,all,False
loss[CrossEntropy],0.026386755173221643,0.6485104981596852,80,hpo-resnet-age-race-ADD,loss,failure_logit,failed,all,False
loss[CrossEntropy],-1.6256984333058657,0.41423490704212174,193,hpo-resnet-age-race-REBUTTAL,loss,failure_logit,failed,all,False
loss[CrossEntropy],-0.87821222329919,1.1653411587798967,168,hpo-resnet-gender-age-REBUTTAL,loss,failure_logit,failed,all,False
loss[CrossEntropy],-0.009569451016145925,0.8756995407821256,80,hpo-resnet-gender-race-ADD,loss,failure_logit,failed,all,False
loss[CrossEntropy],-20.18404188883517,14467.711330083293,163,hpo-resnet-gender-race-REBUTTAL,loss,failure_logit,failed,all,False
loss[CrossEntropy],-1.3226212662587484,0.5258773446104086,80,hpo-resnet-race-age-ADD,loss,failure_logit,failed,all,False
loss[CrossEntropy],-0.8528572908920444,0.5501174996866178,174,hpo-resnet-race-age-REBUTTAL,loss,failure_logit,failed,all,False
loss[CrossEntropy],-1.3375041969504544,0.7976900887547715,80,hpo-resnet-race-gender-ADD,loss,failure_logit,failed,all,False
loss[CrossEntropy],-0.6473007924345199,0.5061754533047296,152,hpo-resnet-race-gender-REBUTTAL,loss,failure_logit,failed,all,False
head[CosFace],21.061991106101733,12880.96097240396,91,hpo-baseline-celeba-grey-hair-male,head,failure_logit,failed,all,False
head[CosFace],21.168173250552723,19865.501276483807,61,hpo-baseline-celeba-male-eyeglasses,head,failure_logit,failed,all,False
head[CosFace],-23.25921571346398,14531.683135400546,80,hpo-resnet-age-gender-ADD,head,failure_logit,failed,all,False
head[CosFace],-23.74838989233492,13832.562344717127,223,hpo-resnet-age-gender-REBUTTAL,head,failure_logit,failed,all,False
head[CosFace],-47.13213704716717,29613.744359024455,80,hpo-resnet-age-race-ADD,head,failure_logit,failed,all,False
head[CosFace],-27.13468444144416,37043.650221788135,193,hpo-resnet-age-race-REBUTTAL,head,failure_logit,failed,all,False
head[CosFace],-21.747670265238384,23159.638219168068,168,hpo-resnet-gender-age-REBUTTAL,head,failure_logit,failed,all,False
head[CosFace],1.378914253822272,0.8921101761827425,80,hpo-resnet-gender-race-ADD,head,failure_logit,failed,all,False
head[CosFace],-21.233864013334063,27931.57464922474,163,hpo-resnet-gender-race-REBUTTAL,head,failure_logit,failed,all,False
head[CosFace],-5.2149357576089885,1.2672719758874018,80,hpo-resnet-race-age-ADD,head,failure_logit,failed,all,False
head[CosFace],-0.5172565140962833,0.5663211129541871,174,hpo-resnet-race-age-REBUTTAL,head,failure_logit,failed,all,False
head[CosFace],-2.0614230361771577,0.7960943623504902,80,hpo-resnet-race-gender-ADD,head,failure_logit,failed,all,False
head[CosFace],-0.028987536873252173,0.5808570891219238,152,hpo-resnet-race-gender-REBUTTAL,head,failure_logit,failed,all,False
head[Baseline],18.57708445631373,12880.961000079022,91,hpo-baseline-celeba-grey-hair-male,head,failure_logit,failed,all,False
head[Baseline],-9.949733024157752e-11,24206.97924256391,61,hpo-baseline-celeba-male-eyeglasses,head,failure_logit,failed,all,False
head[Baseline],-25.701562748833194,14531.683145979272,80,hpo-resnet-age-gender-ADD,head,failure_logit,failed,all,False
head[Baseline],-26.31760383675858,22938.70959019207,80,hpo-resnet-age-race-ADD,head,failure_logit,failed,all,False
head[Baseline],-20.963378837998423,14755.723907903941,80,hpo-resnet-gender-race-ADD,head,failure_logit,failed,all,False
head[Baseline],-26.008415558803915,12890.439397097653,80,hpo-resnet-race-age-ADD,head,failure_logit,failed,all,False
head[Baseline],-24.86535150758293,11979.34800211285,80,hpo-resnet-race-gender-ADD,head,failure_logit,failed,all,False
head[Linear],-28.68406214795779,13832.56237445335,223,hpo-resnet-age-gender-REBUTTAL,head,failure_logit,failed,all,False
head[Linear],-51.13213704674759,41606.78721019062,193,hpo-resnet-age-race-REBUTTAL,head,failure_logit,failed,all,False
head[Linear],-21.74767026522123,16249.877143450123,168,hpo-resnet-gender-age-REBUTTAL,head,failure_logit,failed,all,False
head[Linear],-21.233864013333992,12379.347384168874,163,hpo-resnet-gender-race-REBUTTAL,head,failure_logit,failed,all,False
head[Linear],-23.61698796882252,13167.070558170046,174,hpo-resnet-race-age-REBUTTAL,head,failure_logit,failed,all,False
head[Linear],-23.524614648680544,14467.71130287691,152,hpo-resnet-race-gender-REBUTTAL,head,failure_logit,failed,all,False
lr,0.5724866977140277,0.49452116304427607,39,hpo-baseline-celeba-grey-hair-male|SGD,lr,failure_logit,failed,final_budget_only,False
lr,1.7132880005034772,1.3831421051773285,16,hpo-baseline-celeba-male-eyeglasses|SGD,lr,failure_logit,failed,final_budget_only,False
lr,2.830865594675363,0.9536463223228485,55,hpo-resnet-age-gender-ADD|Adam,lr,failure_logit,failed,final_budget_only,False
lr,0.16703301618910424,0.2660065817481841,10,hpo-resnet-age-gender-ADD|SGD,lr,failure_logit,failed,final_budget_only,False
lr,0.2597752700072929,0.17383058406300012,116,hpo-resnet-age-gender-REBUTTAL|Adam,lr,failure_logit,failed,final_budget_only,False
lr,0.4016099173481113,0.17469381673507353,70,hpo-resnet-age-gender-REBUTTAL|SGD,lr,failure_logit,failed,final_budget_only,False
lr,1.420116873950494,0.6781345461794153,55,hpo-resnet-age-race-ADD|Adam,lr,failure_logit,failed,final_budget_only,False
lr,0.537509216101653,0.3778444294272555,10,hpo-resnet-age-race-ADD|SGD,lr,failure_logit,failed,final_budget_only,False
lr,0.11883963949302123,0.2427596630561006,127,hpo-resnet-age-race-REBUTTAL|Adam,lr,failure_logit,failed,final_budget_only,False
lr,0.5333087727208975,0.23429236577876694,30,hpo-resnet-age-race-REBUTTAL|SGD,lr,failure_logit,failed,final_budget_only,False
lr,-0.08427330218478044,0.21515858370579044,91,hpo-resnet-gender-age-REBUTTAL|SGD,lr,failure_logit,failed,final_budget_only,False
lr,0.2916458557098963,0.9159995352849267,30,hpo-resnet-gender-race-ADD|Adam,lr,failure_logit,failed,final_budget_only,False
lr,0.1351124007288863,0.256314705791484,35,hpo-resnet-gender-race-ADD|SGD,lr,failure_logit,failed,final_budget_only,False
lr,0.46676853340970764,0.5323301354246096,57,hpo-resnet-gender-race-REBUTTAL|SGD,lr,failure_logit,failed,final_budget_only,False
lr,0.33780037821614933,0.42582148719166885,42,hpo-resnet-race-age-ADD|Adam,lr,failure_logit,failed,final_budget_only,False
lr,0.1052912402947382,0.1864012637990111,23,hpo-resnet-race-age-ADD|SGD,lr,failure_logit,failed,final_budget_only,False
lr,-0.0489703062931816,0.17436956681902532,127,hpo-resnet-race-age-REBUTTAL|Adam,lr,failure_logit,failed,final_budget_only,False
lr,0.5960111583036273,0.7052140020343974,23,hpo-resnet-race-age-REBUTTAL|SGD,lr,failure_logit,failed,final_budget_only,False
lr,1.6828399646902732,0.49208100235775926,55,hpo-resnet-race-gender-ADD|Adam,lr,failure_logit,failed,final_budget_only,False
lr,0.3786895064620044,0.43914968321061293,10,hpo-resnet-race-gender-ADD|SGD,lr,failure_logit,failed,final_budget_only,False
lr,0.3258785598776902,0.35729170048793635,83,hpo-resnet-race-gender-REBUTTAL|Adam,lr,failure_logit,failed,final_budget_only,False
lr,0.14965760701012829,0.14875070394454815,49,hpo-resnet-race-gender-REBUTTAL|SGD,lr,failure_logit,failed,final_budget_only,False
weight_decay,-0.02939993891515624,0.1688260046420706,73,hpo-baseline-celeba-grey-hair-male,weight_decay,failure_logit,failed,final_budget_only,False
weight_decay,0.6290834163238247,0.6378268136466042,49,hpo-baseline-celeba-male-eyeglasses,weight_decay,failure_logit,failed,final_budget_only,False
weight_decay,0.21129880428981807,0.14110001393903354,65,hpo-resnet-age-gender-ADD,weight_decay,failure_logit,failed,final_budget_only,False
weight_decay,0.16282115364876773,0.048823491056043763,186,hpo-resnet-age-gender-REBUTTAL,weight_decay,failure_logit,failed,final_budget_only,False
weight_decay,0.07348999227410896,0.1212185590727126,65,hpo-resnet-age-race-ADD,weight_decay,failure_logit,failed,final_budget_only,False
weight_decay,-0.0898983643335583,0.0719244519674108,157,hpo-resnet-age-race-REBUTTAL,weight_decay,failure_logit,failed,final_budget_only,False
weight_decay,0.217834664485509,0.25240541327842936,140,hpo-resnet-gender-age-REBUTTAL,weight_decay,failure_logit,failed,final_budget_only,False
weight_decay,0.666992704451889,0.2714690370765971,65,hpo-resnet-gender-race-ADD,weight_decay,failure_logit,failed,final_budget_only,False
weight_decay,1.5201341837878892,1.9693685712453408,137,hpo-resnet-gender-race-REBUTTAL,weight_decay,failure_logit,failed,final_budget_only,False
weight_decay,-0.20746968343832106,0.09656551116618538,65,hpo-resnet-race-age-ADD,weight_decay,failure_logit,failed,final_budget_only,False
weight_decay,0.46273574447672305,0.16115749223071377,150,hpo-resnet-race-age-REBUTTAL,weight_decay,failure_logit,failed,final_budget_only,False
weight_decay,0.13735682802235732,0.10616324747729011,65,hpo-resnet-race-gender-ADD,weight_decay,failure_logit,failed,final_budget_only,False
weight_decay,0.5010123857474802,0.12350207446940346,132,hpo-resnet-race-gender-REBUTTAL,weight_decay,failure_logit,failed,final_budget_only,False
batch_size,-0.5204674820361739,1.1661572883481999,73,hpo-baseline-celeba-grey-hair-male,batch_size,failure_logit,failed,final_budget_only,False
batch_size,-3.4579329074600755,3.4336518763378283,49,hpo-baseline-celeba-male-eyeglasses,batch_size,failure_logit,failed,final_budget_only,False
batch_size,-1.5818502965876222,0.7712823472012889,65,hpo-resnet-age-gender-ADD,batch_size,failure_logit,failed,final_budget_only,False
batch_size,-2.2935524253419737,0.440973942968862,186,hpo-resnet-age-gender-REBUTTAL,batch_size,failure_logit,failed,final_budget_only,False
batch_size,-1.0934661010325246,0.8321869778479041,65,hpo-resnet-age-race-ADD,batch_size,failure_logit,failed,final_budget_only,False
batch_size,0.3461159013679289,0.6473617482769871,157,hpo-resnet-age-race-REBUTTAL,batch_size,failure_logit,failed,final_budget_only,False
batch_size,-1.7132421600586805,1.1181540496734799,140,hpo-resnet-gender-age-REBUTTAL,batch_size,failure_logit,failed,final_budget_only,False
batch_size,1.165682994639812,1.692960865403542,65,hpo-resnet-gender-race-ADD,batch_size,failure_logit,failed,final_budget_only,False
batch_size,-1.1779145641631465,2.11321346664747,137,hpo-resnet-gender-race-REBUTTAL,batch_size,failure_logit,failed,final_budget_only,False
batch_size,2.1084389087840933,1.213014446297061,65,hpo-resnet-race-age-ADD,batch_size,failure_logit,failed,final_budget_only,False
batch_size,0.26676184166253647,0.7761284460313624,150,hpo-resnet-race-age-REBUTTAL,batch_size,failure_logit,failed,final_budget_only,False
batch_size,-0.6376845646308402,0.8411947728138477,65,hpo-resnet-race-gender-ADD,batch_size,failure_logit,failed,final_budget_only,False
batch_size,-0.1265663171435062,0.6559256244477052,132,hpo-resnet-race-gender-REBUTTAL,batch_size,failure_logit,failed,final_budget_only,False
optimizer[SGD],21.64914591133322,13627.621437789892,73,hpo-baseline-celeba-grey-hair-male,optimizer,failure_logit,failed,final_budget_only,False
optimizer[SGD],20.858018322364707,13832.559605440683,49,hpo-baseline-celeba-male-eyeglasses,optimizer,failure_logit,failed,final_budget_only,False
optimizer[SGD],1.3862943611196876,0.71668424528152,65,hpo-resnet-age-gender-ADD,optimizer,failure_logit,failed,final_budget_only,False
optimizer[SGD],0.431537348420686,0.37162883299894967,186,hpo-resnet-age-gender-REBUTTAL,optimizer,failure_logit,failed,final_budget_only,False
optimizer[SGD],1.3652409519220468,0.7502954335410774,65,hpo-resnet-age-race-ADD,optimizer,failure_logit,failed,final_budget_only,False
optimizer[SGD],0.49729577153655824,0.47280853504960946,157,hpo-resnet-age-race-REBUTTAL,optimizer,failure_logit,failed,final_budget_only,False
optimizer[SGD],20.486454731961203,11351.715006912013,140,hpo-resnet-gender-age-REBUTTAL,optimizer,failure_logit,failed,final_budget_only,False
optimizer[SGD],1.7917594692272107,1.1115893506855619,65,hpo-resnet-gender-race-ADD,optimizer,failure_logit,failed,final_budget_only,False
optimizer[SGD],20.540716832738777,14647.44134207311,137,hpo-resnet-gender-race-REBUTTAL,optimizer,failure_logit,failed,final_budget_only,False
optimizer[SGD],1.0761394328135443,0.5527134986161524,65,hpo-resnet-race-age-ADD,optimizer,failure_logit,failed,final_budget_only,False
optimizer[SGD],-0.2630447680663762,0.7923995703547427,150,hpo-resnet-race-age-REBUTTAL,optimizer,failure_logit,failed,final_budget_only,False
optimizer[SGD],-0.21357410030026033,0.8518991320693762,65,hpo-resnet-race-gender-ADD,optimizer,failure_logit,failed,final_budget_only,False
optimizer[SGD],1.4260346897658092,0.5385291026021137,132,hpo-resnet-race-gender-REBUTTAL,optimizer,failure_logit,failed,final_budget_only,False
loss[CrossEntropy],21.64914591138876,13627.62143815902,73,hpo-baseline-celeba-grey-hair-male,loss,failure_logit,failed,final_budget_only,False
loss[CrossEntropy],20.73285517944659,14271.797443929618,49,hpo-baseline-celeba-male-eyeglasses,loss,failure_logit,failed,final_budget_only,False
loss[CrossEntropy],-0.967584026261796,0.5938278729787864,65,hpo-resnet-age-gender-ADD,loss,failure_logit,failed,final_budget_only,False
loss[CrossEntropy],-0.6435686622454682,0.37452806387615484,186,hpo-resnet-age-gender-REBUTTAL,loss,failure_logit,failed,final_budget_only,False
loss[CrossEntropy],-0.07410797215374393,0.735876353462167,65,hpo-resnet-age-race-ADD,loss,failure_logit,failed,final_budget_only,False
loss[CrossEntropy],-1.75144393204945,0.4673955028467022,157,hpo-resnet-age-race-REBUTTAL,loss,failure_logit,failed,final_budget_only,False
loss[CrossEntropy],-0.8622235106038729,1.167543484532126,140,hpo-resnet-gender-age-REBUTTAL,loss,failure_logit,failed,final_budget_only,False
loss[CrossEntropy],-0.19716806491094974,0.8821975882009693,65,hpo-resnet-gender-race-ADD,loss,failure_logit,failed,final_budget_only,False
loss[CrossEntropy],-20.346560818332883,15887.380776006656,137,hpo-resnet-gender-race-REBUTTAL,loss,failure_logit,failed,final_budget_only,False
loss[CrossEntropy],-1.252762968495164,0.559016915381704,65,hpo-resnet-race-age-ADD,loss,failure_logit,failed,final_budget_only,False
loss[CrossEntropy],-0.7586043972077724,0.5663618560878271,150,hpo-resnet-race-age-REBUTTAL,loss,failure_logit,failed,final_budget_only,False
loss[CrossEntropy],-1.3822539515828836,0.8135187155617256,65,hpo-resnet-race-gender-ADD,loss,failure_logit,failed,final_budget_only,False
loss[CrossEntropy],-0.8000309257582926,0.5129218962049796,132,hpo-resnet-race-gender-REBUTTAL,loss,failure_logit,failed,final_budget_only,False
head[CosFace],21.31330564385318,13913.028168323392,73,hpo-baseline-celeba-grey-hair-male,head,failure_logit,failed,final_budget_only,False
head[CosFace],21.368843946201398,22938.705013366045,49,hpo-baseline-celeba-male-eyeglasses,head,failure_logit,failed,final_budget_only,False
head[CosFace],-23.41336637684843,16065.380176714056,65,hpo-resnet-age-gender-ADD,head,failure_logit,failed,final_budget_only,False
head[CosFace],-23.853750715837727,15292.473061230154,186,hpo-resnet-age-gender-REBUTTAL,head,failure_logit,failed,final_budget_only,False
head[CosFace],-47.13213704697129,31667.734500452094,65,hpo-resnet-age-race-ADD,head,failure_logit,failed,final_budget_only,False
head[CosFace],-26.047673064432878,25693.330370425876,157,hpo-resnet-age-race-REBUTTAL,head,failure_logit,failed,final_budget_only,False
head[CosFace],-21.982070971076933,24328.07584655847,140,hpo-resnet-gender-age-REBUTTAL,head,failure_logit,failed,final_budget_only,False
head[CosFace],1.4271163556401476,0.9128709291752778,65,hpo-resnet-gender-race-ADD,head,failure_logit,failed,final_budget_only,False
head[CosFace],-21.57033624995503,28588.878100320533,137,hpo-resnet-gender-race-REBUTTAL,head,failure_logit,failed,final_budget_only,False
head[CosFace],-4.8675344504555795,1.2755089481940398,65,hpo-resnet-race-age-ADD,head,failure_logit,failed,final_budget_only,False
head[CosFace],-0.747635365844019,0.6103898406557559,150,hpo-resnet-race-age-REBUTTAL,head,failure_logit,failed,final_budget_only,False
head[CosFace],-2.1972245773362205,0.9279607271383373,65,hpo-resnet-race-gender-ADD,head,failure_logit,failed,final_budget_only,False
head[CosFace],-0.14310084364066894,0.6002136371796373,132,hpo-resnet-race-gender-REBUTTAL,head,failure_logit,failed,final_budget_only,False
head[Baseline],18.82839899406517,13913.028193565226,73,hpo-baseline-celeba-grey-hair-male,head,failure_logit,failed,final_budget_only,False
head[Baseline],8.691508433469328e-11,27568.89234291191,49,hpo-baseline-celeba-male-eyeglasses,head,failure_logit,failed,final_budget_only,False
head[Baseline],-26.12141657795066,16065.38020131591,65,hpo-resnet-age-gender-ADD,head,failure_logit,failed,final_budget_only,False
head[Baseline],-26.456440281417876,25128.097367007107,65,hpo-resnet-age-race-ADD,head,failure_logit,failed,final_budget_only,False
head[Baseline],-21.263483430472437,15583.78132756576,65,hpo-resnet-gender-race-ADD,head,failure_logit,failed,final_budget_only,False
head[Baseline],-25.868653616441637,14755.723908339574,65,hpo-resnet-race-age-ADD,head,failure_logit,failed,final_budget_only,False
head[Baseline],-25.070145920226302,13243.667522171449,65,hpo-resnet-race-gender-ADD,head,failure_logit,failed,final_budget_only,False
head[Linear],-28.486049569214057,15292.473087807126,186,hpo-resnet-age-gender-REBUTTAL,head,failure_logit,failed,final_budget_only,False
head[Linear],-49.1321370472392,28726.01246479209,157,hpo-resnet-age-race-REBUTTAL,head,failure_logit,failed,final_budget_only,False
head[Linear],-21.982070971033025,17828.29781645631,140,hpo-resnet-gender-age-REBUTTAL,head,failure_logit,failed,final_budget_only,False
head[Linear],-21.570336249955126,13441.414027054485,137,hpo-resnet-gender-race-REBUTTAL,head,failure_logit,failed,final_budget_only,False
head[Linear],-23.74508797143921,14210.105335873279,150,hpo-resnet-race-age-REBUTTAL,head,failure_logit,failed,final_budget_only,False
head[Linear],-23.792878635274,15548.109330720983,132,hpo-resnet-race-gender-REBUTTAL,head,failure_logit,failed,final_budget_only,False
lr,-0.2331397321517673,0.1180292368060026,67,hpo-baseline-celeba-eyeglasses-male|Adam,lr,total,PR,all,False
lr,-0.5587592835299251,0.17686987192253004,24,hpo-baseline-celeba-eyeglasses-male|SGD,lr,total,PR,all,False
lr,-0.20001743831197116,0.14863082412237483,41,hpo-baseline-celeba-grey-hair-male|Adam,lr,total,PR,all,False
lr,-0.5942631058358063,0.10021102639203719,45,hpo-baseline-celeba-grey-hair-male|SGD,lr,total,PR,all,False
lr,0.3712327480987697,0.15070284789504107,40,hpo-baseline-celeba-male-eyeglasses|Adam,lr,total,PR,all,False
lr,-0.49508692365835244,0.20189723965677972,20,hpo-baseline-celeba-male-eyeglasses|SGD,lr,total,PR,all,False
lr,0.2547206165703272,0.2018441273087418,25,hpo-baseline-celeba-male-gray-hair|Adam,lr,total,PR,all,False
lr,-0.41609699471172473,0.15345816426630216,36,hpo-baseline-celeba-male-gray-hair|SGD,lr,total,PR,all,False
lr,0.09877579039700994,0.12903780302167453,54,hpo-resnet-age-gender-ADD|Adam,lr,total,PR,all,False
lr,-0.21763453914581407,0.09102281534388837,117,hpo-resnet-age-gender-REBUTTAL|Adam,lr,total,PR,all,False
lr,-0.44115869017632253,0.11587752788810794,62,hpo-resnet-age-gender-REBUTTAL|SGD,lr,total,PR,all,False
lr,-0.3467811422944363,0.12322481153312209,58,hpo-resnet-age-race-ADD|Adam,lr,total,PR,all,False
lr,0.26926672353176284,0.08719763610997769,124,hpo-resnet-age-race-REBUTTAL|Adam,lr,total,PR,all,False
lr,0.4641980816417582,0.16767282341584852,30,hpo-resnet-age-race-REBUTTAL|SGD,lr,total,PR,all,False
lr,-0.45192858506778677,0.1067637265192012,68,hpo-resnet-gender-age-ADD|Adam,lr,total,PR,all,False
lr,-0.6091549295774649,0.24937682696079586,12,hpo-resnet-gender-age-ADD|SGD,lr,total,PR,all,False
lr,-0.10897401978940681,0.12916560084484038,61,hpo-resnet-gender-age-REBUTTAL|Adam,lr,total,PR,all,False
lr,-0.10076229391153457,0.09107328589335634,103,hpo-resnet-gender-age-REBUTTAL|SGD,lr,total,PR,all,False
lr,-0.05853021488780709,0.1631504985855668,37,hpo-resnet-gender-race-ADD|Adam,lr,total,PR,all,False
lr,-0.5253319582312754,0.14129411144146445,36,hpo-resnet-gender-race-ADD|SGD,lr,total,PR,all,False
lr,-0.23627532781158195,0.1001706371578191,96,hpo-resnet-gender-race-REBUTTAL|Adam,lr,total,PR,all,False
lr,-0.6465515441314662,0.09397678729777448,66,hpo-resnet-gender-race-REBUTTAL|SGD,lr,total,PR,all,False
lr,-0.3308185284335199,0.149306297555305,42,hpo-resnet-race-age-ADD|Adam,lr,total,PR,all,False
lr,-0.3752759381898457,0.2613160396400597,14,hpo-resnet-race-age-ADD|SGD,lr,total,PR,all,False
lr,0.13619680375413423,0.08691964932976858,131,hpo-resnet-race-age-REBUTTAL|Adam,lr,total,PR,all,False
lr,-0.2872012336160373,0.19850920535812625,25,hpo-resnet-race-age-REBUTTAL|SGD,lr,total,PR,all,False
lr,-0.3109160613397897,0.1323066965851127,53,hpo-resnet-race-gender-ADD|Adam,lr,total,PR,all,False
lr,-0.6554621848739497,0.27906968923976544,9,hpo-resnet-race-gender-ADD|SGD,lr,total,PR,all,False
lr,-0.2705028796889791,0.10020476092094599,94,hpo-resnet-race-gender-REBUTTAL|Adam,lr,total,PR,all,False
lr,-0.694003941071596,0.11555129076811226,40,hpo-resnet-race-gender-REBUTTAL|SGD,lr,total,PR,all,False
lr,-0.06286773507570774,0.06874905766169487,67,hpo-baseline-celeba-eyeglasses-male|Adam,lr,direct_net_of_MA,PR,all,False
lr,-0.3616667253435529,0.12804524549392476,24,hpo-baseline-celeba-eyeglasses-male|SGD,lr,direct_net_of_MA,PR,all,False
lr,-0.2880534125733967,0.13269311250726917,41,hpo-baseline-celeba-grey-hair-male|Adam,lr,direct_net_of_MA,PR,all,False
lr,-0.595777201175319,0.10111090521866076,45,hpo-baseline-celeba-grey-hair-male|SGD,lr,direct_net_of_MA,PR,all,False
lr,0.1084431367479847,0.16722716025080228,40,hpo-baseline-celeba-male-eyeglasses|Adam,lr,direct_net_of_MA,PR,all,False
lr,-0.16352012317051387,0.09229515426102278,20,hpo-baseline-celeba-male-eyeglasses|SGD,lr,direct_net_of_MA,PR,all,False
lr,0.04330327081877826,0.26030022063411606,25,hpo-baseline-celeba-male-gray-hair|Adam,lr,direct_net_of_MA,PR,all,False
lr,-0.06735705151876328,0.14604247552198538,36,hpo-baseline-celeba-male-gray-hair|SGD,lr,direct_net_of_MA,PR,all,False
lr,0.054504220555080946,0.13825486689759833,54,hpo-resnet-age-gender-ADD|Adam,lr,direct_net_of_MA,PR,all,False
lr,0.10842808505058922,0.0810734300245873,117,hpo-resnet-age-gender-REBUTTAL|Adam,lr,direct_net_of_MA,PR,all,False
lr,-0.24592637541295143,0.09130937848684421,62,hpo-resnet-age-gender-REBUTTAL|SGD,lr,direct_net_of_MA,PR,all,False
lr,-0.6129267793779899,0.13311758642117305,58,hpo-resnet-age-race-ADD|Adam,lr,direct_net_of_MA,PR,all,False
lr,0.29238628300100056,0.08493028055498952,124,hpo-resnet-age-race-REBUTTAL|Adam,lr,direct_net_of_MA,PR,all,False
lr,0.3954590894119979,0.18117617213840842,30,hpo-resnet-age-race-REBUTTAL|SGD,lr,direct_net_of_MA,PR,all,False
lr,-0.0557515102044902,0.09064888567104229,68,hpo-resnet-gender-age-ADD|Adam,lr,direct_net_of_MA,PR,all,False
lr,-0.0221621621621627,0.1510139376593151,12,hpo-resnet-gender-age-ADD|SGD,lr,direct_net_of_MA,PR,all,False
lr,-0.04407064488798936,0.1076678995879201,61,hpo-resnet-gender-age-REBUTTAL|Adam,lr,direct_net_of_MA,PR,all,False
lr,0.0516211975000957,0.06705148493647015,103,hpo-resnet-gender-age-REBUTTAL|SGD,lr,direct_net_of_MA,PR,all,False
lr,0.06648703921838406,0.10434842936431321,37,hpo-resnet-gender-race-ADD|Adam,lr,direct_net_of_MA,PR,all,False
lr,-0.4219167734985851,0.1081478676742247,36,hpo-resnet-gender-race-ADD|SGD,lr,direct_net_of_MA,PR,all,False
lr,-0.2561868006893222,0.0960013915051675,96,hpo-resnet-gender-race-REBUTTAL|Adam,lr,direct_net_of_MA,PR,all,False
lr,-0.5595677539568987,0.11525980565946485,66,hpo-resnet-gender-race-REBUTTAL|SGD,lr,direct_net_of_MA,PR,all,False
lr,-0.26591014253678863,0.1645212173692311,42,hpo-resnet-race-age-ADD|Adam,lr,direct_net_of_MA,PR,all,False
lr,-0.26653667465852265,0.16851578744999193,14,hpo-resnet-race-age-ADD|SGD,lr,direct_net_of_MA,PR,all,False
lr,0.13597288216407985,0.0731763280373185,131,hpo-resnet-race-age-REBUTTAL|Adam,lr,direct_net_of_MA,PR,all,False
lr,-0.2336787024570705,0.16978555998767741,25,hpo-resnet-race-age-REBUTTAL|SGD,lr,direct_net_of_MA,PR,all,False
lr,-0.05783066697257386,0.12440035151348815,53,hpo-resnet-race-gender-ADD|Adam,lr,direct_net_of_MA,PR,all,False
lr,-0.5752364574376615,0.21375509482089647,9,hpo-resnet-race-gender-ADD|SGD,lr,direct_net_of_MA,PR,all,False
lr,-0.22897701620008987,0.09849244500052663,94,hpo-resnet-race-gender-REBUTTAL|Adam,lr,direct_net_of_MA,PR,all,False
lr,-0.5128263234023918,0.09756127322552008,40,hpo-resnet-race-gender-REBUTTAL|SGD,lr,direct_net_of_MA,PR,all,False
lr,-0.21194339660299774,0.1212333707637053,67,hpo-baseline-celeba-eyeglasses-male|Adam,lr,total,MA,all,False
lr,-0.30668414154652657,0.20346436244635344,24,hpo-baseline-celeba-eyeglasses-male|SGD,lr,total,MA,all,False
lr,-0.18632836341442144,0.1573949512585745,41,hpo-baseline-celeba-grey-hair-male|Adam,lr,total,MA,all,False
lr,0.028684470820969393,0.15250119619757613,45,hpo-baseline-celeba-grey-hair-male|SGD,lr,total,MA,all,False
lr,-0.5593840953901039,0.13454938683437542,40,hpo-baseline-celeba-male-eyeglasses|Adam,lr,total,MA,all,False
lr,-0.3915343915343918,0.21756120793121392,20,hpo-baseline-celeba-male-eyeglasses|SGD,lr,total,MA,all,False
lr,-0.64393063583815,0.15979336092519178,25,hpo-baseline-celeba-male-gray-hair|Adam,lr,total,MA,all,False
lr,-0.5377273313556045,0.14481651846726754,36,hpo-baseline-celeba-male-gray-hair|SGD,lr,total,MA,all,False
lr,-0.35475382327142335,0.12969517873027397,54,hpo-resnet-age-gender-ADD|Adam,lr,total,MA,all,False
lr,-0.4722153525633819,0.08220705769142386,117,hpo-resnet-age-gender-REBUTTAL|Adam,lr,total,MA,all,False
lr,-0.3091687657430731,0.12279330548897656,62,hpo-resnet-age-gender-REBUTTAL|SGD,lr,total,MA,all,False
lr,-0.5463749384539633,0.11195299363271173,58,hpo-resnet-age-race-ADD|Adam,lr,total,MA,all,False
lr,0.09226938947659975,0.0901551082735572,124,hpo-resnet-age-race-REBUTTAL|Adam,lr,total,MA,all,False
lr,-0.37943341512380085,0.17512312632118524,30,hpo-resnet-age-race-REBUTTAL|SGD,lr,total,MA,all,False
lr,-0.5429826236394881,0.10339191938101362,68,hpo-resnet-gender-age-ADD|Adam,lr,total,MA,all,False
lr,-0.6408450704225352,0.2442048011887282,12,hpo-resnet-gender-age-ADD|SGD,lr,total,MA,all,False
lr,-0.11389491507487173,0.1293781432613607,61,hpo-resnet-gender-age-REBUTTAL|Adam,lr,total,MA,all,False
lr,-0.23096187432036122,0.09681734875656617,103,hpo-resnet-gender-age-REBUTTAL|SGD,lr,total,MA,all,False
lr,-0.1633028612133443,0.1668837787259207,37,hpo-resnet-gender-race-ADD|Adam,lr,total,MA,all,False
lr,-0.1839628722444246,0.16871779145951557,36,hpo-resnet-gender-race-ADD|SGD,lr,total,MA,all,False
lr,-0.06628136510714493,0.10292337578691607,96,hpo-resnet-gender-race-REBUTTAL|Adam,lr,total,MA,all,False
lr,-0.5849324507736328,0.10140777510659517,66,hpo-resnet-gender-race-REBUTTAL|SGD,lr,total,MA,all,False
lr,-0.4176198588464346,0.1437645098623905,42,hpo-resnet-race-age-ADD|Adam,lr,total,MA,all,False
lr,-0.15011037527593846,0.2857263231300891,14,hpo-resnet-race-age-ADD|SGD,lr,total,MA,all,False
lr,0.00041641419331774033,0.08804896075510803,131,hpo-resnet-race-age-REBUTTAL|Adam,lr,total,MA,all,False
lr,-0.10100231303006944,0.20769035928641552,25,hpo-resnet-race-age-REBUTTAL|SGD,lr,total,MA,all,False
lr,-0.4392050040355123,0.1258402022062245,53,hpo-resnet-race-gender-ADD|Adam,lr,total,MA,all,False
lr,-0.1512605042016807,0.37521872120769983,9,hpo-resnet-race-gender-ADD|SGD,lr,total,MA,all,False
lr,-0.1618479148450315,0.10289486480706914,94,hpo-resnet-race-gender-REBUTTAL|Adam,lr,total,MA,all,False
lr,-0.3723374307966593,0.15058188389166177,40,hpo-resnet-race-gender-REBUTTAL|SGD,lr,total,MA,all,False
weight_decay,-0.5382323654757635,0.08770277170861764,91,hpo-baseline-celeba-eyeglasses-male,weight_decay,total,PR,all,False
weight_decay,-0.3811775141786755,0.09141302197350415,86,hpo-baseline-celeba-grey-hair-male,weight_decay,total,PR,all,False
weight_decay,-0.4819869906043255,0.11496450927073702,60,hpo-baseline-celeba-male-eyeglasses,weight_decay,total,PR,all,False
weight_decay,-0.5575579549063194,0.10768393822464443,61,hpo-baseline-celeba-male-gray-hair,weight_decay,total,PR,all,False
weight_decay,-0.4054985683707229,0.11333313622618756,60,hpo-resnet-age-gender-ADD,weight_decay,total,PR,all,False
weight_decay,-0.5586826265862187,0.06234245626988416,179,hpo-resnet-age-gender-REBUTTAL,weight_decay,total,PR,all,False
weight_decay,0.06345910024920208,0.12440951326478582,65,hpo-resnet-age-race-ADD,weight_decay,total,PR,all,False
weight_decay,0.051801587171187755,0.08100548074603049,154,hpo-resnet-age-race-REBUTTAL,weight_decay,total,PR,all,False
weight_decay,-0.3868483065055042,0.10204392316251391,80,hpo-resnet-gender-age-ADD,weight_decay,total,PR,all,False
weight_decay,-0.4640124719761443,0.06678223832636941,164,hpo-resnet-gender-age-REBUTTAL,weight_decay,total,PR,all,False
weight_decay,-0.6112371340832989,0.08962574348609753,73,hpo-resnet-gender-race-ADD,weight_decay,total,PR,all,False
weight_decay,0.12566952471684134,0.0782477751392168,162,hpo-resnet-gender-race-REBUTTAL,weight_decay,total,PR,all,False
weight_decay,-0.4682659097903769,0.12019363280464629,56,hpo-resnet-race-age-ADD,weight_decay,total,PR,all,False
weight_decay,-0.38163805284836816,0.07414286333693232,156,hpo-resnet-race-age-REBUTTAL,weight_decay,total,PR,all,False
weight_decay,-0.7352563295125336,0.08618716388609823,62,hpo-resnet-race-gender-ADD,weight_decay,total,PR,all,False
weight_decay,-0.37198166428076185,0.08055932113333733,134,hpo-resnet-race-gender-REBUTTAL,weight_decay,total,PR,all,False
weight_decay,-0.21218811346889138,0.07673389144782584,91,hpo-baseline-celeba-eyeglasses-male,weight_decay,direct_net_of_MA,PR,all,False
weight_decay,-0.3953376242420164,0.08967296966987982,86,hpo-baseline-celeba-grey-hair-male,weight_decay,direct_net_of_MA,PR,all,False
weight_decay,-0.5698930451030353,0.12608238231494523,60,hpo-baseline-celeba-male-eyeglasses,weight_decay,direct_net_of_MA,PR,all,False
weight_decay,-0.5678297676822516,0.09617967479529986,61,hpo-baseline-celeba-male-gray-hair,weight_decay,direct_net_of_MA,PR,all,False
weight_decay,-0.38937488211356613,0.1160736447046869,60,hpo-resnet-age-gender-ADD,weight_decay,direct_net_of_MA,PR,all,False
weight_decay,-0.4065704957356485,0.061793730250684936,179,hpo-resnet-age-gender-REBUTTAL,weight_decay,direct_net_of_MA,PR,all,False
weight_decay,0.10549953261051594,0.12339949754916749,65,hpo-resnet-age-race-ADD,weight_decay,direct_net_of_MA,PR,all,False
weight_decay,0.024740678149615253,0.07821557442586391,154,hpo-resnet-age-race-REBUTTAL,weight_decay,direct_net_of_MA,PR,all,False
weight_decay,-0.162545054991104,0.07188943595006395,80,hpo-resnet-gender-age-ADD,weight_decay,direct_net_of_MA,PR,all,False
weight_decay,-0.1986819636754317,0.053693936839113034,164,hpo-resnet-gender-age-REBUTTAL,weight_decay,direct_net_of_MA,PR,all,False
weight_decay,-0.33953022266669375,0.08775811237031922,73,hpo-resnet-gender-race-ADD,weight_decay,direct_net_of_MA,PR,all,False
weight_decay,0.18924027820019615,0.08174771988612324,162,hpo-resnet-gender-race-REBUTTAL,weight_decay,direct_net_of_MA,PR,all,False
weight_decay,-0.4075232276092057,0.12781351093169274,56,hpo-resnet-race-age-ADD,weight_decay,direct_net_of_MA,PR,all,False
weight_decay,-0.14890535947480074,0.07104061696900843,156,hpo-resnet-race-age-REBUTTAL,weight_decay,direct_net_of_MA,PR,all,False
weight_decay,-0.625965919022927,0.09299527263114746,62,hpo-resnet-race-gender-ADD,weight_decay,direct_net_of_MA,PR,all,False
weight_decay,-0.2695527427701518,0.07933657786014396,134,hpo-resnet-race-gender-REBUTTAL,weight_decay,direct_net_of_MA,PR,all,False
weight_decay,-0.5106623650774679,0.09115873392857497,91,hpo-baseline-celeba-eyeglasses-male,weight_decay,total,MA,all,False
weight_decay,-0.07244571525634907,0.10883411705480865,86,hpo-baseline-celeba-grey-hair-male,weight_decay,total,MA,all,False
weight_decay,-0.4363151164730086,0.11818117920067778,60,hpo-baseline-celeba-male-eyeglasses,weight_decay,total,MA,all,False
weight_decay,0.026701598391023592,0.1301976238636537,61,hpo-baseline-celeba-male-gray-hair,weight_decay,total,MA,all,False
weight_decay,0.19603591582575777,0.12879029308310555,60,hpo-resnet-age-gender-ADD,weight_decay,total,MA,all,False
weight_decay,-0.3984846376532601,0.06894119572847697,179,hpo-resnet-age-gender-REBUTTAL,weight_decay,total,MA,all,False
weight_decay,0.17109692650723574,0.12414992724659754,65,hpo-resnet-age-race-ADD,weight_decay,total,MA,all,False
weight_decay,-0.09418201534594092,0.08075385418840739,154,hpo-resnet-age-race-REBUTTAL,weight_decay,total,MA,all,False
weight_decay,-0.31589622143803414,0.10744232827683386,80,hpo-resnet-gender-age-ADD,weight_decay,total,MA,all,False
weight_decay,-0.41505098709270183,0.07148243204260973,164,hpo-resnet-gender-age-REBUTTAL,weight_decay,total,MA,all,False
weight_decay,-0.5341573692575964,0.10035040948531469,73,hpo-resnet-gender-race-ADD,weight_decay,total,MA,all,False
weight_decay,-0.33030027169118936,0.07462207030688078,162,hpo-resnet-gender-race-REBUTTAL,weight_decay,total,MA,all,False
weight_decay,-0.3578976165236122,0.12710861756293673,56,hpo-resnet-race-age-ADD,weight_decay,total,MA,all,False
weight_decay,-0.44089094294411985,0.07232977127169535,156,hpo-resnet-race-age-REBUTTAL,weight_decay,total,MA,all,False
weight_decay,-0.4615442750976195,0.1145354997786737,62,hpo-resnet-race-gender-ADD,weight_decay,total,MA,all,False
weight_decay,-0.2998309083563194,0.08303767635786295,134,hpo-resnet-race-gender-REBUTTAL,weight_decay,total,MA,all,False
batch_size,-0.18645380163639938,0.1028536188299313,91,hpo-baseline-celeba-eyeglasses-male,batch_size,total,PR,all,False
batch_size,0.03647817169645479,0.10042928763312672,86,hpo-baseline-celeba-grey-hair-male,batch_size,total,PR,all,False
batch_size,-0.07214797868482,0.13113125295937542,60,hpo-baseline-celeba-male-eyeglasses,batch_size,total,PR,all,False
batch_size,-0.2729996288244337,0.1250317060054111,61,hpo-baseline-celeba-male-gray-hair,batch_size,total,PR,all,False
batch_size,-0.13870751716055593,0.1241238384473212,60,hpo-resnet-age-gender-ADD,batch_size,total,PR,all,False
batch_size,0.24689408989981623,0.07343638020766297,179,hpo-resnet-age-gender-REBUTTAL,batch_size,total,PR,all,False
batch_size,-0.3768586706693558,0.1200841243540186,65,hpo-resnet-age-race-ADD,batch_size,total,PR,all,False
batch_size,-0.22891094432174022,0.07937499012625729,154,hpo-resnet-age-race-REBUTTAL,batch_size,total,PR,all,False
batch_size,-0.18157838958102743,0.10937698662928565,80,hpo-resnet-gender-age-ADD,batch_size,total,PR,all,False
batch_size,0.15112814021581297,0.07533839640646713,164,hpo-resnet-gender-age-REBUTTAL,batch_size,total,PR,all,False
batch_size,-0.1942612035058381,0.11317997598825119,73,hpo-resnet-gender-race-ADD,batch_size,total,PR,all,False
batch_size,-0.3382125134936247,0.07480632371656634,162,hpo-resnet-gender-race-REBUTTAL,batch_size,total,PR,all,False
batch_size,-0.030115115801013913,0.13610730543688607,56,hpo-resnet-race-age-ADD,batch_size,total,PR,all,False
batch_size,-0.049398543842988245,0.08022490818050848,156,hpo-resnet-race-age-REBUTTAL,batch_size,total,PR,all,False
batch_size,-0.47585680040041084,0.11582373590180953,62,hpo-resnet-race-gender-ADD,batch_size,total,PR,all,False
batch_size,0.11416468255458481,0.08642016778846916,134,hpo-resnet-race-gender-REBUTTAL,batch_size,total,PR,all,False
batch_size,-0.17844462885843526,0.06618117251153045,91,hpo-baseline-celeba-eyeglasses-male,batch_size,direct_net_of_MA,PR,all,False
batch_size,0.0390328924684136,0.09935608781387897,86,hpo-baseline-celeba-grey-hair-male,batch_size,direct_net_of_MA,PR,all,False
batch_size,-0.09778053037238965,0.1394671769009774,60,hpo-baseline-celeba-male-eyeglasses,batch_size,direct_net_of_MA,PR,all,False
batch_size,-0.370139879951975,0.11484469342759629,61,hpo-baseline-celeba-male-gray-hair,batch_size,direct_net_of_MA,PR,all,False
batch_size,-0.1038485208374645,0.1286976756134011,60,hpo-resnet-age-gender-ADD,batch_size,direct_net_of_MA,PR,all,False
batch_size,0.0951561765031866,0.06626165646459065,179,hpo-resnet-age-gender-REBUTTAL,batch_size,direct_net_of_MA,PR,all,False
batch_size,-0.3643124891183814,0.11815503040277517,65,hpo-resnet-age-race-ADD,batch_size,direct_net_of_MA,PR,all,False
batch_size,-0.23722380110328445,0.0758947420914845,154,hpo-resnet-age-race-REBUTTAL,batch_size,direct_net_of_MA,PR,all,False
batch_size,-0.21041979803391883,0.06644727569022565,80,hpo-resnet-gender-age-ADD,batch_size,direct_net_of_MA,PR,all,False
batch_size,-0.002873865133230642,0.0522021551164341,164,hpo-resnet-gender-age-REBUTTAL,batch_size,direct_net_of_MA,PR,all,False
batch_size,-0.06982997151176301,0.08287862332872326,73,hpo-resnet-gender-race-ADD,batch_size,direct_net_of_MA,PR,all,False
batch_size,-0.3576556116710036,0.07429439636993036,162,hpo-resnet-gender-race-REBUTTAL,batch_size,direct_net_of_MA,PR,all,False
batch_size,-0.05132176313047548,0.13051787481574403,56,hpo-resnet-race-age-ADD,batch_size,direct_net_of_MA,PR,all,False
batch_size,-0.1468808238038429,0.06445569314085202,156,hpo-resnet-race-age-REBUTTAL,batch_size,direct_net_of_MA,PR,all,False
batch_size,-0.5066176081362442,0.09093744601414697,62,hpo-resnet-race-gender-ADD,batch_size,direct_net_of_MA,PR,all,False
batch_size,0.07593447446181963,0.07916159799856926,134,hpo-resnet-race-gender-REBUTTAL,batch_size,direct_net_of_MA,PR,all,False
batch_size,-0.010752344841348647,0.10612262521603277,91,hpo-baseline-celeba-eyeglasses-male,batch_size,total,MA,all,False
batch_size,0.0152594916968326,0.10919366187534794,86,hpo-baseline-celeba-grey-hair-male,batch_size,total,MA,all,False
batch_size,0.3254470886923527,0.1244425786199412,60,hpo-baseline-celeba-male-eyeglasses,batch_size,total,MA,all,False
batch_size,0.21618325467946364,0.12729047786295722,61,hpo-baseline-celeba-male-gray-hair,batch_size,total,MA,all,False
batch_size,0.26603047045036016,0.12686329167316107,60,hpo-resnet-age-gender-ADD,batch_size,total,MA,all,False
batch_size,0.2939602876964102,0.07245055527705106,179,hpo-resnet-age-gender-REBUTTAL,batch_size,total,MA,all,False
batch_size,0.06057976452929318,0.13029582717777474,65,hpo-resnet-age-race-ADD,batch_size,total,MA,all,False
batch_size,-0.02806066147491908,0.08148587044351471,154,hpo-resnet-age-race-REBUTTAL,batch_size,total,MA,all,False
batch_size,0.03749322908080352,0.11340996846306962,80,hpo-resnet-gender-age-ADD,batch_size,total,MA,all,False
batch_size,0.21319840668819107,0.07695665232521297,164,hpo-resnet-gender-age-REBUTTAL,batch_size,total,MA,all,False
batch_size,-0.18374678683142887,0.11688630445538166,73,hpo-resnet-gender-race-ADD,batch_size,total,MA,all,False
batch_size,0.11421691162785395,0.07911187371730476,162,hpo-resnet-gender-race-REBUTTAL,batch_size,total,MA,all,False
batch_size,0.06649993147869006,0.1359473117998602,56,hpo-resnet-race-age-ADD,batch_size,total,MA,all,False
batch_size,0.15807059195948092,0.07962795050194886,156,hpo-resnet-race-age-REBUTTAL,batch_size,total,MA,all,False
batch_size,0.05566239034798858,0.13182765718290215,62,hpo-resnet-race-gender-ADD,batch_size,total,MA,all,False
batch_size,0.09201523197211961,0.08684141215978303,134,hpo-resnet-race-gender-REBUTTAL,batch_size,total,MA,all,False
optimizer[SGD],0.47512437810945246,0.12746000105655023,91,hpo-baseline-celeba-eyeglasses-male,optimizer,total,PR,all,False
optimizer[SGD],-0.07046070460704597,0.11581451647799174,86,hpo-baseline-celeba-grey-hair-male,optimizer,total,PR,all,False
optimizer[SGD],0.19249999999999998,0.15866869354206206,60,hpo-baseline-celeba-male-eyeglasses,optimizer,total,PR,all,False
optimizer[SGD],-0.06666666666666676,0.15212164854374496,61,hpo-baseline-celeba-male-gray-hair,optimizer,total,PR,all,False
optimizer[SGD],0.734567901234568,0.22073731691444642,60,hpo-resnet-age-gender-ADD,optimizer,total,PR,all,False
optimizer[SGD],0.5478356768679347,0.08137821377482832,179,hpo-resnet-age-gender-REBUTTAL,optimizer,total,PR,all,False
optimizer[SGD],0.7635467980295567,0.21125248847470715,65,hpo-resnet-age-race-ADD,optimizer,total,PR,all,False
optimizer[SGD],0.35215053763440857,0.11473625358678163,154,hpo-resnet-age-race-REBUTTAL,optimizer,total,PR,all,False
optimizer[SGD],0.26960784313725483,0.176900470064143,80,hpo-resnet-gender-age-ADD,optimizer,total,PR,all,False
optimizer[SGD],-0.5295241126850231,0.08080045224459542,164,hpo-resnet-gender-age-REBUTTAL,optimizer,total,PR,all,False
optimizer[SGD],0.04879879879879896,0.13299341620044383,73,hpo-resnet-gender-race-ADD,optimizer,total,PR,all,False
optimizer[SGD],-0.13983585858585834,0.09201534736767923,162,hpo-resnet-gender-race-REBUTTAL,optimizer,total,PR,all,False
optimizer[SGD],0.11734693877550995,0.18060160421202234,56,hpo-resnet-race-age-ADD,optimizer,total,PR,all,False
optimizer[SGD],0.3300763358778638,0.12349030354196533,156,hpo-resnet-race-age-REBUTTAL,optimizer,total,PR,all,False
optimizer[SGD],0.3249475890985322,0.20583458376967595,62,hpo-resnet-race-gender-ADD,optimizer,total,PR,all,False
optimizer[SGD],0.2117021276595748,0.10797387561740493,134,hpo-resnet-race-gender-REBUTTAL,optimizer,total,PR,all,False
optimizer[SGD],0.490098969097656,0.07342042483078957,91,hpo-baseline-celeba-eyeglasses-male,optimizer,direct_net_of_MA,PR,all,False
optimizer[SGD],-0.026092847392718416,0.11818722647494921,86,hpo-baseline-celeba-grey-hair-male,optimizer,direct_net_of_MA,PR,all,False
optimizer[SGD],0.27052094399757204,0.17678272117349728,60,hpo-baseline-celeba-male-eyeglasses,optimizer,direct_net_of_MA,PR,all,False
optimizer[SGD],0.08863900688982437,0.151043778773408,61,hpo-baseline-celeba-male-gray-hair,optimizer,direct_net_of_MA,PR,all,False
optimizer[SGD],0.7215586362448594,0.2200285008543105,60,hpo-resnet-age-gender-ADD,optimizer,direct_net_of_MA,PR,all,False
optimizer[SGD],0.557855322920865,0.06422837030646959,179,hpo-resnet-age-gender-REBUTTAL,optimizer,direct_net_of_MA,PR,all,False
optimizer[SGD],0.7142484826532141,0.21204514859731943,65,hpo-resnet-age-race-ADD,optimizer,direct_net_of_MA,PR,all,False
optimizer[SGD],0.3034645542957075,0.1117728584291621,154,hpo-resnet-age-race-REBUTTAL,optimizer,direct_net_of_MA,PR,all,False
optimizer[SGD],0.2827027461887221,0.10921951670391937,80,hpo-resnet-gender-age-ADD,optimizer,direct_net_of_MA,PR,all,False
optimizer[SGD],-0.21735097859780753,0.06416881198101955,164,hpo-resnet-gender-age-REBUTTAL,optimizer,direct_net_of_MA,PR,all,False
optimizer[SGD],0.11376983358896335,0.09369967571308281,73,hpo-resnet-gender-race-ADD,optimizer,direct_net_of_MA,PR,all,False
optimizer[SGD],-0.10683123127755026,0.09522884651645704,162,hpo-resnet-gender-race-REBUTTAL,optimizer,direct_net_of_MA,PR,all,False
optimizer[SGD],0.3555989526449516,0.1848494703551901,56,hpo-resnet-race-age-ADD,optimizer,direct_net_of_MA,PR,all,False
optimizer[SGD],0.24643158106081461,0.1002500807415527,156,hpo-resnet-race-age-REBUTTAL,optimizer,direct_net_of_MA,PR,all,False
optimizer[SGD],0.5132251703496434,0.1706580784895082,62,hpo-resnet-race-gender-ADD,optimizer,direct_net_of_MA,PR,all,False
optimizer[SGD],0.2584799867897663,0.09737637575297937,134,hpo-resnet-race-gender-REBUTTAL,optimizer,direct_net_of_MA,PR,all,False
optimizer[SGD],-0.019900497512437828,0.13885656169718952,91,hpo-baseline-celeba-eyeglasses-male,optimizer,total,MA,all,False
optimizer[SGD],0.27479674796747966,0.12249841074811996,86,hpo-baseline-celeba-grey-hair-male,optimizer,total,MA,all,False
optimizer[SGD],-0.5399999999999997,0.14431666172197405,60,hpo-baseline-celeba-male-eyeglasses,optimizer,total,MA,all,False
optimizer[SGD],-0.39333333333333315,0.14397896896013956,61,hpo-baseline-celeba-male-gray-hair,optimizer,total,MA,all,False
optimizer[SGD],-0.09259259259259259,0.25237156203927485,60,hpo-resnet-age-gender-ADD,optimizer,total,MA,all,False
optimizer[SGD],-0.01819685690653442,0.0911929730204071,179,hpo-resnet-age-gender-REBUTTAL,optimizer,total,MA,all,False
optimizer[SGD],-0.2955665024630539,0.2316476778167846,65,hpo-resnet-age-race-ADD,optimizer,total,MA,all,False
optimizer[SGD],-0.18494623655913944,0.11728269069529278,154,hpo-resnet-age-race-REBUTTAL,optimizer,total,MA,all,False
optimizer[SGD],-0.017156862745098114,0.18304836981678851,80,hpo-resnet-gender-age-ADD,optimizer,total,MA,all,False
optimizer[SGD],-0.48145790227598295,0.0858884923930958,164,hpo-resnet-gender-age-REBUTTAL,optimizer,total,MA,all,False
optimizer[SGD],-0.09309309309309297,0.13659060042506052,73,hpo-resnet-gender-race-ADD,optimizer,total,MA,all,False
optimizer[SGD],-0.3118686868686863,0.08956028454709306,162,hpo-resnet-gender-race-REBUTTAL,optimizer,total,MA,all,False
optimizer[SGD],-0.5578231292517009,0.16476602390710357,56,hpo-resnet-race-age-ADD,optimizer,total,MA,all,False
optimizer[SGD],0.14442748091603094,0.1262852236184384,156,hpo-resnet-race-age-REBUTTAL,optimizer,total,MA,all,False
optimizer[SGD],-0.3207547169811321,0.20744104005971317,62,hpo-resnet-race-gender-ADD,optimizer,total,MA,all,False
optimizer[SGD],-0.10638297872340449,0.10942127310297727,134,hpo-resnet-race-gender-REBUTTAL,optimizer,total,MA,all,False
loss[CrossEntropy],0.14319526627218962,0.132818523654636,91,hpo-baseline-celeba-eyeglasses-male,loss,total,PR,all,False
loss[CrossEntropy],-0.06233062330623324,0.1158699903300177,86,hpo-baseline-celeba-grey-hair-male,loss,total,PR,all,False
loss[CrossEntropy],0.2657252888318355,0.1590381863907648,60,hpo-baseline-celeba-male-eyeglasses,loss,total,PR,all,False
loss[CrossEntropy],0.2807486631016048,0.1630894003205948,61,hpo-baseline-celeba-male-gray-hair,loss,total,PR,all,False
loss[CrossEntropy],-0.2314814814814812,0.14434934404148464,60,hpo-resnet-age-gender-ADD,loss,total,PR,all,False
loss[CrossEntropy],-0.45238095238095205,0.08719981994767481,179,hpo-resnet-age-gender-REBUTTAL,loss,total,PR,all,False
loss[CrossEntropy],0.15686274509803952,0.16253672667950136,65,hpo-resnet-age-race-ADD,loss,total,PR,all,False
loss[CrossEntropy],-0.11052353252247467,0.09532586672310044,154,hpo-resnet-age-race-REBUTTAL,loss,total,PR,all,False
loss[CrossEntropy],0.011882426516572665,0.12823246218607173,80,hpo-resnet-gender-age-ADD,loss,total,PR,all,False
loss[CrossEntropy],0.13984645491494804,0.08769962422347183,164,hpo-resnet-gender-age-REBUTTAL,loss,total,PR,all,False
loss[CrossEntropy],0.041208791208791416,0.14694063254871206,73,hpo-resnet-gender-race-ADD,loss,total,PR,all,False
loss[CrossEntropy],0.1362804878048781,0.09044155880139776,162,hpo-resnet-gender-race-REBUTTAL,loss,total,PR,all,False
loss[CrossEntropy],-0.24598930481283401,0.15722577317068473,56,hpo-resnet-race-age-ADD,loss,total,PR,all,False
loss[CrossEntropy],-0.18754119973632147,0.09156442933914019,156,hpo-resnet-race-age-REBUTTAL,loss,total,PR,all,False
loss[CrossEntropy],0.4880952380952385,0.14521579701744275,62,hpo-resnet-race-gender-ADD,loss,total,PR,all,False
loss[CrossEntropy],-0.10645236431399956,0.10209031501782571,134,hpo-resnet-race-gender-REBUTTAL,loss,total,PR,all,False
loss[CrossEntropy],0.20410138232977512,0.08533269121633977,91,hpo-baseline-celeba-eyeglasses-male,loss,direct_net_of_MA,PR,all,False
loss[CrossEntropy],-0.07124871880392855,0.11468491480639127,86,hpo-baseline-celeba-grey-hair-male,loss,direct_net_of_MA,PR,all,False
loss[CrossEntropy],0.27632854713786514,0.16108708658702553,60,hpo-baseline-celeba-male-eyeglasses,loss,direct_net_of_MA,PR,all,False
loss[CrossEntropy],0.10920773375100758,0.1699512466754892,61,hpo-baseline-celeba-male-gray-hair,loss,direct_net_of_MA,PR,all,False
loss[CrossEntropy],-0.22583258650349697,0.14372401239012242,60,hpo-resnet-age-gender-ADD,loss,direct_net_of_MA,PR,all,False
loss[CrossEntropy],-0.4515921785507169,0.07103888611119026,179,hpo-resnet-age-gender-REBUTTAL,loss,direct_net_of_MA,PR,all,False
loss[CrossEntropy],0.21740685649525432,0.16090837376872885,65,hpo-resnet-age-race-ADD,loss,direct_net_of_MA,PR,all,False
loss[CrossEntropy],-0.05869316399255037,0.09295813014623523,154,hpo-resnet-age-race-REBUTTAL,loss,direct_net_of_MA,PR,all,False
loss[CrossEntropy],-0.11468780032468928,0.08112032151454301,80,hpo-resnet-gender-age-ADD,loss,direct_net_of_MA,PR,all,False
loss[CrossEntropy],-0.0024406213070212947,0.059980994455443845,164,hpo-resnet-gender-age-REBUTTAL,loss,direct_net_of_MA,PR,all,False
loss[CrossEntropy],0.0862938572784016,0.10385385134663455,73,hpo-resnet-gender-race-ADD,loss,direct_net_of_MA,PR,all,False
loss[CrossEntropy],0.12636423591565069,0.09025810362989789,162,hpo-resnet-gender-race-REBUTTAL,loss,direct_net_of_MA,PR,all,False
loss[CrossEntropy],-0.3394658442177586,0.15042583226076436,56,hpo-resnet-race-age-ADD,loss,direct_net_of_MA,PR,all,False
loss[CrossEntropy],-0.146604818273361,0.07396587156649083,156,hpo-resnet-race-age-REBUTTAL,loss,direct_net_of_MA,PR,all,False
loss[CrossEntropy],0.39328013969489095,0.12733934818547138,62,hpo-resnet-race-gender-ADD,loss,direct_net_of_MA,PR,all,False
loss[CrossEntropy],-0.09948539224191896,0.0928198156397972,134,hpo-resnet-race-gender-REBUTTAL,loss,direct_net_of_MA,PR,all,False
loss[CrossEntropy],-0.08047337278106531,0.13519275173991033,91,hpo-baseline-celeba-eyeglasses-male,loss,total,MA,all,False
loss[CrossEntropy],-0.052574525745257686,0.12598381724048432,86,hpo-baseline-celeba-grey-hair-male,loss,total,MA,all,False
loss[CrossEntropy],-0.14505776636713733,0.1618304137050462,60,hpo-baseline-celeba-male-eyeglasses,loss,total,MA,all,False
loss[CrossEntropy],0.5106951871657764,0.15387340363907262,61,hpo-baseline-celeba-male-gray-hair,loss,total,MA,all,False
loss[CrossEntropy],0.03703703703703713,0.15464817380257073,60,hpo-resnet-age-gender-ADD,loss,total,MA,all,False
loss[CrossEntropy],-0.0014518002322877412,0.09359488796339085,179,hpo-resnet-age-gender-REBUTTAL,loss,total,MA,all,False
loss[CrossEntropy],0.2352941176470591,0.16281876545835525,65,hpo-resnet-age-race-ADD,loss,total,MA,all,False
loss[CrossEntropy],0.18385334038427603,0.09457803002994117,154,hpo-resnet-age-race-REBUTTAL,loss,total,MA,all,False
loss[CrossEntropy],0.16322701688555316,0.12945831381838743,80,hpo-resnet-gender-age-ADD,loss,total,MA,all,False
loss[CrossEntropy],0.19704952581664917,0.08994840195796608,164,hpo-resnet-gender-age-REBUTTAL,loss,total,MA,all,False
loss[CrossEntropy],-0.06501831501831483,0.15115150295431012,73,hpo-resnet-gender-race-ADD,loss,total,MA,all,False
loss[CrossEntropy],0.08109756097560979,0.09106690390728985,162,hpo-resnet-gender-race-REBUTTAL,loss,total,MA,all,False
loss[CrossEntropy],0.24866310160427849,0.1572434853539942,56,hpo-resnet-race-age-ADD,loss,total,MA,all,False
loss[CrossEntropy],-0.06987475280158197,0.09299880009368611,156,hpo-resnet-race-age-REBUTTAL,loss,total,MA,all,False
loss[CrossEntropy],0.20000000000000023,0.15729894961318464,62,hpo-resnet-race-gender-ADD,loss,total,MA,all,False
loss[CrossEntropy],-0.01653855112974606,0.10275951829990522,134,hpo-resnet-race-gender-REBUTTAL,loss,total,MA,all,False
head[CosFace],0.6110260057628476,0.10688892766179114,91,hpo-baseline-celeba-eyeglasses-male,head,total,PR,all,False
head[CosFace],0.4151360544217691,0.09219402042545025,86,hpo-baseline-celeba-grey-hair-male,head,total,PR,all,False
head[CosFace],0.4967008797653958,0.11996552305698673,60,hpo-baseline-celeba-male-eyeglasses,head,total,PR,all,False
head[CosFace],0.4629737609329451,0.125087459952676,61,hpo-baseline-celeba-male-gray-hair,head,total,PR,all,False
head[CosFace],0.7307069616837565,0.08548731180748104,80,hpo-resnet-gender-age-ADD,head,total,PR,all,False
head[CosFace],0.7770074300984179,0.04746818266233203,164,hpo-resnet-gender-age-REBUTTAL,head,total,PR,all,False
head[CosFace],0.661967619291726,0.09917355912782463,73,hpo-resnet-gender-race-ADD,head,total,PR,all,False
head[CosFace],0.6799933642999345,0.07691103757981227,162,hpo-resnet-gender-race-REBUTTAL,head,total,PR,all,False
head[CosFace],0.8816489361702128,0.1941494833809314,56,hpo-resnet-race-age-ADD,head,total,PR,all,False
head[CosFace],0.41779788838612414,0.06369174866735537,156,hpo-resnet-race-age-REBUTTAL,head,total,PR,all,False
head[CosFace],0.8238993710691814,0.15991155369907337,62,hpo-resnet-race-gender-ADD,head,total,PR,all,False
head[CosFace],0.6629629629629629,0.08829019466496527,134,hpo-resnet-race-gender-REBUTTAL,head,total,PR,all,False
head[Baseline],0.18693411851306602,0.09915382321979535,91,hpo-baseline-celeba-eyeglasses-male,head,total,PR,all,False
head[Baseline],-0.13596357346357313,0.10445188705160281,86,hpo-baseline-celeba-grey-hair-male,head,total,PR,all,False
head[Baseline],-0.13044174135723435,0.12221839672941844,60,hpo-baseline-celeba-male-eyeglasses,head,total,PR,all,False
head[Baseline],-0.03545945945945889,0.14069706888969546,61,hpo-baseline-celeba-male-gray-hair,head,total,PR,all,False
head[Baseline],0.20433436532507798,0.08405384690483118,80,hpo-resnet-gender-age-ADD,head,total,PR,all,False
head[Baseline],0.3102029232297441,0.09708378476196236,73,hpo-resnet-gender-race-ADD,head,total,PR,all,False
head[Baseline],0.5387426900584792,0.24518479410028618,56,hpo-resnet-race-age-ADD,head,total,PR,all,False
head[Baseline],0.4734356552538368,0.20769543478005711,62,hpo-resnet-race-gender-ADD,head,total,PR,all,False
head[Linear],0.7252653529839024,0.04493344275072716,164,hpo-resnet-gender-age-REBUTTAL,head,total,PR,all,False
head[Linear],0.7562111801242233,0.08493814164568413,162,hpo-resnet-gender-race-REBUTTAL,head,total,PR,all,False
head[Linear],0.9285159285159296,0.06906456648774985,156,hpo-resnet-race-age-REBUTTAL,head,total,PR,all,False
head[Linear],0.7116467022658385,0.1017237922780734,134,hpo-resnet-race-gender-REBUTTAL,head,total,PR,all,False
head[CosFace],0.11288257305006094,0.10317918955734133,91,hpo-baseline-celeba-eyeglasses-male,head,direct_net_of_MA,PR,all,False
head[CosFace],0.4203628619676038,0.09304640830516399,86,hpo-baseline-celeba-grey-hair-male,head,direct_net_of_MA,PR,all,False
head[CosFace],0.41828288691029125,0.1262050398801438,60,hpo-baseline-celeba-male-eyeglasses,head,direct_net_of_MA,PR,all,False
head[CosFace],0.35725505726418,0.11541700711443358,61,hpo-baseline-celeba-male-gray-hair,head,direct_net_of_MA,PR,all,False
head[CosFace],0.33475464662704446,0.0686584562557739,80,hpo-resnet-gender-age-ADD,head,direct_net_of_MA,PR,all,False
head[CosFace],0.601632034272227,0.04628272370393293,164,hpo-resnet-gender-age-REBUTTAL,head,direct_net_of_MA,PR,all,False
head[CosFace],0.40984301481351265,0.08580277993737534,73,hpo-resnet-gender-race-ADD,head,direct_net_of_MA,PR,all,False
head[CosFace],0.8072138027816051,0.07857918503340998,162,hpo-resnet-gender-race-REBUTTAL,head,direct_net_of_MA,PR,all,False
head[CosFace],0.7277213051579073,0.16899201751480097,56,hpo-resnet-race-age-ADD,head,direct_net_of_MA,PR,all,False
head[CosFace],0.39880685569519875,0.06670293126424721,156,hpo-resnet-race-age-REBUTTAL,head,direct_net_of_MA,PR,all,False
head[CosFace],0.5956329592619756,0.11909502937795244,62,hpo-resnet-race-gender-ADD,head,direct_net_of_MA,PR,all,False
head[CosFace],0.5573451498375372,0.0867124865366148,134,hpo-resnet-race-gender-REBUTTAL,head,direct_net_of_MA,PR,all,False
head[Baseline],0.15093473576451044,0.07609156692236947,91,hpo-baseline-celeba-eyeglasses-male,head,direct_net_of_MA,PR,all,False
head[Baseline],-0.11567854285882916,0.11096036741220845,86,hpo-baseline-celeba-grey-hair-male,head,direct_net_of_MA,PR,all,False
head[Baseline],-0.29983916057164356,0.15459414844839567,60,hpo-baseline-celeba-male-eyeglasses,head,direct_net_of_MA,PR,all,False
head[Baseline],-0.19112973299174074,0.13236477839590008,61,hpo-baseline-celeba-male-gray-hair,head,direct_net_of_MA,PR,all,False
head[Baseline],-0.08400875211377108,0.06231599250836475,80,hpo-resnet-gender-age-ADD,head,direct_net_of_MA,PR,all,False
head[Baseline],0.11885570313569777,0.0807943073718678,73,hpo-resnet-gender-race-ADD,head,direct_net_of_MA,PR,all,False
head[Baseline],0.2483725811212188,0.21857916991425982,56,hpo-resnet-race-age-ADD,head,direct_net_of_MA,PR,all,False
head[Baseline],0.11083833985697533,0.157183913447813,62,hpo-resnet-race-gender-ADD,head,direct_net_of_MA,PR,all,False
head[Linear],0.4285526110370542,0.05391804725184307,164,hpo-resnet-gender-age-REBUTTAL,head,direct_net_of_MA,PR,all,False
head[Linear],1.0430991128236502,0.10413850490227913,162,hpo-resnet-gender-race-REBUTTAL,head,direct_net_of_MA,PR,all,False
head[Linear],0.84920779449724,0.1076307851356538,156,hpo-resnet-race-age-REBUTTAL,head,direct_net_of_MA,PR,all,False
head[Linear],0.3717424832708795,0.12480168250157402,134,hpo-resnet-race-gender-REBUTTAL,head,direct_net_of_MA,PR,all,False
head[CosFace],0.680927891454207,0.09467252504362844,91,hpo-baseline-celeba-eyeglasses-male,head,total,MA,all,False
head[CosFace],0.11014739229024943,0.11996872524576918,86,hpo-baseline-celeba-grey-hair-male,head,total,MA,all,False
head[CosFace],0.3352883675464322,0.11618188462639809,60,hpo-baseline-celeba-male-eyeglasses,head,total,MA,all,False
head[CosFace],0.2682215743440237,0.14533909387570765,61,hpo-baseline-celeba-male-gray-hair,head,total,MA,all,False
head[CosFace],0.6427415002698333,0.10494306771419422,80,hpo-resnet-gender-age-ADD,head,total,MA,all,False
head[CosFace],0.4443394381802787,0.06327177135494991,164,hpo-resnet-gender-age-REBUTTAL,head,total,MA,all,False
head[CosFace],0.4672561835191597,0.11630303541884521,73,hpo-resnet-gender-race-ADD,head,total,MA,all,False
head[CosFace],0.3830694852592663,0.07565905519596491,162,hpo-resnet-gender-race-REBUTTAL,head,total,MA,all,False
head[CosFace],0.36968085106382975,0.24946394492904367,56,hpo-resnet-race-age-ADD,head,total,MA,all,False
head[CosFace],0.22292609351432902,0.058094696678861496,156,hpo-resnet-race-age-REBUTTAL,head,total,MA,all,False
head[CosFace],0.42389937106918174,0.2080004142693537,62,hpo-resnet-race-gender-ADD,head,total,MA,all,False
head[CosFace],0.26370992841581054,0.07688914149901518,134,hpo-resnet-race-gender-REBUTTAL,head,total,MA,all,False
head[Baseline],0.04920868605079129,0.08782147054229583,91,hpo-baseline-celeba-eyeglasses-male,head,total,MA,all,False
head[Baseline],0.4274776149776145,0.13591944120962393,86,hpo-baseline-celeba-grey-hair-male,head,total,MA,all,False
head[Baseline],0.7242851045667952,0.11836370405600184,60,hpo-baseline-celeba-male-eyeglasses,head,total,MA,all,False
head[Baseline],0.39495495495495564,0.16347589527465572,61,hpo-baseline-celeba-male-gray-hair,head,total,MA,all,False
head[Baseline],0.4680616348172674,0.10318336558806489,80,hpo-resnet-gender-age-ADD,head,total,MA,all,False
head[Baseline],0.3546189868028957,0.1138523106064281,73,hpo-resnet-gender-race-ADD,head,total,MA,all,False
head[Baseline],0.6973684210526315,0.31503955049349397,56,hpo-resnet-race-age-ADD,head,total,MA,all,False
head[Baseline],0.6733569460842183,0.27015394120553615,62,hpo-resnet-race-gender-ADD,head,total,MA,all,False
head[Linear],0.7517655052836281,0.05989314013006851,164,hpo-resnet-gender-age-REBUTTAL,head,total,MA,all,False
head[Linear],0.8638392857142851,0.08355549150334565,162,hpo-resnet-gender-race-REBUTTAL,head,total,MA,all,False
head[Linear],0.9309579309579319,0.06299536635927458,156,hpo-resnet-race-age-REBUTTAL,head,total,MA,all,False
head[Linear],0.8486837078603985,0.08858803730091754,134,hpo-resnet-race-gender-REBUTTAL,head,total,MA,all,False
lr,-0.23395147911842024,0.11827626202347835,67,hpo-baseline-celeba-eyeglasses-male|Adam,lr,total,PR,all,True
lr,-0.4616753486265246,0.1674951490219222,24,hpo-baseline-celeba-eyeglasses-male|SGD,lr,total,PR,all,True
lr,-0.32926355242952743,0.13813203070177185,41,hpo-baseline-celeba-grey-hair-male|Adam,lr,total,PR,all,True
lr,-0.5548605269076037,0.09315178394726631,45,hpo-baseline-celeba-grey-hair-male|SGD,lr,total,PR,all,True
lr,0.3119471092905655,0.14867231000017186,40,hpo-baseline-celeba-male-eyeglasses|Adam,lr,total,PR,all,True
lr,-0.5683574277168493,0.1799164955706656,20,hpo-baseline-celeba-male-eyeglasses|SGD,lr,total,PR,all,True
lr,0.17668952682910008,0.18988810580989987,25,hpo-baseline-celeba-male-gray-hair|Adam,lr,total,PR,all,True
lr,-0.4095079232693909,0.15151896013891025,36,hpo-baseline-celeba-male-gray-hair|SGD,lr,total,PR,all,True
lr,0.06670592291438403,0.12994399685346703,54,hpo-resnet-age-gender-ADD|Adam,lr,total,PR,all,True
lr,-0.22906614225650193,0.09028189784158853,117,hpo-resnet-age-gender-REBUTTAL|Adam,lr,total,PR,all,True
lr,-0.41359177519528956,0.11728902616692159,62,hpo-resnet-age-gender-REBUTTAL|SGD,lr,total,PR,all,True
lr,-0.29687612421497683,0.12753571806424324,58,hpo-resnet-age-race-ADD|Adam,lr,total,PR,all,True
lr,0.22269584643318688,0.08628482903616519,124,hpo-resnet-age-race-REBUTTAL|Adam,lr,total,PR,all,True
lr,0.5076784101174346,0.16162642728945234,30,hpo-resnet-age-race-REBUTTAL|SGD,lr,total,PR,all,True
lr,-0.45300885559246706,0.1091432608398228,68,hpo-resnet-gender-age-ADD|Adam,lr,total,PR,all,True
lr,-0.508533747090768,0.23160085256619245,12,hpo-resnet-gender-age-ADD|SGD,lr,total,PR,all,True
lr,-0.21137147548657925,0.12329847751163077,61,hpo-resnet-gender-age-REBUTTAL|Adam,lr,total,PR,all,True
lr,-0.0369894958674219,0.0918307138108428,103,hpo-resnet-gender-age-REBUTTAL|SGD,lr,total,PR,all,True
lr,0.020424412893463674,0.16924466743937153,37,hpo-resnet-gender-race-ADD|Adam,lr,total,PR,all,True
lr,-0.4603879209985527,0.13602673433433313,36,hpo-resnet-gender-race-ADD|SGD,lr,total,PR,all,True
lr,-0.2376437540989048,0.09746949883873873,96,hpo-resnet-gender-race-REBUTTAL|Adam,lr,total,PR,all,True
lr,-0.6003129328942883,0.09554776271678206,66,hpo-resnet-gender-race-REBUTTAL|SGD,lr,total,PR,all,True
lr,-0.3096105101567242,0.15458291653896214,42,hpo-resnet-race-age-ADD|Adam,lr,total,PR,all,True
lr,-0.31346232456737966,0.24506599350372235,14,hpo-resnet-race-age-ADD|SGD,lr,total,PR,all,True
lr,0.11295275463278501,0.08819058467256172,131,hpo-resnet-race-age-REBUTTAL|Adam,lr,total,PR,all,True
lr,-0.3460080770425602,0.19372571419964416,25,hpo-resnet-race-age-REBUTTAL|SGD,lr,total,PR,all,True
lr,-0.2933597189008449,0.13149945759198142,53,hpo-resnet-race-gender-ADD|Adam,lr,total,PR,all,True
lr,-0.5708737864077669,0.2559489735446542,9,hpo-resnet-race-gender-ADD|SGD,lr,total,PR,all,True
lr,-0.2632355427902042,0.09664968252026136,94,hpo-resnet-race-gender-REBUTTAL|Adam,lr,total,PR,all,True
lr,-0.6524730821451903,0.11577951449683568,40,hpo-resnet-race-gender-REBUTTAL|SGD,lr,total,PR,all,True
lr,-0.0786790685718016,0.06890071945228962,67,hpo-baseline-celeba-eyeglasses-male|Adam,lr,direct_net_of_MA,PR,all,True
lr,-0.2837763741167725,0.12526508654482335,24,hpo-baseline-celeba-eyeglasses-male|SGD,lr,direct_net_of_MA,PR,all,True
lr,-0.3947200006883389,0.12115059542860768,41,hpo-baseline-celeba-grey-hair-male|Adam,lr,direct_net_of_MA,PR,all,True
lr,-0.5519602910736956,0.09479021171516257,45,hpo-baseline-celeba-grey-hair-male|SGD,lr,direct_net_of_MA,PR,all,True
lr,0.02222619838814993,0.157769225200351,40,hpo-baseline-celeba-male-eyeglasses|Adam,lr,direct_net_of_MA,PR,all,True
lr,-0.23121703124262039,0.08177760836506086,20,hpo-baseline-celeba-male-eyeglasses|SGD,lr,direct_net_of_MA,PR,all,True
lr,-0.13865923935102784,0.22921010064846556,25,hpo-baseline-celeba-male-gray-hair|Adam,lr,direct_net_of_MA,PR,all,True
lr,-0.122156858012536,0.13950451236478656,36,hpo-baseline-celeba-male-gray-hair|SGD,lr,direct_net_of_MA,PR,all,True
lr,-0.0013920085300168758,0.13931406738284227,54,hpo-resnet-age-gender-ADD|Adam,lr,direct_net_of_MA,PR,all,True
lr,0.09412910972525143,0.07904126598415721,117,hpo-resnet-age-gender-REBUTTAL|Adam,lr,direct_net_of_MA,PR,all,True
lr,-0.2126472802092223,0.0894963062443802,62,hpo-resnet-age-gender-REBUTTAL|SGD,lr,direct_net_of_MA,PR,all,True
lr,-0.5368245850559163,0.1334918569458801,58,hpo-resnet-age-race-ADD|Adam,lr,direct_net_of_MA,PR,all,True
lr,0.24536202045813757,0.08295438301295206,124,hpo-resnet-age-race-REBUTTAL|Adam,lr,direct_net_of_MA,PR,all,True
lr,0.3458056976159679,0.1686557381250236,30,hpo-resnet-age-race-REBUTTAL|SGD,lr,direct_net_of_MA,PR,all,True
lr,-0.06987940624345293,0.09059609262051525,68,hpo-resnet-gender-age-ADD|Adam,lr,direct_net_of_MA,PR,all,True
lr,-0.02445489430605788,0.13767137722343517,12,hpo-resnet-gender-age-ADD|SGD,lr,direct_net_of_MA,PR,all,True
lr,-0.1115241140483528,0.10609215336022908,61,hpo-resnet-gender-age-REBUTTAL|Adam,lr,direct_net_of_MA,PR,all,True
lr,0.07521482547708175,0.06787403446505882,103,hpo-resnet-gender-age-REBUTTAL|SGD,lr,direct_net_of_MA,PR,all,True
lr,0.08056182184822465,0.10892885720089142,37,hpo-resnet-gender-race-ADD|Adam,lr,direct_net_of_MA,PR,all,True
lr,-0.40885712270709573,0.11015768052048114,36,hpo-resnet-gender-race-ADD|SGD,lr,direct_net_of_MA,PR,all,True
lr,-0.22869203876111582,0.09220186071954459,96,hpo-resnet-gender-race-REBUTTAL|Adam,lr,direct_net_of_MA,PR,all,True
lr,-0.5585434970514065,0.1150805477330853,66,hpo-resnet-gender-race-REBUTTAL|SGD,lr,direct_net_of_MA,PR,all,True
lr,-0.2525907403132015,0.16434651089474353,42,hpo-resnet-race-age-ADD|Adam,lr,direct_net_of_MA,PR,all,True
lr,-0.2569220583379573,0.16776312357040163,14,hpo-resnet-race-age-ADD|SGD,lr,direct_net_of_MA,PR,all,True
lr,0.11692314681603334,0.07444100015332733,131,hpo-resnet-race-age-REBUTTAL|Adam,lr,direct_net_of_MA,PR,all,True
lr,-0.3162654425946472,0.16407096843444557,25,hpo-resnet-race-age-REBUTTAL|SGD,lr,direct_net_of_MA,PR,all,True
lr,-0.06661178569101892,0.12634608772287112,53,hpo-resnet-race-gender-ADD|Adam,lr,direct_net_of_MA,PR,all,True
lr,-0.5337353770278266,0.20128535643478643,9,hpo-resnet-race-gender-ADD|SGD,lr,direct_net_of_MA,PR,all,True
lr,-0.24436019227807412,0.09562831620968472,94,hpo-resnet-race-gender-REBUTTAL|Adam,lr,direct_net_of_MA,PR,all,True
lr,-0.49191210933650853,0.09724155542566536,40,hpo-resnet-race-gender-REBUTTAL|SGD,lr,direct_net_of_MA,PR,all,True
lr,-0.1922429568396258,0.12061677969681901,67,hpo-baseline-celeba-eyeglasses-male|Adam,lr,total,MA,all,True
lr,-0.275849052533946,0.1862908480108665,24,hpo-baseline-celeba-eyeglasses-male|SGD,lr,total,MA,all,True
lr,-0.14974438859436642,0.16308476929309457,41,hpo-baseline-celeba-grey-hair-male|Adam,lr,total,MA,all,True
lr,0.1072793971535424,0.14270051897659344,45,hpo-baseline-celeba-grey-hair-male|SGD,lr,total,MA,all,True
lr,-0.5312643156719639,0.13154362891775087,40,hpo-baseline-celeba-male-eyeglasses|Adam,lr,total,MA,all,True
lr,-0.4138418079096044,0.20260329011537656,20,hpo-baseline-celeba-male-eyeglasses|SGD,lr,total,MA,all,True
lr,-0.6343522762518522,0.1594775326853284,25,hpo-baseline-celeba-male-gray-hair|Adam,lr,total,MA,all,True
lr,-0.44054569283927053,0.13994331801595253,36,hpo-baseline-celeba-male-gray-hair|SGD,lr,total,MA,all,True
lr,-0.37259948045209534,0.1273317890262659,54,hpo-resnet-age-gender-ADD|Adam,lr,total,MA,all,True
lr,-0.4681703396718622,0.08315976861558302,117,hpo-resnet-age-gender-REBUTTAL|Adam,lr,total,MA,all,True
lr,-0.3030316191554876,0.12259278553884101,62,hpo-resnet-age-gender-REBUTTAL|SGD,lr,total,MA,all,True
lr,-0.5222159155149948,0.12138820425839567,58,hpo-resnet-age-race-ADD|Adam,lr,total,MA,all,True
lr,0.07941509033535259,0.0902234757372968,124,hpo-resnet-age-race-REBUTTAL|Adam,lr,total,MA,all,True
lr,-0.45408009635651886,0.17627913580552712,30,hpo-resnet-age-race-REBUTTAL|SGD,lr,total,MA,all,True
lr,-0.543375192001065,0.10996566607100754,68,hpo-resnet-gender-age-ADD|Adam,lr,total,MA,all,True
lr,-0.5461598138091543,0.2329530948100145,12,hpo-resnet-gender-age-ADD|SGD,lr,total,MA,all,True
lr,-0.19505775027594896,0.13156015438606972,61,hpo-resnet-gender-age-REBUTTAL|Adam,lr,total,MA,all,True
lr,-0.17721658445367214,0.10000481708116891,103,hpo-resnet-gender-age-REBUTTAL|SGD,lr,total,MA,all,True
lr,-0.08537069012855622,0.18610306962079323,37,hpo-resnet-gender-race-ADD|Adam,lr,total,MA,all,True
lr,-0.10010494383311581,0.16087548643721722,36,hpo-resnet-gender-race-ADD|SGD,lr,total,MA,all,True
lr,0.02630768297811882,0.09729719960387807,96,hpo-resnet-gender-race-REBUTTAL|Adam,lr,total,MA,all,True
lr,-0.5566229892888228,0.10515690889149878,66,hpo-resnet-gender-race-REBUTTAL|SGD,lr,total,MA,all,True
lr,-0.33867052229481276,0.1477511476826587,42,hpo-resnet-race-age-ADD|Adam,lr,total,MA,all,True
lr,-0.08032429486306022,0.26370761167943496,14,hpo-resnet-race-age-ADD|SGD,lr,total,MA,all,True
lr,-0.00741524610263979,0.0891660317952375,131,hpo-resnet-race-age-REBUTTAL|Adam,lr,total,MA,all,True
lr,-0.05473749611680677,0.2004567471131173,25,hpo-resnet-race-age-REBUTTAL|SGD,lr,total,MA,all,True
lr,-0.4207839579592096,0.12454281612721423,53,hpo-resnet-race-gender-ADD|Adam,lr,total,MA,all,True
lr,-0.07689320388349516,0.3645483830263713,9,hpo-resnet-race-gender-ADD|SGD,lr,total,MA,all,True
lr,-0.09930016574806792,0.10331919308486255,94,hpo-resnet-race-gender-REBUTTAL|Adam,lr,total,MA,all,True
lr,-0.3346648852417258,0.15104274004429108,40,hpo-resnet-race-gender-REBUTTAL|SGD,lr,total,MA,all,True
weight_decay,-0.46542742832970396,0.0928549720693305,91,hpo-baseline-celeba-eyeglasses-male,weight_decay,total,PR,all,True
weight_decay,-0.32745966226094775,0.08998843633528837,86,hpo-baseline-celeba-grey-hair-male,weight_decay,total,PR,all,True
weight_decay,-0.4653723834488718,0.1099148170226145,60,hpo-baseline-celeba-male-eyeglasses,weight_decay,total,PR,all,True
weight_decay,-0.5367487323073308,0.10837935943458342,61,hpo-baseline-celeba-male-gray-hair,weight_decay,total,PR,all,True
weight_decay,-0.45026518573150837,0.11234623393407764,60,hpo-resnet-age-gender-ADD,weight_decay,total,PR,all,True
weight_decay,-0.5970970969119371,0.06074034983368509,179,hpo-resnet-age-gender-REBUTTAL,weight_decay,total,PR,all,True
weight_decay,-0.016368976315008322,0.12410332092842767,65,hpo-resnet-age-race-ADD,weight_decay,total,PR,all,True
weight_decay,0.06123191510344873,0.07839012538221848,154,hpo-resnet-age-race-REBUTTAL,weight_decay,total,PR,all,True
weight_decay,-0.3227922054530825,0.10290348193688316,80,hpo-resnet-gender-age-ADD,weight_decay,total,PR,all,True
weight_decay,-0.4384092802712702,0.0656873797772533,164,hpo-resnet-gender-age-REBUTTAL,weight_decay,total,PR,all,True
weight_decay,-0.5992609357478267,0.09040768925616476,73,hpo-resnet-gender-race-ADD,weight_decay,total,PR,all,True
weight_decay,0.18429490661460596,0.07656963623052952,162,hpo-resnet-gender-race-REBUTTAL,weight_decay,total,PR,all,True
weight_decay,-0.386853768582099,0.12924635838640386,56,hpo-resnet-race-age-ADD,weight_decay,total,PR,all,True
weight_decay,-0.35654888674168744,0.07322672883121167,156,hpo-resnet-race-age-REBUTTAL,weight_decay,total,PR,all,True
weight_decay,-0.7229910097465168,0.09419235874384024,62,hpo-resnet-race-gender-ADD,weight_decay,total,PR,all,True
weight_decay,-0.34546745921766225,0.07959074256896824,134,hpo-resnet-race-gender-REBUTTAL,weight_decay,total,PR,all,True
weight_decay,-0.17749744423645708,0.0791937086463677,91,hpo-baseline-celeba-eyeglasses-male,weight_decay,direct_net_of_MA,PR,all,True
weight_decay,-0.32451598510973406,0.08652107937268048,86,hpo-baseline-celeba-grey-hair-male,weight_decay,direct_net_of_MA,PR,all,True
weight_decay,-0.538306015416724,0.11594567613354478,60,hpo-baseline-celeba-male-eyeglasses,weight_decay,direct_net_of_MA,PR,all,True
weight_decay,-0.5776708145072508,0.09848519325561791,61,hpo-baseline-celeba-male-gray-hair,weight_decay,direct_net_of_MA,PR,all,True
weight_decay,-0.4287050766673686,0.11395718589892478,60,hpo-resnet-age-gender-ADD,weight_decay,direct_net_of_MA,PR,all,True
weight_decay,-0.448952856305491,0.059323938709975155,179,hpo-resnet-age-gender-REBUTTAL,weight_decay,direct_net_of_MA,PR,all,True
weight_decay,0.025389305553128485,0.12094285438602985,65,hpo-resnet-age-race-ADD,weight_decay,direct_net_of_MA,PR,all,True
weight_decay,0.03854255971501671,0.07379375085851422,154,hpo-resnet-age-race-REBUTTAL,weight_decay,direct_net_of_MA,PR,all,True
weight_decay,-0.1258693193255364,0.07134484149073438,80,hpo-resnet-gender-age-ADD,weight_decay,direct_net_of_MA,PR,all,True
weight_decay,-0.2016055598123173,0.054059379559071315,164,hpo-resnet-gender-age-REBUTTAL,weight_decay,direct_net_of_MA,PR,all,True
weight_decay,-0.37618793785331583,0.08915405471922876,73,hpo-resnet-gender-race-ADD,weight_decay,direct_net_of_MA,PR,all,True
weight_decay,0.2181921941040139,0.0802849828963171,162,hpo-resnet-gender-race-REBUTTAL,weight_decay,direct_net_of_MA,PR,all,True
weight_decay,-0.3302565330086043,0.13553805909559327,56,hpo-resnet-race-age-ADD,weight_decay,direct_net_of_MA,PR,all,True
weight_decay,-0.13052451922668504,0.07013998832682508,156,hpo-resnet-race-age-REBUTTAL,weight_decay,direct_net_of_MA,PR,all,True
weight_decay,-0.6303543744029493,0.1001716035657975,62,hpo-resnet-race-gender-ADD,weight_decay,direct_net_of_MA,PR,all,True
weight_decay,-0.2601614819644628,0.07934587545057052,134,hpo-resnet-race-gender-REBUTTAL,weight_decay,direct_net_of_MA,PR,all,True
weight_decay,-0.45861509797669214,0.09655674712313625,91,hpo-baseline-celeba-eyeglasses-male,weight_decay,total,MA,all,True
weight_decay,0.012020220818168071,0.10820831792029269,86,hpo-baseline-celeba-grey-hair-male,weight_decay,total,MA,all,True
weight_decay,-0.3471386445668763,0.11717640631849774,60,hpo-baseline-celeba-male-eyeglasses,weight_decay,total,MA,all,True
weight_decay,0.10574142760856223,0.12462377051880018,61,hpo-baseline-celeba-male-gray-hair,weight_decay,total,MA,all,True
weight_decay,0.1746019394702148,0.12863005598518606,60,hpo-resnet-age-gender-ADD,weight_decay,total,MA,all,True
weight_decay,-0.3893899994711831,0.07004392268259105,179,hpo-resnet-age-gender-REBUTTAL,weight_decay,total,MA,all,True
weight_decay,0.14713203330576782,0.12730713348949277,65,hpo-resnet-age-race-ADD,weight_decay,total,MA,all,True
weight_decay,-0.06693072180900009,0.0812871563867914,154,hpo-resnet-age-race-REBUTTAL,weight_decay,total,MA,all,True
weight_decay,-0.27942260440400996,0.10946746366031061,80,hpo-resnet-gender-age-ADD,weight_decay,total,MA,all,True
weight_decay,-0.39645351537755036,0.07230283455994571,164,hpo-resnet-gender-age-REBUTTAL,weight_decay,total,MA,all,True
weight_decay,-0.49984203914943715,0.10553818662171316,73,hpo-resnet-gender-race-ADD,weight_decay,total,MA,all,True
weight_decay,-0.30023662214810715,0.07311913224236717,162,hpo-resnet-gender-race-REBUTTAL,weight_decay,total,MA,all,True
weight_decay,-0.3142108166812975,0.1266118956760603,56,hpo-resnet-race-age-ADD,weight_decay,total,MA,all,True
weight_decay,-0.43063070522167857,0.07146560213010135,156,hpo-resnet-race-age-REBUTTAL,weight_decay,total,MA,all,True
weight_decay,-0.4205037415660774,0.11950000274735173,62,hpo-resnet-race-gender-ADD,weight_decay,total,MA,all,True
weight_decay,-0.2887624174380286,0.08339162761948554,134,hpo-resnet-race-gender-REBUTTAL,weight_decay,total,MA,all,True
batch_size,-0.16687854938759972,0.10257002240361807,91,hpo-baseline-celeba-eyeglasses-male,batch_size,total,PR,all,True
batch_size,0.15219351417016455,0.09791746992399099,86,hpo-baseline-celeba-grey-hair-male,batch_size,total,PR,all,True
batch_size,-0.04309007766401278,0.12270118347931976,60,hpo-baseline-celeba-male-eyeglasses,batch_size,total,PR,all,True
batch_size,-0.25461914563507204,0.118366089832623,61,hpo-baseline-celeba-male-gray-hair,batch_size,total,PR,all,True
batch_size,-0.17509323218962214,0.12176089594586076,60,hpo-resnet-age-gender-ADD,batch_size,total,PR,all,True
batch_size,0.28225636855614217,0.07337760971233272,179,hpo-resnet-age-gender-REBUTTAL,batch_size,total,PR,all,True
batch_size,-0.4042308546321859,0.12007679076570826,65,hpo-resnet-age-race-ADD,batch_size,total,PR,all,True
batch_size,-0.2119286959570257,0.07835971612342095,154,hpo-resnet-age-race-REBUTTAL,batch_size,total,PR,all,True
batch_size,-0.07415761260021556,0.10843911199061539,80,hpo-resnet-gender-age-ADD,batch_size,total,PR,all,True
batch_size,0.1576864140288836,0.0737184508309761,164,hpo-resnet-gender-age-REBUTTAL,batch_size,total,PR,all,True
batch_size,-0.14860929709668327,0.11019598096941578,73,hpo-resnet-gender-race-ADD,batch_size,total,PR,all,True
batch_size,-0.32051841652103785,0.074436316899105,162,hpo-resnet-gender-race-REBUTTAL,batch_size,total,PR,all,True
batch_size,0.01616988510871116,0.13766398601596286,56,hpo-resnet-race-age-ADD,batch_size,total,PR,all,True
batch_size,-0.07651785193767385,0.07885424272099119,156,hpo-resnet-race-age-REBUTTAL,batch_size,total,PR,all,True
batch_size,-0.46965087391172206,0.12111716952672238,62,hpo-resnet-race-gender-ADD,batch_size,total,PR,all,True
batch_size,0.1411994417562946,0.08533506961044979,134,hpo-resnet-race-gender-REBUTTAL,batch_size,total,PR,all,True
batch_size,-0.1834055586671333,0.06930425112929116,91,hpo-baseline-celeba-eyeglasses-male,batch_size,direct_net_of_MA,PR,all,True
batch_size,0.15971659041925082,0.09439613830077678,86,hpo-baseline-celeba-grey-hair-male,batch_size,direct_net_of_MA,PR,all,True
batch_size,-0.045814041642938355,0.13046771351081035,60,hpo-baseline-celeba-male-eyeglasses,batch_size,direct_net_of_MA,PR,all,True
batch_size,-0.3661843667000882,0.11289411664568841,61,hpo-baseline-celeba-male-gray-hair,batch_size,direct_net_of_MA,PR,all,True
batch_size,-0.1318529434412412,0.12605775962412602,60,hpo-resnet-age-gender-ADD,batch_size,direct_net_of_MA,PR,all,True
batch_size,0.1206363465598787,0.06634612007142765,179,hpo-resnet-age-gender-REBUTTAL,batch_size,direct_net_of_MA,PR,all,True
batch_size,-0.3840114057853822,0.11635075739380557,65,hpo-resnet-age-race-ADD,batch_size,direct_net_of_MA,PR,all,True
batch_size,-0.2289846258977537,0.07301199479513096,154,hpo-resnet-age-race-REBUTTAL,batch_size,direct_net_of_MA,PR,all,True
batch_size,-0.15314451494867692,0.06780278052650852,80,hpo-resnet-gender-age-ADD,batch_size,direct_net_of_MA,PR,all,True
batch_size,-0.0037058558550612476,0.05366645544190214,164,hpo-resnet-gender-age-REBUTTAL,batch_size,direct_net_of_MA,PR,all,True
batch_size,-0.0371192185093498,0.08576164650848457,73,hpo-resnet-gender-race-ADD,batch_size,direct_net_of_MA,PR,all,True
batch_size,-0.34286363700765937,0.07570144995159221,162,hpo-resnet-gender-race-REBUTTAL,batch_size,direct_net_of_MA,PR,all,True
batch_size,-0.01281240700386621,0.1343047627396039,56,hpo-resnet-race-age-ADD,batch_size,direct_net_of_MA,PR,all,True
batch_size,-0.1754188968155028,0.06346255721148139,156,hpo-resnet-race-age-REBUTTAL,batch_size,direct_net_of_MA,PR,all,True
batch_size,-0.5543926981725922,0.09804672402122702,62,hpo-resnet-race-gender-ADD,batch_size,direct_net_of_MA,PR,all,True
batch_size,0.09534496255621946,0.08029320261132498,134,hpo-resnet-race-gender-REBUTTAL,batch_size,direct_net_of_MA,PR,all,True
batch_size,0.023268388582504664,0.10698211822659083,91,hpo-baseline-celeba-eyeglasses-male,batch_size,total,MA,all,True
batch_size,0.02968389042790288,0.11095621804867789,86,hpo-baseline-celeba-grey-hair-male,batch_size,total,MA,all,True
batch_size,0.2958450476861553,0.11649728567642924,60,hpo-baseline-celeba-male-eyeglasses,batch_size,total,MA,all,True
batch_size,0.2576096547617717,0.11471300612949654,61,hpo-baseline-celeba-male-gray-hair,batch_size,total,MA,all,True
batch_size,0.26740943005243695,0.12259844108281848,60,hpo-resnet-age-gender-ADD,batch_size,total,MA,all,True
batch_size,0.31346157967427224,0.07307349182022294,179,hpo-resnet-age-gender-REBUTTAL,batch_size,total,MA,all,True
batch_size,0.07971514976304897,0.1348163931187502,65,hpo-resnet-age-race-ADD,batch_size,total,MA,all,True
batch_size,-0.04844122828468388,0.08311343442218401,154,hpo-resnet-age-race-REBUTTAL,batch_size,total,MA,all,True
batch_size,0.10456086069822723,0.11287187455021716,80,hpo-resnet-gender-age-ADD,batch_size,total,MA,all,True
batch_size,0.2381209987548997,0.07710712085690791,164,hpo-resnet-gender-age-REBUTTAL,batch_size,total,MA,all,True
batch_size,-0.1797757856201774,0.11550312876811257,73,hpo-resnet-gender-race-ADD,batch_size,total,MA,all,True
batch_size,0.1965900032526894,0.07598005875863287,162,hpo-resnet-gender-race-REBUTTAL,batch_size,total,MA,all,True
batch_size,0.10025126137261677,0.1311339404012463,56,hpo-resnet-race-age-ADD,batch_size,total,MA,all,True
batch_size,0.1617181080903007,0.07881248611538058,156,hpo-resnet-race-age-REBUTTAL,batch_size,total,MA,all,True
batch_size,0.15263144703740958,0.13260851115813418,62,hpo-resnet-race-gender-ADD,batch_size,total,MA,all,True
batch_size,0.127875732179312,0.08755323958615098,134,hpo-resnet-race-gender-REBUTTAL,batch_size,total,MA,all,True
optimizer[SGD],0.43395819866408114,0.13068003812836423,91,hpo-baseline-celeba-eyeglasses-male,optimizer,total,PR,all,True
optimizer[SGD],-0.1296169630642953,0.11286415130262224,86,hpo-baseline-celeba-grey-hair-male,optimizer,total,PR,all,True
optimizer[SGD],0.18494949494949509,0.1567139576958416,60,hpo-baseline-celeba-male-eyeglasses,optimizer,total,PR,all,True
optimizer[SGD],-0.03391746749576038,0.1500805361969796,61,hpo-baseline-celeba-male-gray-hair,optimizer,total,PR,all,True
optimizer[SGD],0.7854797979797978,0.22251440517633642,60,hpo-resnet-age-gender-ADD,optimizer,total,PR,all,True
optimizer[SGD],0.581041274263248,0.08036438670913341,179,hpo-resnet-age-gender-REBUTTAL,optimizer,total,PR,all,True
optimizer[SGD],0.8116483516483521,0.2018133905032454,65,hpo-resnet-age-race-ADD,optimizer,total,PR,all,True
optimizer[SGD],0.30370008779099733,0.1180087235990135,154,hpo-resnet-age-race-REBUTTAL,optimizer,total,PR,all,True
optimizer[SGD],0.29458333333333314,0.16950326796061055,80,hpo-resnet-gender-age-ADD,optimizer,total,PR,all,True
optimizer[SGD],-0.5062749237626076,0.07965869051291956,164,hpo-resnet-gender-age-REBUTTAL,optimizer,total,PR,all,True
optimizer[SGD],0.08880491261218722,0.12944871777733577,73,hpo-resnet-gender-race-ADD,optimizer,total,PR,all,True
optimizer[SGD],-0.09688786008230468,0.09091149835408927,162,hpo-resnet-gender-race-REBUTTAL,optimizer,total,PR,all,True
optimizer[SGD],0.21952140231092424,0.1789126014595415,56,hpo-resnet-race-age-ADD,optimizer,total,PR,all,True
optimizer[SGD],0.29806946140279433,0.12325964016157984,156,hpo-resnet-race-age-REBUTTAL,optimizer,total,PR,all,True
optimizer[SGD],0.49568668046928915,0.19482820219699745,62,hpo-resnet-race-gender-ADD,optimizer,total,PR,all,True
optimizer[SGD],0.17691465452659494,0.10433603032285088,134,hpo-resnet-race-gender-REBUTTAL,optimizer,total,PR,all,True
optimizer[SGD],0.5404464361525182,0.07724404762421411,91,hpo-baseline-celeba-eyeglasses-male,optimizer,direct_net_of_MA,PR,all,True
optimizer[SGD],-0.08407322123672606,0.11105822058808938,86,hpo-baseline-celeba-grey-hair-male,optimizer,direct_net_of_MA,PR,all,True
optimizer[SGD],0.22117459812688053,0.17401972342527028,60,hpo-baseline-celeba-male-eyeglasses,optimizer,direct_net_of_MA,PR,all,True
optimizer[SGD],0.10477160199221368,0.15293282978011544,61,hpo-baseline-celeba-male-gray-hair,optimizer,direct_net_of_MA,PR,all,True
optimizer[SGD],0.7567326049215799,0.22155763346125487,60,hpo-resnet-age-gender-ADD,optimizer,direct_net_of_MA,PR,all,True
optimizer[SGD],0.588060450027866,0.06213262830721156,179,hpo-resnet-age-gender-REBUTTAL,optimizer,direct_net_of_MA,PR,all,True
optimizer[SGD],0.7369919269989134,0.20206492387315714,65,hpo-resnet-age-race-ADD,optimizer,direct_net_of_MA,PR,all,True
optimizer[SGD],0.2521034337247372,0.1118467326471939,154,hpo-resnet-age-race-REBUTTAL,optimizer,direct_net_of_MA,PR,all,True
optimizer[SGD],0.2885406887064166,0.10559790203622954,80,hpo-resnet-gender-age-ADD,optimizer,direct_net_of_MA,PR,all,True
optimizer[SGD],-0.2339892922558009,0.06441648995102149,164,hpo-resnet-gender-age-REBUTTAL,optimizer,direct_net_of_MA,PR,all,True
optimizer[SGD],0.1371862277059623,0.09712074215649935,73,hpo-resnet-gender-race-ADD,optimizer,direct_net_of_MA,PR,all,True
optimizer[SGD],-0.09046363379187494,0.09322258603596514,162,hpo-resnet-gender-race-REBUTTAL,optimizer,direct_net_of_MA,PR,all,True
optimizer[SGD],0.40968152958284265,0.18067141550761429,56,hpo-resnet-race-age-ADD,optimizer,direct_net_of_MA,PR,all,True
optimizer[SGD],0.2261748200755922,0.10053886154109676,156,hpo-resnet-race-age-REBUTTAL,optimizer,direct_net_of_MA,PR,all,True
optimizer[SGD],0.614937165822102,0.16589911147514005,62,hpo-resnet-race-gender-ADD,optimizer,direct_net_of_MA,PR,all,True
optimizer[SGD],0.23443408535737126,0.09650051913043414,134,hpo-resnet-race-gender-REBUTTAL,optimizer,direct_net_of_MA,PR,all,True
optimizer[SGD],-0.1422376642964874,0.14163449611723117,91,hpo-baseline-celeba-eyeglasses-male,optimizer,total,MA,all,True
optimizer[SGD],0.1922024623803009,0.12539145833005186,86,hpo-baseline-celeba-grey-hair-male,optimizer,total,MA,all,True
optimizer[SGD],-0.50983164983165,0.143721759013188,60,hpo-baseline-celeba-male-eyeglasses,optimizer,total,MA,all,True
optimizer[SGD],-0.39199170906350095,0.13677586158325283,61,hpo-baseline-celeba-male-gray-hair,optimizer,total,MA,all,True
optimizer[SGD],-0.1764141414141417,0.2513454436974195,60,hpo-resnet-age-gender-ADD,optimizer,total,MA,all,True
optimizer[SGD],-0.012606393869373055,0.09193292959600832,179,hpo-resnet-age-gender-REBUTTAL,optimizer,total,MA,all,True
optimizer[SGD],-0.3707692307692308,0.22979765499542096,65,hpo-resnet-age-race-ADD,optimizer,total,MA,all,True
optimizer[SGD],-0.15890738049828987,0.12436918488896015,154,hpo-resnet-age-race-REBUTTAL,optimizer,total,MA,all,True
optimizer[SGD],0.008181818181818202,0.18026020865955714,80,hpo-resnet-gender-age-ADD,optimizer,total,MA,all,True
optimizer[SGD],-0.45079803718515643,0.08761949381171653,164,hpo-resnet-gender-age-REBUTTAL,optimizer,total,MA,all,True
optimizer[SGD],-0.07620847110691199,0.13639580293278455,73,hpo-resnet-gender-race-ADD,optimizer,total,MA,all,True
optimizer[SGD],-0.23777557319223994,0.08799778248781098,162,hpo-resnet-gender-race-REBUTTAL,optimizer,total,MA,all,True
optimizer[SGD],-0.4688156512605042,0.16155498821450928,56,hpo-resnet-race-age-ADD,optimizer,total,MA,all,True
optimizer[SGD],0.12586487586487555,0.1264224503412819,156,hpo-resnet-race-age-REBUTTAL,optimizer,total,MA,all,True
optimizer[SGD],-0.2239642467552709,0.20090732369744432,62,hpo-resnet-race-gender-ADD,optimizer,total,MA,all,True
optimizer[SGD],-0.14645009421128846,0.1072094601045237,134,hpo-resnet-race-gender-REBUTTAL,optimizer,total,MA,all,True
loss[CrossEntropy],0.14617440382746505,0.12368222934147526,91,hpo-baseline-celeba-eyeglasses-male,loss,total,PR,all,True
loss[CrossEntropy],0.03043775649794811,0.1136982586996181,86,hpo-baseline-celeba-grey-hair-male,loss,total,PR,all,True
loss[CrossEntropy],0.16227071473750798,0.1522102380559061,60,hpo-baseline-celeba-male-eyeglasses,loss,total,PR,all,True
loss[CrossEntropy],0.1393442622950822,0.1563162702450423,61,hpo-baseline-celeba-male-gray-hair,loss,total,PR,all,True
loss[CrossEntropy],-0.24701754385964933,0.14887527014946278,60,hpo-resnet-age-gender-ADD,loss,total,PR,all,True
loss[CrossEntropy],-0.3970722196029994,0.09024671071243331,179,hpo-resnet-age-gender-REBUTTAL,loss,total,PR,all,True
loss[CrossEntropy],0.15410593159186034,0.16282554156720452,65,hpo-resnet-age-race-ADD,loss,total,PR,all,True
loss[CrossEntropy],-0.11897066933425664,0.09413938071750688,154,hpo-resnet-age-race-REBUTTAL,loss,total,PR,all,True
loss[CrossEntropy],0.02278496168582385,0.12536232445722856,80,hpo-resnet-gender-age-ADD,loss,total,PR,all,True
loss[CrossEntropy],0.1972632292112391,0.08468263351065981,164,hpo-resnet-gender-age-REBUTTAL,loss,total,PR,all,True
loss[CrossEntropy],0.010056754108664736,0.13835826777653953,73,hpo-resnet-gender-race-ADD,loss,total,PR,all,True
loss[CrossEntropy],0.1427317840716533,0.08909002232580197,162,hpo-resnet-gender-race-REBUTTAL,loss,total,PR,all,True
loss[CrossEntropy],-0.258267709257616,0.16296585192549942,56,hpo-resnet-race-age-ADD,loss,total,PR,all,True
loss[CrossEntropy],-0.22984618262396028,0.08955308936386057,156,hpo-resnet-race-age-REBUTTAL,loss,total,PR,all,True
loss[CrossEntropy],0.49404849782239635,0.1384623228334682,62,hpo-resnet-race-gender-ADD,loss,total,PR,all,True
loss[CrossEntropy],-0.1167201081129606,0.10239507756762123,134,hpo-resnet-race-gender-REBUTTAL,loss,total,PR,all,True
loss[CrossEntropy],0.1987613336479895,0.08373416328237436,91,hpo-baseline-celeba-eyeglasses-male,loss,direct_net_of_MA,PR,all,True
loss[CrossEntropy],0.01578278092533869,0.11004216767305752,86,hpo-baseline-celeba-grey-hair-male,loss,direct_net_of_MA,PR,all,True
loss[CrossEntropy],0.1644443976216742,0.15504206865797074,60,hpo-baseline-celeba-male-eyeglasses,loss,direct_net_of_MA,PR,all,True
loss[CrossEntropy],-0.040527246919160265,0.16918087028495793,61,hpo-baseline-celeba-male-gray-hair,loss,direct_net_of_MA,PR,all,True
loss[CrossEntropy],-0.24094887461842354,0.1470664174076921,60,hpo-resnet-age-gender-ADD,loss,direct_net_of_MA,PR,all,True
loss[CrossEntropy],-0.40042174310087847,0.07334788755880861,179,hpo-resnet-age-gender-REBUTTAL,loss,direct_net_of_MA,PR,all,True
loss[CrossEntropy],0.22187951922383284,0.15783353301145747,65,hpo-resnet-age-race-ADD,loss,direct_net_of_MA,PR,all,True
loss[CrossEntropy],-0.05086383336896975,0.08997727719409786,154,hpo-resnet-age-race-REBUTTAL,loss,direct_net_of_MA,PR,all,True
loss[CrossEntropy],-0.1558183479125996,0.0800104258696433,80,hpo-resnet-gender-age-ADD,loss,direct_net_of_MA,PR,all,True
loss[CrossEntropy],0.034049603325747496,0.06136432244393925,164,hpo-resnet-gender-age-REBUTTAL,loss,direct_net_of_MA,PR,all,True
loss[CrossEntropy],0.0708019975846341,0.10468277056322767,73,hpo-resnet-gender-race-ADD,loss,direct_net_of_MA,PR,all,True
loss[CrossEntropy],0.14072570928450576,0.0894084496042709,162,hpo-resnet-gender-race-REBUTTAL,loss,direct_net_of_MA,PR,all,True
loss[CrossEntropy],-0.3441985611891276,0.15854476365663372,56,hpo-resnet-race-age-ADD,loss,direct_net_of_MA,PR,all,True
loss[CrossEntropy],-0.1714642421115554,0.07317426241702633,156,hpo-resnet-race-age-REBUTTAL,loss,direct_net_of_MA,PR,all,True
loss[CrossEntropy],0.39721553189299896,0.1284073128880697,62,hpo-resnet-race-gender-ADD,loss,direct_net_of_MA,PR,all,True
loss[CrossEntropy],-0.1080126607582781,0.0951259969760139,134,hpo-resnet-race-gender-REBUTTAL,loss,direct_net_of_MA,PR,all,True
loss[CrossEntropy],-0.07343761680496355,0.12791692746486205,91,hpo-baseline-celeba-eyeglasses-male,loss,total,MA,all,True
loss[CrossEntropy],-0.05905152758777917,0.12696963457260724,86,hpo-baseline-celeba-grey-hair-male,loss,total,MA,all,True
loss[CrossEntropy],-0.16325110689437067,0.15215647947930477,60,hpo-baseline-celeba-male-eyeglasses,loss,total,MA,all,True
loss[CrossEntropy],0.5340391621129331,0.13629764638775319,61,hpo-baseline-celeba-male-gray-hair,loss,total,MA,all,True
loss[CrossEntropy],0.031315789473684234,0.156758883594137,60,hpo-resnet-age-gender-ADD,loss,total,MA,all,True
loss[CrossEntropy],0.006053283918446463,0.09554424935910641,179,hpo-resnet-age-gender-REBUTTAL,loss,total,MA,all,True
loss[CrossEntropy],0.22066355574798358,0.16767348112677588,65,hpo-resnet-age-race-ADD,loss,total,MA,all,True
loss[CrossEntropy],0.20361885174705072,0.09675227267117502,154,hpo-resnet-age-race-REBUTTAL,loss,total,MA,all,True
loss[CrossEntropy],0.23296216475095802,0.1281523173501424,80,hpo-resnet-gender-age-ADD,loss,total,MA,all,True
loss[CrossEntropy],0.24331764370275236,0.08935563521652269,164,hpo-resnet-gender-age-REBUTTAL,loss,total,MA,all,True
loss[CrossEntropy],-0.09619236007123529,0.14517908209906866,73,hpo-resnet-gender-race-ADD,loss,total,MA,all,True
loss[CrossEntropy],0.05328612926652129,0.08847070900797371,162,hpo-resnet-gender-race-REBUTTAL,loss,total,MA,all,True
loss[CrossEntropy],0.2460348269742681,0.1560909104969367,56,hpo-resnet-race-age-ADD,loss,total,MA,all,True
loss[CrossEntropy],-0.10254827477049692,0.09198861790977968,156,hpo-resnet-race-age-REBUTTAL,loss,total,MA,all,True
loss[CrossEntropy],0.23752491326492967,0.147742962063416,62,hpo-resnet-race-gender-ADD,loss,total,MA,all,True
loss[CrossEntropy],-0.023616464952218908,0.10531529668435323,134,hpo-resnet-race-gender-REBUTTAL,loss,total,MA,all,True
head[CosFace],0.5814106789716547,0.10483436171300976,91,hpo-baseline-celeba-eyeglasses-male,head,total,PR,all,True
head[CosFace],0.3379251700680275,0.09397099163520344,86,hpo-baseline-celeba-grey-hair-male,head,total,PR,all,True
head[CosFace],0.3844086021505378,0.11947131084352568,60,hpo-baseline-celeba-male-eyeglasses,head,total,PR,all,True
head[CosFace],0.35361067503924704,0.1211556104631264,61,hpo-baseline-celeba-male-gray-hair,head,total,PR,all,True
head[CosFace],0.6934032328527738,0.08312494745200832,80,hpo-resnet-gender-age-ADD,head,total,PR,all,True
head[CosFace],0.761316919195504,0.047039023086986466,164,hpo-resnet-gender-age-REBUTTAL,head,total,PR,all,True
head[CosFace],0.6161764705882347,0.10729738676992194,73,hpo-resnet-gender-race-ADD,head,total,PR,all,True
head[CosFace],0.6670316301703152,0.0781224071935664,162,hpo-resnet-gender-race-REBUTTAL,head,total,PR,all,True
head[CosFace],0.9028914348063286,0.20815860395424368,56,hpo-resnet-race-age-ADD,head,total,PR,all,True
head[CosFace],0.4101793909052987,0.0637322884964558,156,hpo-resnet-race-age-REBUTTAL,head,total,PR,all,True
head[CosFace],0.837264150943396,0.19267280878002324,62,hpo-resnet-race-gender-ADD,head,total,PR,all,True
head[CosFace],0.6895576131687224,0.09027928701571339,134,hpo-resnet-race-gender-REBUTTAL,head,total,PR,all,True
head[Baseline],0.158645276292335,0.09552983771512708,91,hpo-baseline-celeba-eyeglasses-male,head,total,PR,all,True
head[Baseline],-0.166208791208791,0.10525387283558284,86,hpo-baseline-celeba-grey-hair-male,head,total,PR,all,True
head[Baseline],-0.22157016171100624,0.12312613797749325,60,hpo-baseline-celeba-male-eyeglasses,head,total,PR,all,True
head[Baseline],-0.13809523809523797,0.14123508836956572,61,hpo-baseline-celeba-male-gray-hair,head,total,PR,all,True
head[Baseline],0.21945773524720796,0.08317395247015529,80,hpo-resnet-gender-age-ADD,head,total,PR,all,True
head[Baseline],0.27846153846153826,0.0990500463009235,73,hpo-resnet-gender-race-ADD,head,total,PR,all,True
head[Baseline],0.5503671775223503,0.26469690866940476,56,hpo-resnet-race-age-ADD,head,total,PR,all,True
head[Baseline],0.5009620009620012,0.25422732902394835,62,hpo-resnet-race-gender-ADD,head,total,PR,all,True
head[Linear],0.6754184552926675,0.04600709231198276,164,hpo-resnet-gender-age-REBUTTAL,head,total,PR,all,True
head[Linear],0.763339054157132,0.09160373740876701,162,hpo-resnet-gender-race-REBUTTAL,head,total,PR,all,True
head[Linear],0.9221934927817296,0.07070957833282257,156,hpo-resnet-race-age-REBUTTAL,head,total,PR,all,True
head[Linear],0.7023640858960446,0.10483155680230141,134,hpo-resnet-race-gender-REBUTTAL,head,total,PR,all,True
head[CosFace],0.10985795445306587,0.10789183235814208,91,hpo-baseline-celeba-eyeglasses-male,head,direct_net_of_MA,PR,all,True
head[CosFace],0.34434317109086376,0.09385552297953603,86,hpo-baseline-celeba-grey-hair-male,head,direct_net_of_MA,PR,all,True
head[CosFace],0.32409492396504463,0.12115364637284852,60,hpo-baseline-celeba-male-eyeglasses,head,direct_net_of_MA,PR,all,True
head[CosFace],0.2786690323284953,0.11287866029731675,61,hpo-baseline-celeba-male-gray-hair,head,direct_net_of_MA,PR,all,True
head[CosFace],0.3240486783064654,0.0681418931496677,80,hpo-resnet-gender-age-ADD,head,direct_net_of_MA,PR,all,True
head[CosFace],0.5947211638598701,0.04512376511169618,164,hpo-resnet-gender-age-REBUTTAL,head,direct_net_of_MA,PR,all,True
head[CosFace],0.40593382953236856,0.09307993522847867,73,hpo-resnet-gender-race-ADD,head,direct_net_of_MA,PR,all,True
head[CosFace],0.8128336511340333,0.07777165729532061,162,hpo-resnet-gender-race-REBUTTAL,head,direct_net_of_MA,PR,all,True
head[CosFace],0.7567815615661557,0.1734094348024201,56,hpo-resnet-race-age-ADD,head,direct_net_of_MA,PR,all,True
head[CosFace],0.38711554047290175,0.06673262732757973,156,hpo-resnet-race-age-REBUTTAL,head,direct_net_of_MA,PR,all,True
head[CosFace],0.6276314139668556,0.13466142219142357,62,hpo-resnet-race-gender-ADD,head,direct_net_of_MA,PR,all,True
head[CosFace],0.5924366993821628,0.08800689582511892,134,hpo-resnet-race-gender-REBUTTAL,head,direct_net_of_MA,PR,all,True
head[Baseline],0.14815809794771034,0.07684181255966613,91,hpo-baseline-celeba-eyeglasses-male,head,direct_net_of_MA,PR,all,True
head[Baseline],-0.11627725250401423,0.11274824423602424,86,hpo-baseline-celeba-grey-hair-male,head,direct_net_of_MA,PR,all,True
head[Baseline],-0.38144609068310614,0.14721707731380707,60,hpo-baseline-celeba-male-eyeglasses,head,direct_net_of_MA,PR,all,True
head[Baseline],-0.2618039904524548,0.13393522853418138,61,hpo-baseline-celeba-male-gray-hair,head,direct_net_of_MA,PR,all,True
head[Baseline],-0.06445766369986444,0.0635735230598026,80,hpo-resnet-gender-age-ADD,head,direct_net_of_MA,PR,all,True
head[Baseline],0.11505288585926804,0.08424328679046164,73,hpo-resnet-gender-race-ADD,head,direct_net_of_MA,PR,all,True
head[Baseline],0.22797040025246712,0.22637720625955818,56,hpo-resnet-race-age-ADD,head,direct_net_of_MA,PR,all,True
head[Baseline],0.08629501577738215,0.18162962052004816,62,hpo-resnet-race-gender-ADD,head,direct_net_of_MA,PR,all,True
head[Linear],0.39650805438943587,0.052530375520049445,164,hpo-resnet-gender-age-REBUTTAL,head,direct_net_of_MA,PR,all,True
head[Linear],1.085529848233672,0.10538646339389048,162,hpo-resnet-gender-race-REBUTTAL,head,direct_net_of_MA,PR,all,True
head[Linear],0.8298366411552829,0.10679793095352168,156,hpo-resnet-race-age-REBUTTAL,head,direct_net_of_MA,PR,all,True
head[Linear],0.37181812583439844,0.12583245149650857,134,hpo-resnet-race-gender-REBUTTAL,head,direct_net_of_MA,PR,all,True
head[CosFace],0.6757342708562221,0.09020858710699635,91,hpo-baseline-celeba-eyeglasses-male,head,total,MA,all,True
head[CosFace],0.05935374149659853,0.11532395372367145,86,hpo-baseline-celeba-grey-hair-male,head,total,MA,all,True
head[CosFace],0.24522102747909197,0.11886254981276283,60,hpo-baseline-celeba-male-eyeglasses,head,total,MA,all,True
head[CosFace],0.20068027210884357,0.13668618665622792,61,hpo-baseline-celeba-male-gray-hair,head,total,MA,all,True
head[CosFace],0.6105941459152464,0.10173692941626468,80,hpo-resnet-gender-age-ADD,head,total,MA,all,True
head[CosFace],0.4318333129719217,0.06485687735049299,164,hpo-resnet-gender-age-REBUTTAL,head,total,MA,all,True
head[CosFace],0.4132352941176467,0.12600753679929363,73,hpo-resnet-gender-race-ADD,head,total,MA,all,True
head[CosFace],0.37702467848453175,0.07684249921322692,162,hpo-resnet-gender-race-REBUTTAL,head,total,MA,all,True
head[CosFace],0.3081014729950904,0.2549494157507707,56,hpo-resnet-race-age-ADD,head,total,MA,all,True
head[CosFace],0.23051036017243812,0.05930879209663053,156,hpo-resnet-race-age-REBUTTAL,head,total,MA,all,True
head[CosFace],0.3540880503144651,0.23850505919560264,62,hpo-resnet-race-gender-ADD,head,total,MA,all,True
head[CosFace],0.24998417220639366,0.08086049480929777,134,hpo-resnet-race-gender-REBUTTAL,head,total,MA,all,True
head[Baseline],0.015028109145755983,0.0822021667898688,91,hpo-baseline-celeba-eyeglasses-male,head,total,MA,all,True
head[Baseline],0.4617673992673996,0.12917063605382564,86,hpo-baseline-celeba-grey-hair-male,head,total,MA,all,True
head[Baseline],0.6500173882802986,0.12249875392905675,60,hpo-baseline-celeba-male-eyeglasses,head,total,MA,all,True
head[Baseline],0.33126984126984127,0.15933959292101235,61,hpo-baseline-celeba-male-gray-hair,head,total,MA,all,True
head[Baseline],0.4693514088250918,0.10179690683850776,80,hpo-resnet-gender-age-ADD,head,total,MA,all,True
head[Baseline],0.3211823361823361,0.11632205340656158,73,hpo-resnet-gender-race-ADD,head,total,MA,all,True
head[Baseline],0.679837164750958,0.3241966506997419,56,hpo-resnet-race-age-ADD,head,total,MA,all,True
head[Baseline],0.7004088504088503,0.314701926763438,62,hpo-resnet-race-gender-ADD,head,total,MA,all,True
head[Linear],0.722964412879057,0.06343406277407526,164,hpo-resnet-gender-age-REBUTTAL,head,total,MA,all,True
head[Linear],0.8331426392067123,0.09010295986298679,162,hpo-resnet-gender-race-REBUTTAL,head,total,MA,all,True
head[Linear],0.9230553759965541,0.06580180595295897,156,hpo-resnet-race-age-REBUTTAL,head,total,MA,all,True
head[Linear],0.8508080801605246,0.09389453367290879,134,hpo-resnet-race-gender-REBUTTAL,head,total,MA,all,True
lr,-0.23720008202884701,0.12986355600012411,56,hpo-baseline-celeba-eyeglasses-male|Adam,lr,total,PR,final_budget_only,False
lr,-0.5294117647058824,0.21886033494673035,17,hpo-baseline-celeba-eyeglasses-male|SGD,lr,total,PR,final_budget_only,False
lr,-0.32161955691367455,0.16076401027915033,34,hpo-baseline-celeba-grey-hair-male|Adam,lr,total,PR,final_budget_only,False
lr,-0.5934300993124523,0.11787601551528097,34,hpo-baseline-celeba-grey-hair-male|SGD,lr,total,PR,final_budget_only,False
lr,0.34157754010695185,0.16880268917886232,33,hpo-baseline-celeba-male-eyeglasses|Adam,lr,total,PR,final_budget_only,False
lr,-0.5982142857142851,0.21913861533639867,15,hpo-baseline-celeba-male-eyeglasses|SGD,lr,total,PR,final_budget_only,False
lr,0.2526315789473686,0.22805667976265115,20,hpo-baseline-celeba-male-gray-hair|Adam,lr,total,PR,final_budget_only,False
lr,-0.3902439024390246,0.17576916270935683,29,hpo-baseline-celeba-male-gray-hair|SGD,lr,total,PR,final_budget_only,False
lr,0.07864693446088804,0.1451835888598065,44,hpo-resnet-age-gender-ADD|Adam,lr,total,PR,final_budget_only,False
lr,-0.20101330728848732,0.10103755438938604,96,hpo-resnet-age-gender-REBUTTAL|Adam,lr,total,PR,final_budget_only,False
lr,-0.43613933236574726,0.12600828503445596,53,hpo-resnet-age-gender-REBUTTAL|SGD,lr,total,PR,final_budget_only,False
lr,-0.2915124884366328,0.14094720372346298,47,hpo-resnet-age-race-ADD|Adam,lr,total,PR,final_budget_only,False
lr,0.15354536531239338,0.09784166676929755,104,hpo-resnet-age-race-REBUTTAL|Adam,lr,total,PR,final_budget_only,False
lr,0.4624505928853755,0.19825986093256054,22,hpo-resnet-age-race-REBUTTAL|SGD,lr,total,PR,final_budget_only,False
lr,-0.44694591766785746,0.11968650804929355,55,hpo-resnet-gender-age-ADD|Adam,lr,total,PR,final_budget_only,False
lr,-0.5939393939393939,0.2831023203424646,10,hpo-resnet-gender-age-ADD|SGD,lr,total,PR,final_budget_only,False
lr,-0.2733210859359054,0.14010953019408512,49,hpo-resnet-gender-age-REBUTTAL|Adam,lr,total,PR,final_budget_only,False
lr,-0.04662098126412507,0.10108331678712795,87,hpo-resnet-gender-age-REBUTTAL|SGD,lr,total,PR,final_budget_only,False
lr,0.04619364375461929,0.18535769312029093,29,hpo-resnet-gender-race-ADD|Adam,lr,total,PR,final_budget_only,False
lr,-0.48570019723865915,0.16379764371337294,29,hpo-resnet-gender-race-ADD|SGD,lr,total,PR,final_budget_only,False
lr,-0.22674902425016724,0.11024100873112126,80,hpo-resnet-gender-race-REBUTTAL|Adam,lr,total,PR,final_budget_only,False
lr,-0.6092959671907038,0.10725874110737174,56,hpo-resnet-gender-race-REBUTTAL|SGD,lr,total,PR,final_budget_only,False
lr,-0.3295454545454544,0.17237553900214775,32,hpo-resnet-race-age-ADD|Adam,lr,total,PR,final_budget_only,False
lr,-0.35314685314685346,0.2898831256122785,12,hpo-resnet-race-age-ADD|SGD,lr,total,PR,final_budget_only,False
lr,0.0985082882118589,0.0941904059220701,113,hpo-resnet-race-age-REBUTTAL|Adam,lr,total,PR,final_budget_only,False
lr,-0.3792207792207793,0.21066368652929787,21,hpo-resnet-race-age-REBUTTAL|SGD,lr,total,PR,final_budget_only,False
lr,-0.3427089243738355,0.14774538767078962,42,hpo-resnet-race-gender-ADD|Adam,lr,total,PR,final_budget_only,False
lr,-0.7023809523809521,0.28715740045825744,8,hpo-resnet-race-gender-ADD|SGD,lr,total,PR,final_budget_only,False
lr,-0.28202229466820916,0.11065544175702376,77,hpo-resnet-race-gender-REBUTTAL|Adam,lr,total,PR,final_budget_only,False
lr,-0.6659554291133241,0.12496239899467929,37,hpo-resnet-race-gender-REBUTTAL|SGD,lr,total,PR,final_budget_only,False
lr,-0.08101670465352295,0.0799317857181777,56,hpo-baseline-celeba-eyeglasses-male|Adam,lr,direct_net_of_MA,PR,final_budget_only,False
lr,-0.3518392837332535,0.16553181713349066,17,hpo-baseline-celeba-eyeglasses-male|SGD,lr,direct_net_of_MA,PR,final_budget_only,False
lr,-0.39520774910663875,0.14588583890802545,34,hpo-baseline-celeba-grey-hair-male|Adam,lr,direct_net_of_MA,PR,final_budget_only,False
lr,-0.5907442557657154,0.11990118789242879,34,hpo-baseline-celeba-grey-hair-male|SGD,lr,direct_net_of_MA,PR,final_budget_only,False
lr,0.08718370133166344,0.1823280886382313,33,hpo-baseline-celeba-male-eyeglasses|Adam,lr,direct_net_of_MA,PR,final_budget_only,False
lr,-0.27609932114243846,0.10099346519927785,15,hpo-baseline-celeba-male-eyeglasses|SGD,lr,direct_net_of_MA,PR,final_budget_only,False
lr,-0.20223831468071043,0.24718604008114808,20,hpo-baseline-celeba-male-gray-hair|Adam,lr,direct_net_of_MA,PR,final_budget_only,False
lr,-0.12509044155334892,0.16907876256452303,29,hpo-baseline-celeba-male-gray-hair|SGD,lr,direct_net_of_MA,PR,final_budget_only,False
lr,0.01864541194987458,0.15481032367461925,44,hpo-resnet-age-gender-ADD|Adam,lr,direct_net_of_MA,PR,final_budget_only,False
lr,0.0800031998604767,0.08737061367618937,96,hpo-resnet-age-gender-REBUTTAL|Adam,lr,direct_net_of_MA,PR,final_budget_only,False
lr,-0.23646602255969812,0.1022708165956337,53,hpo-resnet-age-gender-REBUTTAL|SGD,lr,direct_net_of_MA,PR,final_budget_only,False
lr,-0.5406390258156146,0.1440511781232227,47,hpo-resnet-age-race-ADD|Adam,lr,direct_net_of_MA,PR,final_budget_only,False
lr,0.17162951877939983,0.0946636862845339,104,hpo-resnet-age-race-REBUTTAL|Adam,lr,direct_net_of_MA,PR,final_budget_only,False
lr,0.1591463414634147,0.18543872504678818,22,hpo-resnet-age-race-REBUTTAL|SGD,lr,direct_net_of_MA,PR,final_budget_only,False
lr,-0.08181378105312556,0.10020264192860533,55,hpo-resnet-gender-age-ADD|Adam,lr,direct_net_of_MA,PR,final_budget_only,False
lr,-0.05826223619218629,0.14614170464064163,10,hpo-resnet-gender-age-ADD|SGD,lr,direct_net_of_MA,PR,final_budget_only,False
lr,-0.182524237999406,0.1209599486113817,49,hpo-resnet-gender-age-REBUTTAL|Adam,lr,direct_net_of_MA,PR,final_budget_only,False
lr,0.08461839982342081,0.0749350423763922,87,hpo-resnet-gender-age-REBUTTAL|SGD,lr,direct_net_of_MA,PR,final_budget_only,False
lr,0.07770804945997123,0.11871461897146314,29,hpo-resnet-gender-race-ADD|Adam,lr,direct_net_of_MA,PR,final_budget_only,False
lr,-0.4290657584062766,0.13376923919219183,29,hpo-resnet-gender-race-ADD|SGD,lr,direct_net_of_MA,PR,final_budget_only,False
lr,-0.2183316606523733,0.10263459548171341,80,hpo-resnet-gender-race-REBUTTAL|Adam,lr,direct_net_of_MA,PR,final_budget_only,False
lr,-0.6093406639028759,0.13040419490265703,56,hpo-resnet-gender-race-REBUTTAL|SGD,lr,direct_net_of_MA,PR,final_budget_only,False
lr,-0.2820506043243191,0.1833421095890852,32,hpo-resnet-race-age-ADD|Adam,lr,direct_net_of_MA,PR,final_budget_only,False
lr,-0.2918246737256832,0.18627262404723785,12,hpo-resnet-race-age-ADD|SGD,lr,direct_net_of_MA,PR,final_budget_only,False
lr,0.09899487879199438,0.08058545881243097,113,hpo-resnet-race-age-REBUTTAL|Adam,lr,direct_net_of_MA,PR,final_budget_only,False
lr,-0.3656957601103055,0.17373089843297584,21,hpo-resnet-race-age-REBUTTAL|SGD,lr,direct_net_of_MA,PR,final_budget_only,False
lr,-0.10027208880368559,0.14751782749090686,42,hpo-resnet-race-gender-ADD|Adam,lr,direct_net_of_MA,PR,final_budget_only,False
lr,-0.6088235294117645,0.23329296075178121,8,hpo-resnet-race-gender-ADD|SGD,lr,direct_net_of_MA,PR,final_budget_only,False
lr,-0.2687825845837414,0.11044169123184275,77,hpo-resnet-race-gender-REBUTTAL|Adam,lr,direct_net_of_MA,PR,final_budget_only,False
lr,-0.48022814873707503,0.10509233764511607,37,hpo-resnet-race-gender-REBUTTAL|SGD,lr,direct_net_of_MA,PR,final_budget_only,False
lr,-0.19997949278829735,0.13333864988264796,56,hpo-baseline-celeba-eyeglasses-male|Adam,lr,total,MA,final_budget_only,False
lr,-0.2818627450980393,0.2477301479332969,17,hpo-baseline-celeba-eyeglasses-male|SGD,lr,total,MA,final_budget_only,False
lr,-0.16822001527883884,0.1742575344909428,34,hpo-baseline-celeba-grey-hair-male|Adam,lr,total,MA,final_budget_only,False
lr,0.07303284950343768,0.17627753562539908,34,hpo-baseline-celeba-grey-hair-male|SGD,lr,total,MA,final_budget_only,False
lr,-0.5297459893048128,0.1523333766421809,33,hpo-baseline-celeba-male-eyeglasses|Adam,lr,total,MA,final_budget_only,False
lr,-0.40714285714285653,0.25332173126094476,15,hpo-baseline-celeba-male-eyeglasses|SGD,lr,total,MA,final_budget_only,False
lr,-0.6315789473684208,0.18274268996490928,20,hpo-baseline-celeba-male-gray-hair|Adam,lr,total,MA,final_budget_only,False
lr,-0.466617393446662,0.17024106810018372,29,hpo-baseline-celeba-male-gray-hair|SGD,lr,total,MA,final_budget_only,False
lr,-0.35320648343904165,0.14435778799125873,44,hpo-resnet-age-gender-ADD|Adam,lr,total,MA,final_budget_only,False
lr,-0.4177416948140911,0.09371218053835428,96,hpo-resnet-age-gender-REBUTTAL|Adam,lr,total,MA,final_budget_only,False
lr,-0.3233349459764553,0.13250634559058896,53,hpo-resnet-age-gender-REBUTTAL|SGD,lr,total,MA,final_budget_only,False
lr,-0.4880897317298798,0.1301083662678371,47,hpo-resnet-age-race-ADD|Adam,lr,total,MA,final_budget_only,False
lr,0.06577010071696834,0.09880142652937418,104,hpo-resnet-age-race-REBUTTAL|Adam,lr,total,MA,final_budget_only,False
lr,-0.4906832298136645,0.19483710734606363,22,hpo-resnet-age-race-REBUTTAL|SGD,lr,total,MA,final_budget_only,False
lr,-0.5125374319009998,0.11795534954096018,55,hpo-resnet-gender-age-ADD|Adam,lr,total,MA,final_budget_only,False
lr,-0.5878787878787879,0.2860066718544708,10,hpo-resnet-gender-age-ADD|SGD,lr,total,MA,final_budget_only,False
lr,-0.1722800571545214,0.14369913199498743,49,hpo-resnet-gender-age-REBUTTAL|Adam,lr,total,MA,final_budget_only,False
lr,-0.19947874899759446,0.10628278953143284,87,hpo-resnet-gender-age-REBUTTAL|SGD,lr,total,MA,final_budget_only,False
lr,-0.042005420054200604,0.19228022997756386,29,hpo-resnet-gender-race-ADD|Adam,lr,total,MA,final_budget_only,False
lr,-0.10946745562130211,0.1913889843044772,29,hpo-resnet-gender-race-ADD|SGD,lr,total,MA,final_budget_only,False
lr,0.02271475286864575,0.11319915288715561,80,hpo-resnet-gender-race-REBUTTAL|Adam,lr,total,MA,final_budget_only,False
lr,-0.5574162679425836,0.11298042310203169,56,hpo-resnet-gender-race-REBUTTAL|SGD,lr,total,MA,final_budget_only,False
lr,-0.3244134897360703,0.17269972859245836,32,hpo-resnet-race-age-ADD|Adam,lr,total,MA,final_budget_only,False
lr,-0.08391608391608402,0.3151123753298479,12,hpo-resnet-race-age-ADD|SGD,lr,total,MA,final_budget_only,False
lr,-0.0009356987798488206,0.09491615274633033,113,hpo-resnet-race-age-REBUTTAL|Adam,lr,total,MA,final_budget_only,False
lr,-0.024675324675324867,0.2293458808681042,21,hpo-resnet-race-age-REBUTTAL|SGD,lr,total,MA,final_budget_only,False
lr,-0.4674961497933052,0.1397283979753296,42,hpo-resnet-race-gender-ADD|Adam,lr,total,MA,final_budget_only,False
lr,-0.19047619047619047,0.4007740054905586,8,hpo-resnet-race-gender-ADD|SGD,lr,total,MA,final_budget_only,False
lr,-0.08760121989693985,0.11502919096398742,77,hpo-resnet-race-gender-REBUTTAL|Adam,lr,total,MA,final_budget_only,False
lr,-0.36699857752489334,0.15723613217021312,37,hpo-resnet-race-gender-REBUTTAL|SGD,lr,total,MA,final_budget_only,False
weight_decay,-0.45539475105302935,0.10429270599420207,73,hpo-baseline-celeba-eyeglasses-male,weight_decay,total,PR,final_budget_only,False
weight_decay,-0.3369278925067758,0.10741880029918593,68,hpo-baseline-celeba-grey-hair-male,weight_decay,total,PR,final_budget_only,False
weight_decay,-0.4943551888840643,0.12807329818983101,48,hpo-baseline-celeba-male-eyeglasses,weight_decay,total,PR,final_budget_only,False
weight_decay,-0.5827125216858865,0.11829378626764049,49,hpo-baseline-celeba-male-gray-hair,weight_decay,total,PR,final_budget_only,False
weight_decay,-0.4773446270027556,0.12148589896449875,49,hpo-resnet-age-gender-ADD,weight_decay,total,PR,final_budget_only,False
weight_decay,-0.6003087259522069,0.06596396982664257,149,hpo-resnet-age-gender-REBUTTAL,weight_decay,total,PR,final_budget_only,False
weight_decay,0.022415739396871533,0.13896130666246992,53,hpo-resnet-age-race-ADD,weight_decay,total,PR,final_budget_only,False
weight_decay,0.09614542400335939,0.08938729864820927,126,hpo-resnet-age-race-REBUTTAL,weight_decay,total,PR,final_budget_only,False
weight_decay,-0.3448795838978977,0.11598073620227883,65,hpo-resnet-gender-age-ADD,weight_decay,total,PR,final_budget_only,False
weight_decay,-0.43958036153027746,0.07501525588698729,136,hpo-resnet-gender-age-REBUTTAL,weight_decay,total,PR,final_budget_only,False
weight_decay,-0.6099541665384975,0.10119629907739726,58,hpo-resnet-gender-race-ADD,weight_decay,total,PR,final_budget_only,False
weight_decay,0.20712513715948672,0.08441138345606468,136,hpo-resnet-gender-race-REBUTTAL,weight_decay,total,PR,final_budget_only,False
weight_decay,-0.38438226795404845,0.1423958247373915,44,hpo-resnet-race-age-ADD,weight_decay,total,PR,final_budget_only,False
weight_decay,-0.3482612002643426,0.08128840654136289,134,hpo-resnet-race-age-REBUTTAL,weight_decay,total,PR,final_budget_only,False
weight_decay,-0.7097719087635054,0.10058781526605808,50,hpo-resnet-race-gender-ADD,weight_decay,total,PR,final_budget_only,False
weight_decay,-0.33835822829925766,0.08872072742725404,114,hpo-resnet-race-gender-REBUTTAL,weight_decay,total,PR,final_budget_only,False
weight_decay,-0.19485036069055536,0.08680335942438872,73,hpo-baseline-celeba-eyeglasses-male,weight_decay,direct_net_of_MA,PR,final_budget_only,False
weight_decay,-0.3354614562621511,0.10472315653429531,68,hpo-baseline-celeba-grey-hair-male,weight_decay,direct_net_of_MA,PR,final_budget_only,False
weight_decay,-0.5880330357916007,0.1366457218730545,48,hpo-baseline-celeba-male-eyeglasses,weight_decay,direct_net_of_MA,PR,final_budget_only,False
weight_decay,-0.6057312513822736,0.11156986818908696,49,hpo-baseline-celeba-male-gray-hair,weight_decay,direct_net_of_MA,PR,final_budget_only,False
weight_decay,-0.45525480176381083,0.12281876965667177,49,hpo-resnet-age-gender-ADD,weight_decay,direct_net_of_MA,PR,final_budget_only,False
weight_decay,-0.4613011683651105,0.06577473513912001,149,hpo-resnet-age-gender-REBUTTAL,weight_decay,direct_net_of_MA,PR,final_budget_only,False
weight_decay,0.07057747873017672,0.13318532254518547,53,hpo-resnet-age-race-ADD,weight_decay,direct_net_of_MA,PR,final_budget_only,False
weight_decay,0.08916501068081878,0.08351657117342122,126,hpo-resnet-age-race-REBUTTAL,weight_decay,direct_net_of_MA,PR,final_budget_only,False
weight_decay,-0.1486268209061561,0.08069152943963837,65,hpo-resnet-gender-age-ADD,weight_decay,direct_net_of_MA,PR,final_budget_only,False
weight_decay,-0.19955338669520084,0.06172132280155212,136,hpo-resnet-gender-age-REBUTTAL,weight_decay,direct_net_of_MA,PR,final_budget_only,False
weight_decay,-0.3818947416753146,0.10347586969203945,58,hpo-resnet-gender-race-ADD,weight_decay,direct_net_of_MA,PR,final_budget_only,False
weight_decay,0.23129832154324656,0.08924754893009039,136,hpo-resnet-gender-race-REBUTTAL,weight_decay,direct_net_of_MA,PR,final_budget_only,False
weight_decay,-0.3270530824115655,0.151510719120379,44,hpo-resnet-race-age-ADD,weight_decay,direct_net_of_MA,PR,final_budget_only,False
weight_decay,-0.1141736913964392,0.07809850207735688,134,hpo-resnet-race-age-REBUTTAL,weight_decay,direct_net_of_MA,PR,final_budget_only,False
weight_decay,-0.6300009008200991,0.11052258661888627,50,hpo-resnet-race-gender-ADD,weight_decay,direct_net_of_MA,PR,final_budget_only,False
weight_decay,-0.25889453334016926,0.08892964533502684,114,hpo-resnet-race-gender-REBUTTAL,weight_decay,direct_net_of_MA,PR,final_budget_only,False
weight_decay,-0.4110595096662705,0.1081990730838673,73,hpo-baseline-celeba-eyeglasses-male,weight_decay,total,MA,final_budget_only,False
weight_decay,0.006641981906325047,0.12308642638446873,68,hpo-baseline-celeba-grey-hair-male,weight_decay,total,MA,final_budget_only,False
weight_decay,-0.3971993052540167,0.1353122565792149,48,hpo-baseline-celeba-male-eyeglasses,weight_decay,total,MA,final_budget_only,False
weight_decay,0.07715072966629238,0.14543769713418606,49,hpo-baseline-celeba-male-gray-hair,weight_decay,total,MA,final_budget_only,False
weight_decay,0.16226145525053573,0.14393950202049619,49,hpo-resnet-age-gender-ADD,weight_decay,total,MA,final_budget_only,False
weight_decay,-0.39321201963366414,0.07583494139362414,149,hpo-resnet-age-gender-REBUTTAL,weight_decay,total,MA,final_budget_only,False
weight_decay,0.14038058377681045,0.1386413974688914,53,hpo-resnet-age-race-ADD,weight_decay,total,MA,final_budget_only,False
weight_decay,-0.019125896151423478,0.08978689817699828,126,hpo-resnet-age-race-REBUTTAL,weight_decay,total,MA,final_budget_only,False
weight_decay,-0.2741160015734954,0.1211652502625925,65,hpo-resnet-gender-age-ADD,weight_decay,total,MA,final_budget_only,False
weight_decay,-0.3885997261567964,0.07959707752874065,136,hpo-resnet-gender-age-REBUTTAL,weight_decay,total,MA,final_budget_only,False
weight_decay,-0.5174259435848539,0.11434906085198289,58,hpo-resnet-gender-race-ADD,weight_decay,total,MA,final_budget_only,False
weight_decay,-0.3217022088640808,0.08179459570568526,136,hpo-resnet-gender-race-REBUTTAL,weight_decay,total,MA,final_budget_only,False
weight_decay,-0.347311297483966,0.14470374824596888,44,hpo-resnet-race-age-ADD,weight_decay,total,MA,final_budget_only,False
weight_decay,-0.4401725707303085,0.07815331222631891,134,hpo-resnet-race-age-REBUTTAL,weight_decay,total,MA,final_budget_only,False
weight_decay,-0.4457142857142857,0.12916870294900626,50,hpo-resnet-race-gender-ADD,weight_decay,total,MA,final_budget_only,False
weight_decay,-0.28155477432524356,0.09066869435378284,114,hpo-resnet-race-gender-REBUTTAL,weight_decay,total,MA,final_budget_only,False
batch_size,-0.1662413782437906,0.115934697801832,73,hpo-baseline-celeba-eyeglasses-male,batch_size,total,PR,final_budget_only,False
batch_size,0.1501147227533461,0.1137594145092895,68,hpo-baseline-celeba-grey-hair-male,batch_size,total,PR,final_budget_only,False
batch_size,-0.07397319969495615,0.1472231141251254,48,hpo-baseline-celeba-male-eyeglasses,batch_size,total,PR,final_budget_only,False
batch_size,-0.2741300904399362,0.14017262163713934,49,hpo-baseline-celeba-male-gray-hair,batch_size,total,PR,final_budget_only,False
batch_size,-0.19600000000000004,0.13743376324567796,49,hpo-resnet-age-gender-ADD,batch_size,total,PR,final_budget_only,False
batch_size,0.26911781504368343,0.0801061696766459,149,hpo-resnet-age-gender-REBUTTAL,batch_size,total,PR,final_budget_only,False
batch_size,-0.4053259553864781,0.13226947506362902,53,hpo-resnet-age-race-ADD,batch_size,total,PR,final_budget_only,False
batch_size,-0.2028159540430482,0.08839729053350354,126,hpo-resnet-age-race-REBUTTAL,batch_size,total,PR,final_budget_only,False
batch_size,-0.07381563645140779,0.12375491783646679,65,hpo-resnet-gender-age-ADD,batch_size,total,PR,final_budget_only,False
batch_size,0.17631821100961378,0.08288344405294043,136,hpo-resnet-gender-age-REBUTTAL,batch_size,total,PR,final_budget_only,False
batch_size,-0.14845778217332153,0.12872687765176116,58,hpo-resnet-gender-race-ADD,batch_size,total,PR,final_budget_only,False
batch_size,-0.31542101886929486,0.08254200478733438,136,hpo-resnet-gender-race-REBUTTAL,batch_size,total,PR,final_budget_only,False
batch_size,0.03577482695295951,0.15432449220401306,44,hpo-resnet-race-age-ADD,batch_size,total,PR,final_budget_only,False
batch_size,-0.09087277013124512,0.08645176267447602,134,hpo-resnet-race-age-REBUTTAL,batch_size,total,PR,final_budget_only,False
batch_size,-0.43708842306338896,0.13266068832313976,50,hpo-resnet-race-gender-ADD,batch_size,total,PR,final_budget_only,False
batch_size,0.17151829734611163,0.09311191448047929,114,hpo-resnet-race-gender-REBUTTAL,batch_size,total,PR,final_budget_only,False
batch_size,-0.2116702620026666,0.07819556607672655,73,hpo-baseline-celeba-eyeglasses-male,batch_size,direct_net_of_MA,PR,final_budget_only,False
batch_size,0.16333021902106032,0.11113650356663225,68,hpo-baseline-celeba-grey-hair-male,batch_size,direct_net_of_MA,PR,final_budget_only,False
batch_size,-0.0792814177515431,0.1547258796697373,48,hpo-baseline-celeba-male-eyeglasses,batch_size,direct_net_of_MA,PR,final_budget_only,False
batch_size,-0.3747275426617418,0.13794251789766976,49,hpo-baseline-celeba-male-gray-hair,batch_size,direct_net_of_MA,PR,final_budget_only,False
batch_size,-0.15237212461179256,0.14137183122820435,49,hpo-resnet-age-gender-ADD,batch_size,direct_net_of_MA,PR,final_budget_only,False
batch_size,0.11659542238574713,0.07331064721176374,149,hpo-resnet-age-gender-REBUTTAL,batch_size,direct_net_of_MA,PR,final_budget_only,False
batch_size,-0.37569689252484334,0.126891372693174,53,hpo-resnet-age-race-ADD,batch_size,direct_net_of_MA,PR,final_budget_only,False
batch_size,-0.22550960699899056,0.08197342666068448,126,hpo-resnet-age-race-REBUTTAL,batch_size,direct_net_of_MA,PR,final_budget_only,False
batch_size,-0.15956423111558843,0.07775219100749244,65,hpo-resnet-gender-age-ADD,batch_size,direct_net_of_MA,PR,final_budget_only,False
batch_size,0.009521715675163779,0.06097721176148218,136,hpo-resnet-gender-age-REBUTTAL,batch_size,direct_net_of_MA,PR,final_budget_only,False
batch_size,-0.023897522168657138,0.1010505751296676,58,hpo-resnet-gender-race-ADD,batch_size,direct_net_of_MA,PR,final_budget_only,False
batch_size,-0.32838980750268876,0.08432649990217574,136,hpo-resnet-gender-race-REBUTTAL,batch_size,direct_net_of_MA,PR,final_budget_only,False
batch_size,0.00011429587758183179,0.15134210124627645,44,hpo-resnet-race-age-ADD,batch_size,direct_net_of_MA,PR,final_budget_only,False
batch_size,-0.19613562841004864,0.06972267845703951,134,hpo-resnet-race-age-REBUTTAL,batch_size,direct_net_of_MA,PR,final_budget_only,False
batch_size,-0.5137816398595239,0.10984304359022444,50,hpo-resnet-race-gender-ADD,batch_size,direct_net_of_MA,PR,final_budget_only,False
batch_size,0.13247782712101544,0.08842197194521363,114,hpo-resnet-race-gender-REBUTTAL,batch_size,direct_net_of_MA,PR,final_budget_only,False
batch_size,0.062478735578856456,0.1185951655094419,73,hpo-baseline-celeba-eyeglasses-male,batch_size,total,MA,final_budget_only,False
batch_size,0.0568929254302104,0.1230005098076381,68,hpo-baseline-celeba-grey-hair-male,batch_size,total,MA,final_budget_only,False
batch_size,0.2740494607255689,0.1420725515780886,48,hpo-baseline-celeba-male-eyeglasses,batch_size,total,MA,final_budget_only,False
batch_size,0.2817433958407847,0.140068557922787,49,hpo-baseline-celeba-male-gray-hair,batch_size,total,MA,final_budget_only,False
batch_size,0.2545128205128205,0.14144778973046676,49,hpo-resnet-age-gender-ADD,batch_size,total,MA,final_budget_only,False
batch_size,0.30511675381287673,0.07922356778008002,149,hpo-resnet-age-gender-REBUTTAL,batch_size,total,MA,final_budget_only,False
batch_size,0.09929967145080389,0.144332160368731,53,hpo-resnet-age-race-ADD,batch_size,total,MA,final_budget_only,False
batch_size,-0.05971858638743437,0.09009466537448862,126,hpo-resnet-age-race-REBUTTAL,batch_size,total,MA,final_budget_only,False
batch_size,0.11074539749413022,0.1254729948632084,65,hpo-resnet-gender-age-ADD,batch_size,total,MA,final_budget_only,False
batch_size,0.24070949993769575,0.08404994529975865,136,hpo-resnet-gender-age-REBUTTAL,batch_size,total,MA,final_budget_only,False
batch_size,-0.19656323402151038,0.13134337717135094,58,hpo-resnet-gender-race-ADD,batch_size,total,MA,final_budget_only,False
batch_size,0.19906319216664015,0.0853078874049466,136,hpo-resnet-gender-race-REBUTTAL,batch_size,total,MA,final_budget_only,False
batch_size,0.12798417855629335,0.1532101153165537,44,hpo-resnet-race-age-ADD,batch_size,total,MA,final_budget_only,False
batch_size,0.17100321620487827,0.08581445183685929,134,hpo-resnet-race-age-REBUTTAL,batch_size,total,MA,final_budget_only,False
batch_size,0.14447293017644397,0.14616454298443668,50,hpo-resnet-race-gender-ADD,batch_size,total,MA,final_budget_only,False
batch_size,0.11483232178596386,0.09407418472133779,114,hpo-resnet-race-gender-REBUTTAL,batch_size,total,MA,final_budget_only,False
optimizer[SGD],0.4264705882352942,0.15223191498089814,73,hpo-baseline-celeba-eyeglasses-male,optimizer,total,PR,final_budget_only,False
optimizer[SGD],-0.1332179930795847,0.13193062098150518,68,hpo-baseline-celeba-grey-hair-male,optimizer,total,PR,final_budget_only,False
optimizer[SGD],0.24848484848484875,0.17981956712890984,48,hpo-baseline-celeba-male-eyeglasses,optimizer,total,PR,final_budget_only,False
optimizer[SGD],-0.03448275862068972,0.1709908792818323,49,hpo-baseline-celeba-male-gray-hair,optimizer,total,PR,final_budget_only,False
optimizer[SGD],0.7999999999999998,0.24015284807669451,49,hpo-resnet-age-gender-ADD,optimizer,total,PR,final_budget_only,False
optimizer[SGD],0.5703616352201264,0.08764065937370506,149,hpo-resnet-age-gender-REBUTTAL,optimizer,total,PR,final_budget_only,False
optimizer[SGD],0.9219858156028369,0.21784966967259983,53,hpo-resnet-age-race-ADD,optimizer,total,PR,final_budget_only,False
optimizer[SGD],0.3225524475524478,0.13346351724134128,126,hpo-resnet-age-race-REBUTTAL,optimizer,total,PR,final_budget_only,False
optimizer[SGD],0.3018181818181818,0.1944774006118243,65,hpo-resnet-gender-age-ADD,optimizer,total,PR,final_budget_only,False
optimizer[SGD],-0.5200562983814206,0.09058140264841787,136,hpo-resnet-gender-age-REBUTTAL,optimizer,total,PR,final_budget_only,False
optimizer[SGD],0.09155766944114133,0.14951943672041224,58,hpo-resnet-gender-race-ADD,optimizer,total,PR,final_budget_only,False
optimizer[SGD],-0.06629464285714272,0.10105932527612473,136,hpo-resnet-gender-race-REBUTTAL,optimizer,total,PR,final_budget_only,False
optimizer[SGD],0.12500000000000008,0.19897827040245397,44,hpo-resnet-race-age-ADD,optimizer,total,PR,final_budget_only,False
optimizer[SGD],0.3029919932574807,0.1352317488643621,134,hpo-resnet-race-age-REBUTTAL,optimizer,total,PR,final_budget_only,False
optimizer[SGD],0.4523809523809525,0.21642587570570473,50,hpo-resnet-race-gender-ADD,optimizer,total,PR,final_budget_only,False
optimizer[SGD],0.19269919269919267,0.11484914544984144,114,hpo-resnet-race-gender-REBUTTAL,optimizer,total,PR,final_budget_only,False
optimizer[SGD],0.5343038517534443,0.09263254562353966,73,hpo-baseline-celeba-eyeglasses-male,optimizer,direct_net_of_MA,PR,final_budget_only,False
optimizer[SGD],-0.09191543831921581,0.13155003361542747,68,hpo-baseline-celeba-grey-hair-male,optimizer,direct_net_of_MA,PR,final_budget_only,False
optimizer[SGD],0.2955629665968537,0.19798085568210255,48,hpo-baseline-celeba-male-eyeglasses,optimizer,direct_net_of_MA,PR,final_budget_only,False
optimizer[SGD],0.08549571758965102,0.1794451990776858,49,hpo-baseline-celeba-male-gray-hair,optimizer,direct_net_of_MA,PR,final_budget_only,False
optimizer[SGD],0.7631123919308361,0.24019533384108055,49,hpo-resnet-age-gender-ADD,optimizer,direct_net_of_MA,PR,final_budget_only,False
optimizer[SGD],0.5754431369990761,0.06959718994542222,149,hpo-resnet-age-gender-REBUTTAL,optimizer,direct_net_of_MA,PR,final_budget_only,False
optimizer[SGD],0.8300772031732336,0.2169054444721108,53,hpo-resnet-age-race-ADD,optimizer,direct_net_of_MA,PR,final_budget_only,False
optimizer[SGD],0.2806765797098114,0.12543777096725905,126,hpo-resnet-age-race-REBUTTAL,optimizer,direct_net_of_MA,PR,final_budget_only,False
optimizer[SGD],0.2744440469091632,0.12268861582279317,65,hpo-resnet-gender-age-ADD,optimizer,direct_net_of_MA,PR,final_budget_only,False
optimizer[SGD],-0.2494307322396524,0.07309418163875048,136,hpo-resnet-gender-age-REBUTTAL,optimizer,direct_net_of_MA,PR,final_budget_only,False
optimizer[SGD],0.13684726557063331,0.11290246000408789,58,hpo-resnet-gender-race-ADD,optimizer,direct_net_of_MA,PR,final_budget_only,False
optimizer[SGD],-0.06917768698631799,0.10375554010722203,136,hpo-resnet-gender-race-REBUTTAL,optimizer,direct_net_of_MA,PR,final_budget_only,False
optimizer[SGD],0.3711740051713352,0.21131170320588347,44,hpo-resnet-race-age-ADD,optimizer,direct_net_of_MA,PR,final_budget_only,False
optimizer[SGD],0.21784840034665512,0.11115641385443759,134,hpo-resnet-race-age-REBUTTAL,optimizer,direct_net_of_MA,PR,final_budget_only,False
optimizer[SGD],0.6073722115450104,0.18614311694591693,50,hpo-resnet-race-gender-ADD,optimizer,direct_net_of_MA,PR,final_budget_only,False
optimizer[SGD],0.24846163834029134,0.10738747422218374,114,hpo-resnet-race-gender-REBUTTAL,optimizer,direct_net_of_MA,PR,final_budget_only,False
optimizer[SGD],-0.14285714285714285,0.1612075058200003,73,hpo-baseline-celeba-eyeglasses-male,optimizer,total,MA,final_budget_only,False
optimizer[SGD],0.1972318339100345,0.14002671287279544,68,hpo-baseline-celeba-grey-hair-male,optimizer,total,MA,final_budget_only,False
optimizer[SGD],-0.503030303030303,0.1679675347173423,48,hpo-baseline-celeba-male-eyeglasses,optimizer,total,MA,final_budget_only,False
optimizer[SGD],-0.43103448275862055,0.1593550578345709,49,hpo-baseline-celeba-male-gray-hair,optimizer,total,MA,final_budget_only,False
optimizer[SGD],-0.22727272727272743,0.2761710364203351,49,hpo-resnet-age-gender-ADD,optimizer,total,MA,final_budget_only,False
optimizer[SGD],-0.009433962264150974,0.09946501508082654,149,hpo-resnet-age-gender-REBUTTAL,optimizer,total,MA,final_budget_only,False
optimizer[SGD],-0.3900709219858164,0.24919453035854297,53,hpo-resnet-age-race-ADD,optimizer,total,MA,final_budget_only,False
optimizer[SGD],-0.1188811188811189,0.13615274436197727,126,hpo-resnet-age-race-REBUTTAL,optimizer,total,MA,final_budget_only,False
optimizer[SGD],0.03636363636363653,0.20152898432489147,65,hpo-resnet-gender-age-ADD,optimizer,total,MA,final_budget_only,False
optimizer[SGD],-0.4365470326061452,0.09679853338633186,136,hpo-resnet-gender-age-REBUTTAL,optimizer,total,MA,final_budget_only,False
optimizer[SGD],-0.07015457788347225,0.15399294469557767,58,hpo-resnet-gender-race-ADD,optimizer,total,MA,final_budget_only,False
optimizer[SGD],-0.24687499999999982,0.09906913031123103,136,hpo-resnet-gender-race-REBUTTAL,optimizer,total,MA,final_budget_only,False
optimizer[SGD],-0.5989583333333333,0.17734392299189752,44,hpo-resnet-race-age-ADD,optimizer,total,MA,final_budget_only,False
optimizer[SGD],0.14959966287399945,0.13761341974160685,134,hpo-resnet-race-age-REBUTTAL,optimizer,total,MA,final_budget_only,False
optimizer[SGD],-0.2916666666666667,0.22327611577520198,50,hpo-resnet-race-gender-ADD,optimizer,total,MA,final_budget_only,False
optimizer[SGD],-0.14706914706914678,0.11568071771030836,114,hpo-resnet-race-gender-REBUTTAL,optimizer,total,MA,final_budget_only,False
loss[CrossEntropy],0.1258503401360542,0.14356530519621613,73,hpo-baseline-celeba-eyeglasses-male,loss,total,PR,final_budget_only,False
loss[CrossEntropy],0.025951557093425608,0.13290740727891975,68,hpo-baseline-celeba-grey-hair-male,loss,total,PR,final_budget_only,False
loss[CrossEntropy],0.15370018975332078,0.17640541040793256,48,hpo-baseline-celeba-male-eyeglasses,loss,total,PR,final_budget_only,False
loss[CrossEntropy],0.12878787878787848,0.17830384019323856,49,hpo-baseline-celeba-male-gray-hair,loss,total,PR,final_budget_only,False
loss[CrossEntropy],-0.2701754385964914,0.16112888425808242,49,hpo-resnet-age-gender-ADD,loss,total,PR,final_budget_only,False
loss[CrossEntropy],-0.3832840861122839,0.09810912112821196,149,hpo-resnet-age-gender-REBUTTAL,loss,total,PR,final_budget_only,False
loss[CrossEntropy],0.17582417582417623,0.18031640713452332,53,hpo-resnet-age-race-ADD,loss,total,PR,final_budget_only,False
loss[CrossEntropy],-0.09561001885267997,0.10686257154772366,126,hpo-resnet-age-race-REBUTTAL,loss,total,PR,final_budget_only,False
loss[CrossEntropy],0.015325670498084159,0.1438162719575985,65,hpo-resnet-gender-age-ADD,loss,total,PR,final_budget_only,False
loss[CrossEntropy],0.2065789473684207,0.09611975168173842,136,hpo-resnet-gender-age-REBUTTAL,loss,total,PR,final_budget_only,False
loss[CrossEntropy],0.013495276653171396,0.1598115034675199,58,hpo-resnet-gender-race-ADD,loss,total,PR,final_budget_only,False
loss[CrossEntropy],0.14467993079584787,0.0988458477183299,136,hpo-resnet-gender-race-REBUTTAL,loss,total,PR,final_budget_only,False
loss[CrossEntropy],-0.17633928571428542,0.18307050351353113,44,hpo-resnet-race-age-ADD,loss,total,PR,final_budget_only,False
loss[CrossEntropy],-0.23975044563279915,0.09798845274471395,134,hpo-resnet-race-age-REBUTTAL,loss,total,PR,final_budget_only,False
loss[CrossEntropy],0.5280135823429543,0.1527881526080074,50,hpo-resnet-race-gender-ADD,loss,total,PR,final_budget_only,False
loss[CrossEntropy],-0.09154694286668892,0.1131215007335786,114,hpo-resnet-race-gender-REBUTTAL,loss,total,PR,final_budget_only,False
loss[CrossEntropy],0.20134811370383845,0.09812906928838949,73,hpo-baseline-celeba-eyeglasses-male,loss,direct_net_of_MA,PR,final_budget_only,False
loss[CrossEntropy],0.007470248859585997,0.13043674626548526,68,hpo-baseline-celeba-grey-hair-male,loss,direct_net_of_MA,PR,final_budget_only,False
loss[CrossEntropy],0.15786481420803056,0.18099651433813693,48,hpo-baseline-celeba-male-eyeglasses,loss,direct_net_of_MA,PR,final_budget_only,False
loss[CrossEntropy],0.00013547049721173923,0.19280574178735843,49,hpo-baseline-celeba-male-gray-hair,loss,direct_net_of_MA,PR,final_budget_only,False
loss[CrossEntropy],-0.2687111828485209,0.15874342522825025,49,hpo-resnet-age-gender-ADD,loss,direct_net_of_MA,PR,final_budget_only,False
loss[CrossEntropy],-0.4091585882881468,0.080628775164995,149,hpo-resnet-age-gender-REBUTTAL,loss,direct_net_of_MA,PR,final_budget_only,False
loss[CrossEntropy],0.24301231948256483,0.17151843843510617,53,hpo-resnet-age-race-ADD,loss,direct_net_of_MA,PR,final_budget_only,False
loss[CrossEntropy],-0.00936866000589573,0.1021605187279188,126,hpo-resnet-age-race-REBUTTAL,loss,direct_net_of_MA,PR,final_budget_only,False
loss[CrossEntropy],-0.15062929226576216,0.09217762953143875,65,hpo-resnet-gender-age-ADD,loss,direct_net_of_MA,PR,final_budget_only,False
loss[CrossEntropy],0.04575700793639659,0.06999695908588838,136,hpo-resnet-gender-age-REBUTTAL,loss,direct_net_of_MA,PR,final_budget_only,False
loss[CrossEntropy],0.07599703435010582,0.12160070464228089,58,hpo-resnet-gender-race-ADD,loss,direct_net_of_MA,PR,final_budget_only,False
loss[CrossEntropy],0.1451568919270398,0.09939531374746333,136,hpo-resnet-gender-race-REBUTTAL,loss,direct_net_of_MA,PR,final_budget_only,False
loss[CrossEntropy],-0.26951647245402993,0.18020544309770734,44,hpo-resnet-race-age-ADD,loss,direct_net_of_MA,PR,final_budget_only,False
loss[CrossEntropy],-0.18351335508552238,0.08035607126542874,134,hpo-resnet-race-age-REBUTTAL,loss,direct_net_of_MA,PR,final_budget_only,False
loss[CrossEntropy],0.43227953354192616,0.14322868947931788,50,hpo-resnet-race-gender-ADD,loss,direct_net_of_MA,PR,final_budget_only,False
loss[CrossEntropy],-0.08456920121447302,0.10621466243261223,114,hpo-resnet-race-gender-REBUTTAL,loss,direct_net_of_MA,PR,final_budget_only,False
loss[CrossEntropy],-0.10374149659863946,0.14532342673974513,73,hpo-baseline-celeba-eyeglasses-male,loss,total,MA,final_budget_only,False
loss[CrossEntropy],-0.08304498269896204,0.14174762186778692,68,hpo-baseline-celeba-grey-hair-male,loss,total,MA,final_budget_only,False
loss[CrossEntropy],-0.20683111954459213,0.17531920451895294,48,hpo-baseline-celeba-male-eyeglasses,loss,total,MA,final_budget_only,False
loss[CrossEntropy],0.5113636363636359,0.16332051418075252,49,hpo-baseline-celeba-male-gray-hair,loss,total,MA,final_budget_only,False
loss[CrossEntropy],0.007017543859648977,0.17280289632669274,49,hpo-resnet-age-gender-ADD,loss,total,MA,final_budget_only,False
loss[CrossEntropy],0.04727733220768268,0.1030027175146143,149,hpo-resnet-age-gender-REBUTTAL,loss,total,MA,final_budget_only,False
loss[CrossEntropy],0.1868131868131873,0.18146390272050575,53,hpo-resnet-age-race-ADD,loss,total,MA,final_budget_only,False
loss[CrossEntropy],0.2361971451656348,0.10508766405178975,126,hpo-resnet-age-race-REBUTTAL,loss,total,MA,final_budget_only,False
loss[CrossEntropy],0.2126436781609195,0.14383862595623614,65,hpo-resnet-gender-age-ADD,loss,total,MA,final_budget_only,False
loss[CrossEntropy],0.23399122807017492,0.09839023979798729,136,hpo-resnet-gender-age-REBUTTAL,loss,total,MA,final_budget_only,False
loss[CrossEntropy],-0.09716599190283401,0.1638451330743954,58,hpo-resnet-gender-race-ADD,loss,total,MA,final_budget_only,False
loss[CrossEntropy],0.06963667820069205,0.09956667228185816,136,hpo-resnet-gender-race-REBUTTAL,loss,total,MA,final_budget_only,False
loss[CrossEntropy],0.28125000000000006,0.179988794648388,44,hpo-resnet-race-age-ADD,loss,total,MA,final_budget_only,False
loss[CrossEntropy],-0.09893048128342286,0.10014265996815426,134,hpo-resnet-race-age-REBUTTAL,loss,total,MA,final_budget_only,False
loss[CrossEntropy],0.24957555178268256,0.1677854773032697,50,hpo-resnet-race-gender-ADD,loss,total,MA,final_budget_only,False
loss[CrossEntropy],-0.019712662880053345,0.11365978578963887,114,hpo-resnet-race-gender-REBUTTAL,loss,total,MA,final_budget_only,False
head[CosFace],0.6280939476061428,0.11735220257698678,73,hpo-baseline-celeba-eyeglasses-male,head,total,PR,final_budget_only,False
head[CosFace],0.3725108225108224,0.10953219344055341,68,hpo-baseline-celeba-grey-hair-male,head,total,PR,final_budget_only,False
head[CosFace],0.4229629629629632,0.1353849924266486,48,hpo-baseline-celeba-male-eyeglasses,head,total,PR,final_budget_only,False
head[CosFace],0.3753746253746264,0.14013278152886288,49,hpo-baseline-celeba-male-gray-hair,head,total,PR,final_budget_only,False
head[CosFace],0.7238095238095237,0.09816120317159868,65,hpo-resnet-gender-age-ADD,head,total,PR,final_budget_only,False
head[CosFace],0.7976783207204724,0.053483943722513874,136,hpo-resnet-gender-age-REBUTTAL,head,total,PR,final_budget_only,False
head[CosFace],0.6152777777777776,0.11932461023364052,58,hpo-resnet-gender-race-ADD,head,total,PR,final_budget_only,False
head[CosFace],0.6573386930529787,0.08805457545278698,136,hpo-resnet-gender-race-REBUTTAL,head,total,PR,final_budget_only,False
head[CosFace],0.8967334035827189,0.19607472322496908,44,hpo-resnet-race-age-ADD,head,total,PR,final_budget_only,False
head[CosFace],0.4208523592085234,0.0700748728039841,134,hpo-resnet-race-age-REBUTTAL,head,total,PR,final_budget_only,False
head[CosFace],0.8158914728682187,0.20101118312182434,50,hpo-resnet-race-gender-ADD,head,total,PR,final_budget_only,False
head[CosFace],0.7059459459459453,0.09868090822833182,114,hpo-resnet-race-gender-REBUTTAL,head,total,PR,final_budget_only,False
head[Baseline],0.17268661850705183,0.10876204045958254,73,hpo-baseline-celeba-eyeglasses-male,head,total,PR,final_budget_only,False
head[Baseline],-0.15998838559814163,0.12225600386689063,68,hpo-baseline-celeba-grey-hair-male,head,total,PR,final_budget_only,False
head[Baseline],-0.2115009746588691,0.14015834526946638,48,hpo-baseline-celeba-male-eyeglasses,head,total,PR,final_budget_only,False
head[Baseline],-0.1388248847926262,0.15526481196347128,49,hpo-baseline-celeba-male-gray-hair,head,total,PR,final_budget_only,False
head[Baseline],0.2310850439882696,0.0960971452944335,65,hpo-resnet-gender-age-ADD,head,total,PR,final_budget_only,False
head[Baseline],0.27587912087912053,0.11663238222460903,58,hpo-resnet-gender-race-ADD,head,total,PR,final_budget_only,False
head[Baseline],0.5499092558983673,0.241700478216921,44,hpo-resnet-race-age-ADD,head,total,PR,final_budget_only,False
head[Baseline],0.49641577060931985,0.2652125886934591,50,hpo-resnet-race-gender-ADD,head,total,PR,final_budget_only,False
head[Linear],0.6710755352264772,0.051556112368942975,136,hpo-resnet-gender-age-REBUTTAL,head,total,PR,final_budget_only,False
head[Linear],0.7231143144485407,0.10201618803456965,136,hpo-resnet-gender-race-REBUTTAL,head,total,PR,final_budget_only,False
head[Linear],0.922859270290393,0.07732925151467093,134,hpo-resnet-race-age-REBUTTAL,head,total,PR,final_budget_only,False
head[Linear],0.6872065727699522,0.11518057506073884,114,hpo-resnet-race-gender-REBUTTAL,head,total,PR,final_budget_only,False
head[CosFace],0.14704498798483331,0.1294788469339034,73,hpo-baseline-celeba-eyeglasses-male,head,direct_net_of_MA,PR,final_budget_only,False
head[CosFace],0.38209412000442816,0.1104121162247736,68,hpo-baseline-celeba-grey-hair-male,head,direct_net_of_MA,PR,final_budget_only,False
head[CosFace],0.3544235479902311,0.14020607130019325,48,hpo-baseline-celeba-male-eyeglasses,head,direct_net_of_MA,PR,final_budget_only,False
head[CosFace],0.30559149588275847,0.13504699252380487,49,hpo-baseline-celeba-male-gray-hair,head,direct_net_of_MA,PR,final_budget_only,False
head[CosFace],0.3427140432990806,0.08209360203640137,65,hpo-resnet-gender-age-ADD,head,direct_net_of_MA,PR,final_budget_only,False
head[CosFace],0.6225751680282743,0.05111928881643659,136,hpo-resnet-gender-age-REBUTTAL,head,direct_net_of_MA,PR,final_budget_only,False
head[CosFace],0.41033967908005364,0.10378748633250275,58,hpo-resnet-gender-race-ADD,head,direct_net_of_MA,PR,final_budget_only,False
head[CosFace],0.816058166998092,0.08641625930194345,136,hpo-resnet-gender-race-REBUTTAL,head,direct_net_of_MA,PR,final_budget_only,False
head[CosFace],0.7462135999528151,0.17505187465792696,44,hpo-resnet-race-age-ADD,head,direct_net_of_MA,PR,final_budget_only,False
head[CosFace],0.3977055015150388,0.07328166715523768,134,hpo-resnet-race-age-REBUTTAL,head,direct_net_of_MA,PR,final_budget_only,False
head[CosFace],0.6089707367488607,0.1476965935276682,50,hpo-resnet-race-gender-ADD,head,direct_net_of_MA,PR,final_budget_only,False
head[CosFace],0.6098549677240175,0.09598727372296016,114,hpo-resnet-race-gender-REBUTTAL,head,direct_net_of_MA,PR,final_budget_only,False
head[Baseline],0.14688579784101546,0.09064404359655524,73,hpo-baseline-celeba-eyeglasses-male,head,direct_net_of_MA,PR,final_budget_only,False
head[Baseline],-0.11713624233405315,0.1330839331868059,68,hpo-baseline-celeba-grey-hair-male,head,direct_net_of_MA,PR,final_budget_only,False
head[Baseline],-0.37310789230002206,0.1721142758192662,48,hpo-baseline-celeba-male-eyeglasses,head,direct_net_of_MA,PR,final_budget_only,False
head[Baseline],-0.2502527851102859,0.1528480558104656,49,hpo-baseline-celeba-male-gray-hair,head,direct_net_of_MA,PR,final_budget_only,False
head[Baseline],-0.049969870843774036,0.07469244086375851,65,hpo-resnet-gender-age-ADD,head,direct_net_of_MA,PR,final_budget_only,False
head[Baseline],0.11699590497946936,0.0989444917614302,58,hpo-resnet-gender-race-ADD,head,direct_net_of_MA,PR,final_budget_only,False
head[Baseline],0.2507444290118133,0.22456023381541426,44,hpo-resnet-race-age-ADD,head,direct_net_of_MA,PR,final_budget_only,False
head[Baseline],0.0804683257242285,0.20040323681520233,50,hpo-resnet-race-gender-ADD,head,direct_net_of_MA,PR,final_budget_only,False
head[Linear],0.3814128532071269,0.05877355033493238,136,hpo-resnet-gender-age-REBUTTAL,head,direct_net_of_MA,PR,final_budget_only,False
head[Linear],1.0731811004884226,0.11571550357616288,136,hpo-resnet-gender-race-REBUTTAL,head,direct_net_of_MA,PR,final_budget_only,False
head[Linear],0.8288911937683597,0.11680196878679493,134,hpo-resnet-race-age-REBUTTAL,head,direct_net_of_MA,PR,final_budget_only,False
head[Linear],0.35271442176925794,0.1377622714514551,114,hpo-resnet-race-gender-REBUTTAL,head,direct_net_of_MA,PR,final_budget_only,False
head[CosFace],0.7157723577235773,0.09832310357966512,73,hpo-baseline-celeba-eyeglasses-male,head,total,MA,final_budget_only,False
head[CosFace],0.11038961038961032,0.129582618255662,68,hpo-baseline-celeba-grey-hair-male,head,total,MA,final_budget_only,False
head[CosFace],0.29555555555555574,0.13444869564410955,48,hpo-baseline-celeba-male-eyeglasses,head,total,MA,final_budget_only,False
head[CosFace],0.22727272727272765,0.16337137762220008,49,hpo-baseline-celeba-male-gray-hair,head,total,MA,final_budget_only,False
head[CosFace],0.6217296113847838,0.11643518389727045,65,hpo-resnet-gender-age-ADD,head,total,MA,final_budget_only,False
head[CosFace],0.4319967126665061,0.07109795041717851,136,hpo-resnet-gender-age-REBUTTAL,head,total,MA,final_budget_only,False
head[CosFace],0.3980158730158729,0.13803111745516922,58,hpo-resnet-gender-race-ADD,head,total,MA,final_budget_only,False
head[CosFace],0.38155019583590977,0.08635948173176088,136,hpo-resnet-gender-race-REBUTTAL,head,total,MA,final_budget_only,False
head[CosFace],0.3740779768177033,0.24976728968250617,44,hpo-resnet-race-age-ADD,head,total,MA,final_budget_only,False
head[CosFace],0.22640791476407918,0.06421912765005189,134,hpo-resnet-race-age-REBUTTAL,head,total,MA,final_budget_only,False
head[CosFace],0.36240310077519544,0.24760060635827355,50,hpo-resnet-race-gender-ADD,head,total,MA,final_budget_only,False
head[CosFace],0.24108108108108103,0.08689224847317917,114,hpo-resnet-race-gender-REBUTTAL,head,total,MA,final_budget_only,False
head[Baseline],0.038390092879256876,0.09112586840990713,73,hpo-baseline-celeba-eyeglasses-male,head,total,MA,final_budget_only,False
head[Baseline],0.4936120789779329,0.14463558686190392,68,hpo-baseline-celeba-grey-hair-male,head,total,MA,final_budget_only,False
head[Baseline],0.696881091617934,0.13918903688919745,48,hpo-baseline-celeba-male-eyeglasses,head,total,MA,final_budget_only,False
head[Baseline],0.36290322580645185,0.181012793366266,49,hpo-baseline-celeba-male-gray-hair,head,total,MA,final_budget_only,False
head[Baseline],0.4585206907787553,0.11398687488375712,65,hpo-resnet-gender-age-ADD,head,total,MA,final_budget_only,False
head[Baseline],0.30857142857142816,0.13491682913021183,58,hpo-resnet-gender-race-ADD,head,total,MA,final_budget_only,False
head[Baseline],0.7434966727162743,0.3078870767546152,44,hpo-resnet-race-age-ADD,head,total,MA,final_budget_only,False
head[Baseline],0.7284946236559159,0.3266823106779587,50,hpo-resnet-race-gender-ADD,head,total,MA,final_budget_only,False
head[Linear],0.7146263473307488,0.06853522133534437,136,hpo-resnet-gender-age-REBUTTAL,head,total,MA,final_budget_only,False
head[Linear],0.8415353670801197,0.10005232643065859,136,hpo-resnet-gender-race-REBUTTAL,head,total,MA,final_budget_only,False
head[Linear],0.9191362620997753,0.07086730057997734,134,hpo-resnet-race-age-REBUTTAL,head,total,MA,final_budget_only,False
head[Linear],0.8392018779342718,0.10142082523504727,114,hpo-resnet-race-gender-REBUTTAL,head,total,MA,final_budget_only,False
